player_x,stone_x,stone_y,horizontal_distance,stone_speed,action
0.67674,0.68198,0.86846,0.00525,0.71712,left
0.68706,0.08534,0.0674,-0.60172,0.44791,stay
0.10819,0.08902,0.34422,-0.01917,0.84776,right
0.5806,0.8009,0.50937,0.2203,0.51679,stay
0.42844,0.27976,0.98158,-0.14868,0.78802,right
0.20366,0.43408,0.88084,0.23042,0.99622,stay
0.28732,0.4989,0.42342,0.21157,0.68085,left
0.27266,0.29712,0.62648,0.02447,0.50483,left
0.62789,0.55819,0.85614,-0.06971,0.89082,right
0.65568,0.16083,0.30283,-0.49485,0.57403,stay
0.83514,0.06375,0.06842,-0.7714,0.78976,stay
0.62437,0.94843,0.47357,0.32406,0.49584,stay
0.89056,0.89874,0.79484,0.00818,0.64269,left
0.25931,0.78051,0.50795,0.5212,0.66207,stay
0.11431,0.46668,0.88706,0.35237,0.44102,stay
0.15867,0.16276,0.41515,0.00409,0.82689,left
0.48536,0.12666,0.09341,-0.3587,0.63851,stay
0.31403,0.38235,0.14557,0.06832,0.73276,left
0.54964,0.06928,0.81264,-0.48035,0.97784,stay
0.3563,0.8575,0.70118,0.5012,0.58747,stay
0.4668,0.86209,0.09329,0.3953,0.83952,stay
0.84375,0.42747,0.57054,-0.41628,0.92233,stay
0.25208,0.58772,0.5005,0.33565,0.50313,stay
0.81004,0.5,0.0,-0.31004,0.0,stay
0.63653,0.7383,0.20746,0.10177,0.80539,left
0.80367,0.38327,0.51897,-0.4204,0.95739,stay
0.63063,0.6193,0.62407,-0.01134,0.46362,right
0.79177,0.49094,0.26733,-0.30083,0.59611,stay
0.48042,0.25865,0.05007,-0.22176,0.49499,stay
0.40489,0.15426,0.08255,-0.25063,0.75572,stay
0.29657,0.5,0.0,0.20343,0.0,stay
0.89514,0.65493,0.9984,-0.24021,0.82667,stay
0.92746,0.16152,0.52058,-0.76594,0.778,stay
0.65697,0.725,0.05302,0.06803,0.54689,left
0.9094,0.67004,0.06785,-0.23936,0.56133,stay
0.73321,0.5,0.0,-0.23321,0.0,stay
0.10221,0.45493,0.20938,0.35272,0.87092,stay
0.54339,0.20726,0.88216,-0.33613,0.67915,stay
0.86259,0.96019,0.93411,0.0976,0.92477,left
0.65102,0.81063,0.37455,0.15961,0.67121,left
0.39779,0.47629,0.32884,0.0785,0.9783,left
0.58312,0.3177,0.76816,-0.26542,0.7405,stay
0.44663,0.82521,0.77198,0.37859,0.71918,stay
0.67988,0.29436,0.84799,-0.38552,0.57215,stay
0.30434,0.32528,0.60242,0.02094,0.93754,left
0.62137,0.12132,0.22482,-0.50005,0.83413,stay
0.05888,0.38453,0.96877,0.32565,0.64582,stay
0.69975,0.63108,0.31292,-0.06866,0.7134,right
0.39863,0.74682,0.13033,0.34819,0.91242,stay
0.3407,0.82368,0.40688,0.48298,0.49938,stay
0.07224,0.51586,0.77049,0.44362,0.72316,stay
0.28225,0.37164,0.18335,0.08939,0.95284,left
0.33704,0.32305,0.53958,-0.01399,0.99129,right
0.4197,0.40253,0.48636,-0.01717,0.45738,right
0.47629,0.29217,0.55728,-0.18412,0.67069,right
0.23956,0.93145,0.32846,0.69189,0.95099,stay
0.81991,0.12339,0.68568,-0.69651,0.74035,stay
0.09228,0.38869,0.41657,0.29641,0.87922,stay
0.60359,0.37933,0.65022,-0.22426,0.51067,stay
0.71752,0.93279,0.07808,0.21527,0.7912,left
0.45981,0.33247,0.18865,-0.12734,0.82757,right
0.23872,0.68159,0.35048,0.44287,0.8786,stay
0.41265,0.0356,0.80748,-0.37705,0.9287,stay
0.33648,0.5,0.0,0.16352,0.0,stay
0.34781,0.29147,0.50693,-0.05634,0.74378,right
0.66938,0.48182,0.23451,-0.18756,0.43727,right
0.62757,0.3718,0.51702,-0.25577,0.97455,stay
0.32925,0.34914,0.33307,0.0199,0.52584,left
0.53297,0.93272,0.51249,0.39976,0.57561,stay
0.72602,0.5031,0.01087,-0.22292,0.90463,stay
0.51744,0.26617,0.46288,-0.25128,0.96364,stay
0.8443,0.53547,0.66666,-0.30883,0.46804,stay
0.89175,0.88077,0.86763,-0.01098,0.56219,right
0.64565,0.16435,0.41695,-0.48131,0.92726,stay
0.81771,0.5,0.0,-0.31771,0.0,stay
0.40154,0.70806,0.78555,0.30652,0.70271,stay
0.4633,0.34181,0.08752,-0.12149,0.46093,right
0.70151,0.28857,0.14996,-0.41293,0.6453,stay
0.71607,0.223,0.18424,-0.49308,0.99423,stay
0.50293,0.33486,0.45902,-0.16807,0.53321,right
0.06112,0.84623,0.52482,0.78511,0.85387,stay
0.31133,0.31196,0.15751,0.00063,0.83445,left
0.55193,0.51516,0.63065,-0.03677,0.4581,right
0.1314,0.96509,0.18187,0.83368,0.64946,stay
0.17935,0.82715,0.20172,0.6478,0.73169,stay
0.82577,0.5,0.0,-0.32577,0.0,stay
0.4873,0.54559,0.54879,0.0583,0.48547,left
0.9484,0.14854,0.72277,-0.79986,0.59101,stay
0.80284,0.16332,0.91217,-0.63951,0.44368,stay
0.20943,0.62582,0.40612,0.41638,0.78396,stay
0.80728,0.51974,0.30494,-0.28755,0.74519,stay
0.41295,0.24533,0.67575,-0.16762,0.62376,right
0.35587,0.80384,0.61057,0.44798,0.85846,stay
0.08245,0.62152,0.22554,0.53907,0.5161,stay
0.93679,0.78837,0.23945,-0.14842,0.5673,right
0.68297,0.83645,0.74729,0.15347,0.44392,left
0.1466,0.42188,0.42483,0.27528,0.44594,stay
0.36282,0.4042,0.12806,0.04138,0.93284,right
0.68645,0.03859,0.50573,-0.64786,0.64272,stay
0.05985,0.23337,0.0438,0.17352,0.49741,left
0.84777,0.75514,0.02936,-0.09263,0.89005,right
0.80922,0.66802,0.91808,-0.14121,0.82899,right
0.85557,0.70812,0.59271,-0.14745,0.6158,right
0.36272,0.59885,0.36911,0.23613,0.47745,stay
0.51957,0.26923,0.12159,-0.25034,0.77548,stay
0.50561,0.93249,0.95494,0.42688,0.65903,stay
0.38508,0.83307,0.27963,0.44799,0.53254,stay
0.71697,0.41927,0.26801,-0.2977,0.68784,stay
0.23016,0.15758,0.07405,-0.07258,0.52841,right
0.50292,0.68844,0.47676,0.18553,0.60403,left
0.93125,0.3727,0.76071,-0.55855,0.48128,stay
0.83211,0.03404,0.87497,-0.79806,0.54536,stay
0.26825,0.65216,0.55015,0.38391,0.7863,stay
0.53547,0.9432,0.53085,0.40773,0.95069,stay
0.49071,0.35187,0.517,-0.13884,0.78988,right
0.05855,0.51275,0.15549,0.4542,0.50203,stay
0.06057,0.46675,0.80444,0.40618,0.43588,stay
0.65154,0.79362,0.64575,0.14208,0.52825,left
0.71984,0.11294,0.58814,-0.6069,0.95231,stay
0.65993,0.28294,0.40951,-0.37699,0.44143,stay
0.66226,0.13768,0.88479,-0.52458,0.858,stay
0.15832,0.58137,0.91218,0.42305,0.80298,stay
0.80822,0.64754,0.13116,-0.16068,0.59723,right
0.49336,0.12136,0.88726,-0.372,0.50733,stay
0.30944,0.70881,0.08225,0.39936,0.71142,stay
0.72737,0.54109,0.87244,-0.18628,0.90129,right
0.28628,0.73812,0.21654,0.45184,0.44559,stay
0.134,0.5,0.0,0.366,0.0,stay
0.24866,0.5,0.0,0.25134,0.0,stay
0.76411,0.20439,0.01399,-0.55971,0.90446,stay
0.82678,0.5122,0.95997,-0.31457,0.7323,stay
0.94585,0.46678,0.58518,-0.47907,0.49578,stay
0.33386,0.15918,0.06108,-0.17468,0.52474,right
0.19792,0.95487,0.24391,0.75695,0.52944,stay
0.60277,0.65943,0.89086,0.05666,0.94232,left
0.28874,0.29463,0.23755,0.00589,0.45829,right
0.46285,0.65533,0.88282,0.19248,0.52508,left
0.83005,0.91663,0.24258,0.08658,0.474,left
0.39278,0.07988,0.0566,-0.3129,0.58218,stay
0.29744,0.86042,0.33354,0.56297,0.71697,stay
0.16193,0.5,0.0,0.33807,0.0,stay
0.1301,0.13381,0.57415,0.0037,0.71164,left
0.89442,0.421,0.36907,-0.47342,0.83381,stay
0.21891,0.6824,0.53773,0.4635,0.61869,stay
0.29031,0.43077,0.29192,0.14046,0.66485,left
0.29723,0.94354,0.68899,0.64631,0.56914,stay
0.62768,0.39428,0.37102,-0.2334,0.64742,stay
0.74716,0.09675,0.06363,-0.65041,0.66582,stay
0.80068,0.33091,0.5768,-0.46977,0.71153,stay
0.29171,0.34098,0.45353,0.04927,0.76449,left
0.64582,0.5942,0.19967,-0.05162,0.44467,left
0.23844,0.75456,0.54728,0.51612,0.61347,stay
0.75375,0.35265,0.3942,-0.4011,0.73425,stay
0.08312,0.08522,0.87514,0.00211,0.51418,left
0.12082,0.81439,0.84834,0.69357,0.73153,stay
0.87884,0.96758,0.74677,0.08874,0.67736,left
0.72013,0.27418,0.36031,-0.44595,0.74777,stay
0.57448,0.93771,0.96911,0.36323,0.78967,stay
0.21908,0.5,0.0,0.28092,0.0,stay
0.29664,0.22051,0.26427,-0.07614,0.80395,right
0.53652,0.07768,0.02899,-0.45884,0.94488,stay
0.82507,0.09391,0.51338,-0.73115,0.9928,stay
0.66087,0.64998,0.01483,-0.01089,0.62098,right
0.33839,0.19612,0.72253,-0.14227,0.5892,right
0.69135,0.88997,0.72471,0.19862,0.51404,left
0.87219,0.1407,0.77496,-0.73149,0.8313,stay
0.61822,0.8567,0.76674,0.23848,0.66158,stay
0.50466,0.5,0.0,-0.00466,0.0,stay
0.24472,0.4171,0.33074,0.17238,0.48056,left
0.89663,0.67384,0.90011,-0.22279,0.82802,stay
0.52221,0.63331,0.39599,0.1111,0.51834,left
0.66591,0.73587,0.57156,0.06996,0.76942,left
0.13962,0.23331,0.28666,0.09369,0.45799,left
0.74644,0.15255,0.13487,-0.59389,0.7488,stay
0.40373,0.93423,0.62533,0.5305,0.90516,stay
0.08913,0.1901,0.28401,0.10097,0.87984,left
0.07308,0.04085,0.77003,-0.03223,0.51724,right
0.82717,0.8934,0.20331,0.06624,0.61163,left
0.91672,0.36032,0.41564,-0.5564,0.94078,stay
0.94909,0.4192,0.33379,-0.52989,0.74944,stay
0.60078,0.28085,0.56704,-0.31993,0.56162,stay
0.58,0.49198,0.93385,-0.08802,0.62378,right
0.66273,0.40762,0.39579,-0.25511,0.93101,stay
0.66803,0.61612,0.56737,-0.05191,0.88416,right
0.49146,0.81763,0.13971,0.32617,0.88032,stay
0.54792,0.58957,0.30699,0.04165,0.81744,right
0.86011,0.46696,0.08582,-0.39315,0.84711,stay
0.84272,0.79318,0.29863,-0.04954,0.45564,left
0.52859,0.78068,0.8463,0.25209,0.48001,stay
0.92716,0.5,0.0,-0.42716,0.0,stay
0.10312,0.26179,0.63307,0.15867,0.61651,left
0.80199,0.92803,0.00786,0.12604,0.76317,left
0.8349,0.10344,0.29395,-0.73147,0.89802,stay
0.57748,0.34451,0.41502,-0.23297,0.74335,stay
0.11691,0.90005,0.89931,0.78314,0.7512,stay
0.13394,0.73835,0.23638,0.60442,0.66166,stay
0.27265,0.52765,0.33357,0.255,0.65424,stay
0.33284,0.6709,0.73787,0.33806,0.66455,stay
0.61867,0.49295,0.17991,-0.12572,0.77736,right
0.63833,0.5,0.0,-0.13833,0.0,stay
0.89529,0.58618,0.20541,-0.30911,0.73982,stay
0.22918,0.21825,0.84403,-0.01093,0.66044,right
0.215,0.3808,0.99186,0.1658,0.90993,left
0.83779,0.64579,0.89383,-0.192,0.98773,right
0.75294,0.965,0.2464,0.21206,0.95939,left
0.56462,0.24955,0.77554,-0.31507,0.45488,stay
0.67483,0.0759,0.57334,-0.59893,0.55267,stay
0.86112,0.5,0.0,-0.36112,0.0,stay
0.58982,0.37545,0.29844,-0.21437,0.77451,right
0.84245,0.6096,0.17426,-0.23285,0.7409,stay
0.80244,0.30892,0.41228,-0.49352,0.79514,stay
0.38097,0.30912,0.69401,-0.07185,0.7261,right
0.42298,0.5,0.0,0.07702,0.0,stay
0.25482,0.70994,0.20988,0.45512,0.56322,stay
0.15343,0.5,0.0,0.34657,0.0,stay
0.35565,0.91133,0.78293,0.55567,0.68882,stay
0.94582,0.68499,0.19263,-0.26083,0.64212,stay
0.64574,0.85381,0.61803,0.20807,0.77043,left
0.15411,0.65288,0.2409,0.49877,0.55064,stay
0.29334,0.5,0.0,0.20666,0.0,stay
0.7289,0.88957,0.69563,0.16068,0.83115,left
0.16803,0.57134,0.22857,0.40331,0.48693,stay
0.87258,0.88753,0.65363,0.01495,0.73257,left
0.31749,0.54922,0.29755,0.23174,0.94034,stay
0.33256,0.5,0.0,0.16744,0.0,stay
0.92977,0.66099,0.13224,-0.26879,0.93857,stay
0.29729,0.5,0.0,0.20271,0.0,stay
0.46434,0.34877,0.57678,-0.11557,0.73234,right
0.92402,0.24519,0.59283,-0.67883,0.5651,stay
0.93222,0.25911,0.55127,-0.67311,0.64864,stay
0.78691,0.8572,0.80885,0.07029,0.69983,left
0.28929,0.90041,0.42545,0.61112,0.86351,stay
0.73804,0.78851,0.82976,0.05047,0.54394,left
0.67433,0.96734,0.16675,0.29302,0.52049,stay
0.25871,0.75582,0.72563,0.49711,0.67355,stay
0.26208,0.14046,0.5302,-0.12162,0.48454,right
0.73267,0.92297,0.95442,0.19029,0.50847,left
0.87744,0.32622,0.91992,-0.55122,0.58279,stay
0.75959,0.58352,0.01578,-0.17607,0.58126,right
0.29203,0.2823,0.14593,-0.00972,0.52531,right
0.79235,0.4836,0.14612,-0.30875,0.58547,stay
0.15833,0.71941,0.73549,0.56109,0.54112,stay
0.93877,0.51073,0.14737,-0.42804,0.68914,stay
0.34598,0.46745,0.79524,0.12147,0.94228,left
0.67109,0.5,0.0,-0.17109,0.0,stay
0.3664,0.5,0.0,0.1336,0.0,stay
0.05843,0.72856,0.75842,0.67013,0.81792,stay
0.60301,0.66984,0.8831,0.06683,0.43111,left
0.6623,0.86636,0.34345,0.20405,0.95343,left
0.56065,0.192,0.98363,-0.36865,0.81796,stay
0.6178,0.34457,0.32969,-0.27323,0.74804,stay
0.17585,0.05588,0.96088,-0.11997,0.85132,right
0.20876,0.78821,0.5453,0.57945,0.57266,stay
0.58777,0.82228,0.67252,0.23451,0.59288,stay
0.214,0.91016,0.51298,0.69616,0.71844,stay
0.24632,0.73348,0.73532,0.48716,0.43521,stay
0.29683,0.35237,0.42194,0.05553,0.94436,right
0.14353,0.89126,0.66173,0.74773,0.96174,stay
0.09316,0.05629,0.96677,-0.03688,0.64939,right
0.80449,0.88635,0.47154,0.08187,0.53358,left
0.523,0.5,0.0,-0.023,0.0,stay
0.74693,0.77133,0.59598,0.02439,0.58805,left
0.49955,0.40738,0.89363,-0.09218,0.48927,right
0.92719,0.76475,0.60966,-0.16244,0.91928,right
0.84887,0.05952,0.39847,-0.78935,0.97787,stay
0.89008,0.5752,0.24316,-0.31488,0.78928,stay
0.59809,0.68096,0.24824,0.08287,0.65679,left
0.47254,0.94105,0.33856,0.46851,0.82484,stay
0.39059,0.92189,0.12349,0.5313,0.65558,stay
0.65066,0.5,0.0,-0.15066,0.0,stay
0.56102,0.96079,0.62715,0.39977,0.46913,stay
0.68302,0.80151,0.35924,0.11849,0.92091,left
0.39069,0.5,0.0,0.10931,0.0,stay
0.81646,0.35688,0.28707,-0.45958,0.83456,stay
0.85692,0.90548,0.06533,0.04856,0.724,right
0.29585,0.73965,0.11382,0.4438,0.67505,stay
0.83136,0.5,0.0,-0.33136,0.0,stay
0.09698,0.82893,0.40168,0.73195,0.78186,stay
0.62409,0.53627,0.18266,-0.08782,0.87391,right
0.15478,0.21015,0.26098,0.05536,0.60282,left
0.27004,0.5,0.0,0.22996,0.0,stay
0.44471,0.819,0.16183,0.37428,0.63163,stay
0.65381,0.82778,0.78382,0.17397,0.89057,left
0.25098,0.75582,0.73323,0.50484,0.59587,stay
0.88456,0.94062,0.91925,0.05606,0.74212,left
0.26835,0.32721,0.42072,0.05886,0.61691,right
0.94697,0.80427,0.98113,-0.1427,0.43502,right
0.38441,0.22241,0.13041,-0.162,0.97698,right
0.06054,0.48193,0.85768,0.42139,0.53702,stay
0.5884,0.67992,0.50736,0.09152,0.59636,left
0.19354,0.08033,0.21531,-0.11321,0.53875,right
0.56434,0.95379,0.14745,0.38945,0.97108,stay
0.88452,0.28421,0.79062,-0.60031,0.79618,stay
0.46068,0.12071,0.85621,-0.33997,0.86506,stay
0.37217,0.86182,0.81712,0.48965,0.51492,stay
0.92312,0.8337,0.08647,-0.08942,0.91848,right
0.33834,0.73045,0.09995,0.39211,0.53004,stay
0.2794,0.92638,0.68682,0.64698,0.70033,stay
0.40697,0.25497,0.32162,-0.152,0.59134,right
0.58475,0.06707,0.59063,-0.51769,0.87037,stay
0.08295,0.72436,0.24863,0.64141,0.47791,stay
0.15666,0.48764,0.50109,0.33097,0.63913,stay
0.65159,0.12061,0.4928,-0.53097,0.90372,stay
0.22625,0.36933,0.19489,0.14308,0.76413,left
0.83948,0.91664,0.30778,0.07716,0.81811,left
0.68911,0.66379,0.89387,-0.02532,0.73432,right
0.38941,0.5,0.0,0.11059,0.0,stay
0.33962,0.42128,0.72029,0.08166,0.58462,left
0.68278,0.25108,0.00287,-0.4317,0.99653,stay
0.46295,0.26858,0.27966,-0.19438,0.75922,right
0.40848,0.13777,0.80904,-0.27071,0.67475,stay
0.29773,0.19174,0.15695,-0.10599,0.85036,right
0.40505,0.03932,0.96485,-0.36573,0.49741,stay
0.65643,0.50009,0.10151,-0.15634,0.94125,right
0.41946,0.06952,0.59141,-0.34994,0.61001,stay
0.57438,0.75144,0.62321,0.17706,0.72116,left
0.86239,0.70791,0.04369,-0.15448,0.63765,right
0.71678,0.06148,0.24866,-0.6553,0.60672,stay
0.68374,0.44847,0.38907,-0.23527,0.82144,stay
0.54242,0.94081,0.78145,0.39839,0.47969,stay
0.19466,0.6061,0.39777,0.41144,0.58353,stay
0.42233,0.82692,0.10459,0.40459,0.55909,stay
0.33866,0.4626,0.34689,0.12394,0.92694,left
0.51024,0.08329,0.82325,-0.42696,0.94964,stay
0.53375,0.6184,0.96458,0.08465,0.95885,left
0.10793,0.5,0.0,0.39207,0.0,stay
0.63279,0.08381,0.63085,-0.54898,0.98213,stay
0.55561,0.79022,0.09825,0.2346,0.90345,stay
0.41115,0.96202,0.21553,0.55087,0.93035,stay
0.89193,0.2883,0.68886,-0.60363,0.53586,stay
0.3438,0.20363,0.39452,-0.14018,0.64462,right
0.77558,0.09775,0.86176,-0.67783,0.45411,stay
0.51283,0.55434,0.76699,0.04151,0.65925,left
0.90128,0.71519,0.28272,-0.18609,0.68526,right
0.63752,0.38285,0.69179,-0.25467,0.88334,stay
0.72283,0.57046,0.53648,-0.15238,0.92581,right
0.20366,0.5,0.0,0.29634,0.0,stay
0.7974,0.70541,0.45256,-0.09199,0.79815,right
0.17595,0.21194,0.93465,0.03599,0.99129,left
0.91307,0.5,0.0,-0.41307,0.0,stay
0.42475,0.82442,0.47005,0.39967,0.85199,stay
0.57971,0.40004,0.16032,-0.17967,0.96567,right
0.51858,0.45451,0.82701,-0.06407,0.45418,right
0.78107,0.43151,0.69008,-0.34955,0.48603,stay
0.46327,0.67265,0.44365,0.20938,0.56787,left
0.34537,0.21093,0.10269,-0.13444,0.76925,right
0.3849,0.9545,0.76731,0.5696,0.51415,stay
0.22845,0.22643,0.23448,-0.00202,0.52699,right
0.1041,0.54276,0.15968,0.43867,0.43167,stay
0.20717,0.51748,0.15138,0.31031,0.89137,stay
0.86375,0.86945,0.92019,0.00571,0.77031,left
0.1313,0.53843,0.14958,0.40713,0.874,stay
0.53531,0.70995,0.88238,0.17464,0.75844,left
0.15559,0.84028,0.69522,0.68469,0.43303,stay
0.74873,0.24513,0.45373,-0.5036,0.51087,stay
0.46557,0.03257,0.04412,-0.433,0.46386,stay
0.9282,0.16644,0.93303,-0.76176,0.95275,stay
0.85316,0.23054,0.88165,-0.62263,0.88068,stay
0.47373,0.60109,0.45448,0.12737,0.52905,left
0.80874,0.5,0.0,-0.30874,0.0,stay
0.30919,0.59053,0.73388,0.28134,0.48372,stay
0.13525,0.12579,0.79381,-0.00946,0.49923,right
0.38656,0.831,0.49145,0.44444,0.50838,stay
0.45731,0.5501,0.93955,0.09279,0.98079,left
0.56544,0.2515,0.29885,-0.31394,0.65504,stay
0.37136,0.77246,0.11569,0.4011,0.6465,stay
0.55457,0.84908,0.02758,0.29451,0.8029,stay
0.7476,0.80389,0.36686,0.05628,0.89889,left
0.46876,0.5698,0.0532,0.10105,0.78272,left
0.60953,0.5,0.0,-0.10953,0.0,stay
0.9482,0.03388,0.76685,-0.91433,0.53292,stay
0.70667,0.65257,0.54228,-0.0541,0.98576,right
0.21914,0.95701,0.95755,0.73787,0.89319,stay
0.21532,0.73124,0.55929,0.51591,0.90978,stay
0.63932,0.88716,0.563,0.24783,0.83026,stay
0.53722,0.7821,0.86259,0.24488,0.60613,stay
0.74333,0.25367,0.44019,-0.48966,0.79342,stay
0.86965,0.83068,0.81529,-0.03897,0.57318,right
0.63914,0.2032,0.50672,-0.43594,0.68098,stay
0.79972,0.11383,0.07385,-0.68589,0.99927,stay
0.4776,0.61237,0.45034,0.13477,0.87704,left
0.54238,0.40544,0.29675,-0.13694,0.67822,right
0.43422,0.5641,0.99043,0.12988,0.55005,left
0.08612,0.90325,0.2343,0.81713,0.96281,stay
0.1296,0.41489,0.91441,0.28529,0.66627,stay
0.22999,0.04508,0.02794,-0.18491,0.4383,right
0.24876,0.92992,0.47818,0.68115,0.68934,stay
0.36006,0.5,0.0,0.13994,0.0,stay
0.79709,0.65513,0.44641,-0.14197,0.47085,right
0.7996,0.39611,0.7698,-0.40349,0.96926,stay
0.12437,0.48987,0.66879,0.36549,0.72056,stay
0.18562,0.49396,0.34191,0.30835,0.6076,stay
0.30825,0.74728,0.25474,0.43904,0.80394,stay
0.78053,0.31914,0.30724,-0.46138,0.66899,stay
0.41381,0.38444,0.49047,-0.02937,0.71001,right
0.29266,0.33071,0.96092,0.03805,0.49377,left
0.11421,0.5,0.0,0.38579,0.0,stay
0.45523,0.63438,0.64893,0.17916,0.46295,left
0.48164,0.5,0.0,0.01836,0.0,stay
0.13453,0.67742,0.00013,0.54289,0.67127,stay
0.8213,0.96564,0.80594,0.14434,0.48917,left
0.33292,0.9299,0.46057,0.59698,0.69044,stay
0.45708,0.92523,0.46352,0.46815,0.62255,stay
0.51805,0.56758,0.8568,0.04953,0.71764,left
0.76254,0.31703,0.12131,-0.44551,0.75455,stay
0.7854,0.95887,0.42231,0.17347,0.50534,left
0.54543,0.5,0.0,-0.04543,0.0,stay
0.65248,0.82401,0.90974,0.17153,0.77079,left
0.51591,0.52368,0.50823,0.00777,0.95898,left
0.48011,0.66244,0.10081,0.18233,0.4648,left
0.59132,0.16712,0.66535,-0.4242,0.88674,stay
0.64845,0.96387,0.10984,0.31542,0.79596,stay
0.52937,0.83166,0.98476,0.30229,0.6052,stay
0.59795,0.5,0.0,-0.09795,0.0,stay
0.49681,0.11483,0.59982,-0.38197,0.87072,stay
0.30632,0.5,0.0,0.19368,0.0,stay
0.25357,0.66918,0.00929,0.41561,0.82649,stay
0.76041,0.19143,0.26001,-0.56898,0.70602,stay
0.5689,0.5,0.0,-0.0689,0.0,stay
0.56473,0.57032,0.99269,0.00559,0.59828,left
0.94192,0.31506,0.48593,-0.62685,0.88099,stay
0.58054,0.29069,0.21912,-0.28985,0.6777,stay
0.19604,0.80479,0.3907,0.60874,0.45169,stay
0.8244,0.86234,0.77842,0.03794,0.55474,left
0.08779,0.76647,0.47527,0.67867,0.76984,stay
0.18465,0.10655,0.53963,-0.0781,0.81815,right
0.76246,0.70867,0.36646,-0.05378,0.80423,left
0.2318,0.70752,0.04381,0.47572,0.53927,stay
0.17463,0.15313,0.11025,-0.0215,0.67914,right
0.28645,0.90432,0.88736,0.61787,0.88632,stay
0.26705,0.34342,0.22758,0.07637,0.97578,left
0.42037,0.3471,0.7814,-0.07327,0.82629,right
0.38833,0.03261,0.23209,-0.35572,0.43776,stay
0.80056,0.63072,0.87818,-0.16984,0.93973,right
0.36639,0.06981,0.87004,-0.29658,0.63096,stay
0.73635,0.31475,0.39393,-0.42159,0.95221,stay
0.7871,0.18868,0.9834,-0.59843,0.97035,stay
0.74172,0.18813,0.26867,-0.5536,0.67419,stay
0.45138,0.11693,0.05503,-0.33444,0.79555,stay
0.51635,0.38063,0.4849,-0.13572,0.62398,right
0.12317,0.24284,0.27218,0.11966,0.58498,left
0.67506,0.53375,0.07056,-0.14131,0.84762,right
0.32938,0.78817,0.14735,0.45879,0.45634,stay
0.33757,0.62802,0.96308,0.29045,0.89835,stay
0.93135,0.27379,0.4396,-0.65756,0.48267,stay
0.58053,0.16534,0.55328,-0.41519,0.93928,stay
0.71169,0.19463,0.67875,-0.51707,0.74683,stay
0.94878,0.17413,0.82471,-0.77465,0.61819,stay
0.56002,0.82736,0.3815,0.26734,0.46653,stay
0.8321,0.38584,0.63576,-0.44627,0.84066,stay
0.51647,0.49584,0.51726,-0.02063,0.45477,right
0.57145,0.5,0.0,-0.07145,0.0,stay
0.33936,0.48506,0.38881,0.1457,0.71364,left
0.11206,0.63869,0.01265,0.52663,0.66943,stay
0.9417,0.7554,0.42285,-0.1863,0.69367,right
0.46224,0.331,0.00429,-0.13123,0.85094,right
0.15594,0.46828,0.83611,0.31233,0.47907,stay
0.51963,0.84953,0.94942,0.3299,0.79598,stay
0.66092,0.87527,0.44927,0.21435,0.97623,left
0.74809,0.0971,0.47015,-0.65099,0.53955,stay
0.64308,0.36304,0.4111,-0.28004,0.92239,stay
0.94061,0.59541,0.01928,-0.3452,0.5909,stay
0.55413,0.38467,0.38553,-0.16946,0.70045,right
0.81816,0.77511,0.4324,-0.04305,0.89015,right
0.71045,0.46378,0.85847,-0.24667,0.92266,stay
0.82098,0.34374,0.6164,-0.47724,0.85172,stay
0.521,0.3853,0.92608,-0.1357,0.79957,right
0.06771,0.69484,0.49475,0.62713,0.76719,stay
0.31378,0.6105,0.82325,0.29673,0.66897,stay
0.41007,0.66723,0.72599,0.25715,0.72738,stay
0.68051,0.5,0.0,-0.18051,0.0,stay
0.54303,0.32508,0.73682,-0.21795,0.74554,right
0.61808,0.09954,0.13766,-0.51854,0.73143,stay
0.16203,0.9062,0.16236,0.74417,0.86488,stay
0.30957,0.9413,0.49893,0.63173,0.82075,stay
0.56128,0.41758,0.8479,-0.14369,0.76111,right
0.87722,0.58657,0.13226,-0.29065,0.89275,stay
0.2332,0.41769,0.82371,0.18449,0.79824,left
0.56226,0.79489,0.14972,0.23262,0.53398,stay
0.12041,0.86652,0.08845,0.74611,0.6993,stay
0.22345,0.07012,0.07837,-0.15334,0.81938,right
0.57456,0.52899,0.26214,-0.04558,0.73622,right
0.79477,0.08322,0.70843,-0.71155,0.88405,stay
0.59922,0.05122,0.22201,-0.548,0.62628,stay
0.63345,0.93336,0.86115,0.2999,0.57859,stay
0.11692,0.26967,0.38178,0.15275,0.94509,left
0.13068,0.83749,0.66622,0.70681,0.90983,stay
0.4913,0.5,0.0,0.0087,0.0,stay
0.2291,0.88666,0.38589,0.65757,0.54736,stay
0.81483,0.69701,0.45753,-0.11782,0.52331,right
0.90024,0.5,0.0,-0.40024,0.0,stay
0.64278,0.82784,0.69174,0.18506,0.68481,left
0.42888,0.3666,0.74037,-0.06228,0.48346,right
0.29463,0.6488,0.79946,0.35417,0.85545,stay
0.34417,0.31789,0.80004,-0.02629,0.7538,right
0.12839,0.75482,0.95764,0.62643,0.60242,stay
0.70497,0.10741,0.75244,-0.59755,0.91065,stay
0.31661,0.10783,0.55852,-0.20878,0.92754,right
0.92696,0.4037,0.21222,-0.52326,0.64859,stay
0.43748,0.29156,0.87958,-0.14592,0.60919,right
0.79582,0.49532,0.70414,-0.30049,0.64472,stay
0.70287,0.11502,0.69178,-0.58786,0.92701,stay
0.63936,0.94005,0.25167,0.30069,0.85995,stay
0.44036,0.75643,0.50313,0.31607,0.55052,stay
0.88979,0.16972,0.65585,-0.72006,0.61255,stay
0.701,0.12782,0.4966,-0.57318,0.55839,stay
0.31944,0.65359,0.93893,0.33414,0.50655,stay
0.32008,0.38336,0.99267,0.06328,0.64252,left
0.24444,0.36752,0.12849,0.12309,0.78472,left
0.19526,0.38145,0.4134,0.18618,0.74518,left
0.70977,0.53425,0.53322,-0.17552,0.99843,right
0.74437,0.91675,0.82234,0.17238,0.95389,left
0.07388,0.21691,0.64988,0.14303,0.74062,left
0.363,0.33752,0.70559,-0.02548,0.7409,right
0.17994,0.92749,0.76971,0.74755,0.57696,stay
0.81318,0.78815,0.61404,-0.02504,0.52453,right
0.75723,0.83122,0.61012,0.07399,0.51957,left
0.6784,0.77256,0.86354,0.09416,0.81697,left
0.4224,0.17267,0.15042,-0.24973,0.60035,stay
0.64238,0.85706,0.10015,0.21468,0.61768,left
0.15661,0.74858,0.60632,0.59197,0.88072,stay
0.13275,0.23793,0.21335,0.10518,0.61917,left
0.7215,0.23222,0.41983,-0.48928,0.62431,stay
0.58447,0.87279,0.2262,0.28833,0.44267,stay
0.8458,0.25562,0.60392,-0.59018,0.97553,stay
0.21189,0.32766,0.0401,0.11577,0.9748,left
0.30901,0.56907,0.54319,0.26006,0.94058,stay
0.38766,0.10099,0.7946,-0.28667,0.86826,stay
0.58846,0.54111,0.2578,-0.04736,0.43312,left
0.50284,0.49974,0.80484,-0.00309,0.54793,right
0.20869,0.65993,0.04312,0.45124,0.79757,stay
0.75421,0.49857,0.19557,-0.25565,0.96604,stay
0.10029,0.68052,0.62749,0.58023,0.50015,stay
0.16863,0.14943,0.29601,-0.0192,0.46882,left
0.73535,0.70908,0.93216,-0.02627,0.5314,right
0.34409,0.3381,0.10722,-0.00599,0.84549,right
0.06403,0.0685,0.28302,0.00446,0.76805,left
0.12003,0.65788,0.61651,0.53786,0.61453,stay
0.56862,0.74732,0.17519,0.1787,0.72581,left
0.14409,0.42102,0.96173,0.27692,0.49616,stay
0.44613,0.18236,0.33111,-0.26376,0.81003,stay
0.54239,0.90172,0.02404,0.35933,0.78864,stay
0.17205,0.5,0.0,0.32795,0.0,stay
0.8195,0.70321,0.54313,-0.11629,0.57885,right
0.86749,0.27037,0.72036,-0.59712,0.73937,stay
0.85315,0.79654,0.30738,-0.05661,0.70298,left
0.58855,0.06736,0.89064,-0.52119,0.73661,stay
0.85636,0.07906,0.51171,-0.7773,0.68062,stay
0.1109,0.43168,0.55047,0.32078,0.59691,stay
0.05455,0.11362,0.52017,0.05907,0.96883,left
0.45616,0.85737,0.35605,0.4012,0.72249,stay
0.44117,0.5,0.0,0.05883,0.0,stay
0.11157,0.22125,0.76264,0.10967,0.58831,left
0.23992,0.6508,0.15706,0.41088,0.52907,stay
0.70341,0.58003,0.70708,-0.12337,0.53668,right
0.68041,0.84347,0.55154,0.16306,0.77626,left
0.70579,0.23507,0.16622,-0.47072,0.90247,stay
0.93378,0.48233,0.49453,-0.45145,0.74853,stay
0.55023,0.69763,0.75524,0.1474,0.50805,left
0.19867,0.80337,0.05114,0.6047,0.54233,stay
0.33751,0.39427,0.63433,0.05676,0.65561,left
0.53191,0.15744,0.3414,-0.37447,0.70167,stay
0.06098,0.73148,0.8189,0.6705,0.87898,stay
0.1534,0.5,0.0,0.3466,0.0,stay
0.36273,0.79658,0.2263,0.43386,0.97894,stay
0.81702,0.3686,0.67677,-0.44842,0.67282,stay
0.49742,0.44001,0.95316,-0.05741,0.52766,right
0.053,0.81007,0.76293,0.75707,0.80403,stay
0.81747,0.35701,0.93282,-0.46046,0.44685,stay
0.28503,0.54597,0.82811,0.26095,0.45509,stay
0.71282,0.6661,0.89218,-0.04673,0.47956,right
0.26844,0.42461,0.71699,0.15617,0.63991,left
0.47438,0.18608,0.8301,-0.28829,0.43232,stay
0.55947,0.70431,0.665,0.14485,0.82064,left
0.05736,0.13105,0.13393,0.07369,0.58075,left
0.45897,0.07651,0.82438,-0.38246,0.59607,stay
0.53454,0.5,0.0,-0.03454,0.0,stay
0.20063,0.72569,0.95532,0.52506,0.83756,stay
0.81286,0.4718,0.17763,-0.34105,0.52288,stay
0.44648,0.82282,0.60166,0.37634,0.59405,stay
0.72684,0.44267,0.61661,-0.28417,0.76834,stay
0.9027,0.63599,0.41169,-0.26671,0.62539,stay
0.86837,0.5,0.0,-0.36837,0.0,stay
0.9461,0.4493,0.01466,-0.4968,0.83555,stay
0.23115,0.90818,0.81191,0.67703,0.67211,stay
0.50366,0.31413,0.41095,-0.18953,0.56824,right
0.77975,0.76898,0.63808,-0.01077,0.57024,right
0.27977,0.55264,0.79116,0.27287,0.94773,stay
0.65634,0.5,0.0,-0.15634,0.0,stay
0.80214,0.67851,0.47825,-0.12363,0.67039,right
0.1573,0.67343,0.59034,0.51613,0.94291,stay
0.94192,0.18359,0.03746,-0.75834,0.84453,stay
0.43113,0.27399,0.80493,-0.15714,0.6872,right
0.29287,0.41826,0.74237,0.12539,0.9933,left
0.81653,0.22916,0.77688,-0.58738,0.74441,stay
0.57269,0.5,0.0,-0.07269,0.0,stay
0.86588,0.27621,0.21228,-0.58967,0.4592,stay
0.22614,0.89116,0.00418,0.66502,0.92114,stay
0.82284,0.1616,0.53862,-0.66124,0.58004,stay
0.15742,0.29058,0.99433,0.13316,0.46803,left
0.80182,0.09012,0.81747,-0.7117,0.49508,stay
0.50482,0.41838,0.63357,-0.08644,0.91625,right
0.35972,0.78557,0.2172,0.42586,0.85345,stay
0.65863,0.78984,0.04669,0.13121,0.69832,left
0.19516,0.34646,0.54397,0.1513,0.53747,left
0.33175,0.88146,0.90722,0.54972,0.75263,stay
0.4483,0.06382,0.17687,-0.38448,0.80586,stay
0.17551,0.11859,0.77894,-0.05692,0.81036,right
0.73645,0.92719,0.77037,0.19073,0.43951,left
0.77887,0.03504,0.50454,-0.74383,0.64713,stay
0.65027,0.5,0.0,-0.15027,0.0,stay
0.81495,0.82007,0.76345,0.00512,0.77868,left
0.12133,0.90609,0.4531,0.78476,0.5971,stay
0.18472,0.8424,0.80238,0.65769,0.59158,stay
0.8505,0.93061,0.25306,0.08011,0.66359,left
0.57322,0.75073,0.50897,0.17751,0.78095,left
0.22332,0.5,0.0,0.27668,0.0,stay
0.52754,0.21227,0.77623,-0.31527,0.63013,stay
0.49137,0.23115,0.26406,-0.26022,0.70737,stay
0.3449,0.5,0.0,0.1551,0.0,stay
0.33202,0.85813,0.13713,0.52611,0.87087,stay
0.44047,0.63725,0.68202,0.19678,0.59455,left
0.50198,0.85182,0.97681,0.34984,0.82409,stay
0.40257,0.178,0.69781,-0.22457,0.48161,stay
0.50311,0.84181,0.43837,0.33869,0.81965,stay
0.84554,0.91868,0.63517,0.07315,0.98839,left
0.58069,0.04694,0.10168,-0.53375,0.93,stay
0.59496,0.19678,0.90161,-0.39818,0.77189,stay
0.2033,0.5,0.0,0.2967,0.0,stay
0.60648,0.56638,0.26674,-0.0401,0.74499,left
0.66147,0.92562,0.14278,0.26415,0.77632,stay
0.54942,0.26855,0.30665,-0.28087,0.62628,stay
0.06373,0.61557,0.51406,0.55184,0.54775,stay
0.61996,0.71785,0.11556,0.09789,0.51972,left
0.56865,0.17893,0.78521,-0.38972,0.87446,stay
0.51932,0.20253,0.62978,-0.31679,0.46683,stay
0.30478,0.05279,0.63156,-0.25199,0.8222,stay
0.5915,0.04873,0.47799,-0.54276,0.61909,stay
0.22962,0.89334,0.34966,0.66373,0.89771,stay
0.17457,0.664,0.68215,0.48943,0.63778,stay
0.64301,0.31353,0.64334,-0.32948,0.44776,stay
0.63127,0.7796,0.5219,0.14833,0.66553,left
0.49029,0.96592,0.59158,0.47563,0.90708,stay
0.46557,0.06535,0.36874,-0.40022,0.59363,stay
0.58973,0.03231,0.4495,-0.55742,0.99858,stay
0.48338,0.67907,0.14209,0.19569,0.84684,left
0.49838,0.5331,0.97577,0.03472,0.48527,left
0.52369,0.58948,0.2348,0.06579,0.74524,left
0.79821,0.88961,0.55452,0.09139,0.46926,left
0.50696,0.5,0.0,-0.00696,0.0,stay
0.92406,0.14384,0.23063,-0.78022,0.51943,stay
0.41714,0.5,0.0,0.08286,0.0,stay
0.4765,0.0383,0.11414,-0.4382,0.56762,stay
0.17717,0.5,0.0,0.32283,0.0,stay
0.65276,0.58941,0.58286,-0.06334,0.94982,right
0.07961,0.90304,0.31448,0.82343,0.97804,stay
0.48391,0.75255,0.35052,0.26864,0.88863,stay
0.38975,0.10543,0.96414,-0.28431,0.9285,stay
0.75156,0.14497,0.31859,-0.6066,0.43621,stay
0.50688,0.57469,0.33888,0.06781,0.75202,left
0.29096,0.90598,0.92909,0.61502,0.4955,stay
0.30656,0.43859,0.33429,0.13203,0.88894,left
0.75113,0.05989,0.33522,-0.69124,0.88168,stay
0.5638,0.38745,0.2206,-0.17635,0.74903,right
0.68621,0.2697,0.60526,-0.41651,0.43083,stay
0.29076,0.74819,0.39009,0.45743,0.51989,stay
0.91818,0.66405,0.88193,-0.25413,0.7284,stay
0.19972,0.61226,0.44311,0.41254,0.84128,stay
0.58914,0.3708,0.86936,-0.21835,0.809,right
0.15202,0.91868,0.90918,0.76665,0.48533,stay
0.69659,0.23749,0.21453,-0.4591,0.6414,stay
0.35012,0.5,0.0,0.14988,0.0,stay
0.38258,0.60615,0.71331,0.22356,0.83221,stay
0.58447,0.5,0.0,-0.08447,0.0,stay
0.87313,0.63684,0.13808,-0.23628,0.53714,stay
0.1945,0.5006,0.72855,0.30609,0.56784,stay
0.1016,0.76747,0.66397,0.66587,0.56067,stay
0.60025,0.20455,0.24662,-0.3957,0.97243,stay
0.93373,0.59378,0.33115,-0.33995,0.75969,stay
0.51252,0.18803,0.75399,-0.32449,0.52263,stay
0.238,0.88261,0.30319,0.64461,0.94813,stay
0.07239,0.79043,0.49482,0.71804,0.87568,stay
0.54487,0.80579,0.62324,0.26092,0.77829,stay
0.19598,0.56344,0.80146,0.36746,0.54572,stay
0.43172,0.38652,0.22966,-0.0452,0.69256,left
0.13381,0.31134,0.36857,0.17752,0.646,left
0.8233,0.12532,0.11566,-0.69798,0.71634,stay
0.35017,0.28686,0.86886,-0.06331,0.55869,right
0.05846,0.78636,0.90121,0.7279,0.81624,stay
0.78954,0.90351,0.395,0.11396,0.77548,left
0.39325,0.6056,0.33486,0.21235,0.76211,left
0.31886,0.47945,0.92551,0.16059,0.68248,left
0.35414,0.74172,0.0465,0.38758,0.79095,stay
0.30269,0.5,0.0,0.19731,0.0,stay
0.77603,0.78759,0.09006,0.01156,0.83544,right
0.79453,0.18493,0.80334,-0.60959,0.79859,stay
0.76379,0.74837,0.59309,-0.01542,0.62124,right
0.27981,0.57913,0.46111,0.29932,0.81492,stay
0.92181,0.03483,0.83694,-0.88698,0.66572,stay
0.40223,0.60929,0.39332,0.20707,0.4594,left
0.57949,0.44128,0.07453,-0.13821,0.44114,right
0.54566,0.20008,0.43145,-0.34558,0.97574,stay
0.52177,0.05746,0.92663,-0.46431,0.4398,stay
0.81987,0.54089,0.00575,-0.27898,0.93314,stay
0.28153,0.38815,0.13076,0.10661,0.51946,left
0.12468,0.68159,0.98539,0.55691,0.44448,stay
0.79308,0.77405,0.43668,-0.01902,0.49707,right
0.13912,0.48999,0.40812,0.35087,0.97237,stay
0.08134,0.931,0.42174,0.84966,0.52322,stay
0.43957,0.92049,0.15982,0.48092,0.98239,stay
0.36636,0.71174,0.2519,0.34537,0.4494,stay
0.19326,0.12075,0.10622,-0.07251,0.96251,right
0.11203,0.46719,0.28231,0.35515,0.91156,stay
0.75403,0.34935,0.06423,-0.40469,0.68759,stay
0.42991,0.62582,0.08016,0.19591,0.86328,left
0.42576,0.5,0.0,0.07424,0.0,stay
0.5344,0.12442,0.65419,-0.40998,0.58185,stay
0.06167,0.5,0.0,0.43833,0.0,stay
0.79833,0.5,0.0,-0.29833,0.0,stay
0.68147,0.79356,0.59382,0.11209,0.95121,left
0.90023,0.62218,0.85468,-0.27805,0.90431,stay
0.13384,0.03138,0.93948,-0.10245,0.87159,right
0.25968,0.89469,0.77235,0.635,0.44556,stay
0.83899,0.64127,0.14045,-0.19772,0.50066,right
0.15302,0.18959,0.53842,0.03657,0.45131,left
0.53266,0.16177,0.18349,-0.37089,0.6937,stay
0.09341,0.13884,0.44431,0.04543,0.50045,right
0.81222,0.27401,0.66638,-0.53822,0.44136,stay
0.37266,0.94268,0.41159,0.57002,0.52107,stay
0.37213,0.41517,0.16037,0.04304,0.74244,left
0.67756,0.8291,0.79568,0.15154,0.6567,left
0.41542,0.5611,0.99023,0.14568,0.55874,left
0.66478,0.5,0.0,-0.16478,0.0,stay
0.35809,0.36303,0.77199,0.00494,0.84093,left
0.82415,0.96063,0.30538,0.13648,0.78399,left
0.51143,0.41654,0.17336,-0.09489,0.88447,right
0.46575,0.24544,0.07971,-0.22031,0.45725,stay
0.6938,0.04084,0.73543,-0.65296,0.67808,stay
0.29535,0.67886,0.41589,0.38351,0.66577,stay
0.2857,0.5887,0.6386,0.303,0.72803,stay
0.80216,0.53593,0.73463,-0.26623,0.88592,stay
0.86905,0.73921,0.33622,-0.12984,0.90205,right
0.83617,0.81527,0.43534,-0.0209,0.97272,right
0.25896,0.67614,0.35926,0.41717,0.82224,stay
0.69808,0.5,0.0,-0.19808,0.0,stay
0.8643,0.63568,0.45675,-0.22862,0.98706,stay
0.80772,0.44854,0.30408,-0.35918,0.50521,stay
0.80856,0.83674,0.68485,0.02818,0.98432,left
0.40337,0.64143,0.45165,0.23807,0.68396,stay
0.25958,0.42922,0.49911,0.16964,0.86595,left
0.65173,0.19009,0.8417,-0.46164,0.50977,stay
0.10007,0.15403,0.41542,0.05396,0.75143,right
0.27165,0.65699,0.82604,0.38535,0.96904,stay
0.69113,0.33196,0.32472,-0.35917,0.53314,stay
0.50893,0.60201,0.71221,0.09308,0.65265,left
0.7092,0.2141,0.20907,-0.49509,0.5056,stay
0.41352,0.7141,0.81228,0.30058,0.46996,stay
0.89016,0.58694,0.39749,-0.30322,0.96132,stay
0.22041,0.14657,0.76167,-0.07384,0.53727,right
0.76524,0.29242,0.26023,-0.47282,0.55206,stay
0.93186,0.33046,0.36502,-0.6014,0.8172,stay
0.64436,0.05943,0.763,-0.58493,0.96422,stay
0.35001,0.59254,0.31306,0.24253,0.9285,stay
0.28619,0.81934,0.45079,0.53315,0.85305,stay
0.66899,0.32695,0.36227,-0.34204,0.51822,stay
0.25894,0.11814,0.47664,-0.14079,0.94407,right
0.64144,0.61335,0.33794,-0.0281,0.77188,right
0.17584,0.43898,0.18382,0.26314,0.9326,stay
0.85323,0.74047,0.42006,-0.11276,0.46669,right
0.56412,0.14828,0.51473,-0.41583,0.88911,stay
0.50165,0.78936,0.29763,0.28771,0.90317,stay
0.42693,0.39009,0.92881,-0.03683,0.91949,right
0.0816,0.31676,0.20826,0.23516,0.71721,stay
0.89573,0.28077,0.12216,-0.61495,0.84313,stay
0.358,0.10543,0.63192,-0.25257,0.67589,stay
0.76479,0.5546,0.57496,-0.21019,0.55976,right
0.12042,0.5,0.0,0.37958,0.0,stay
0.15146,0.63731,0.54971,0.48585,0.44715,stay
0.43322,0.5,0.0,0.06678,0.0,stay
0.90724,0.42736,0.37909,-0.47988,0.64277,stay
0.18106,0.75017,0.53061,0.56912,0.50481,stay
0.45498,0.5,0.0,0.04502,0.0,stay
0.61203,0.87788,0.33762,0.26585,0.95664,stay
0.07185,0.90915,0.24407,0.8373,0.82762,stay
0.47563,0.69558,0.72792,0.21995,0.5054,left
0.07072,0.5686,0.57263,0.49788,0.58602,stay
0.33824,0.42556,0.65545,0.08732,0.55373,left
0.85517,0.39345,0.97372,-0.46173,0.71284,stay
0.69845,0.54712,0.62889,-0.15133,0.79841,right
0.77276,0.3886,0.65096,-0.38417,0.7959,stay
0.40192,0.42226,0.99394,0.02033,0.60631,left
0.69646,0.93273,0.64542,0.23627,0.53006,stay
0.60906,0.95488,0.83139,0.34582,0.59553,stay
0.84596,0.78903,0.65422,-0.05693,0.86823,right
0.78236,0.69363,0.29744,-0.08874,0.78026,right
0.08423,0.39478,0.08361,0.31055,0.82536,stay
0.69665,0.57589,0.42969,-0.12076,0.65136,right
0.29295,0.25166,0.43222,-0.0413,0.6471,left
0.34268,0.47759,0.97498,0.1349,0.73813,left
0.76911,0.94883,0.23089,0.17972,0.60945,left
0.5,0.36041,0.25578,-0.13959,0.69995,right
0.92767,0.40351,0.23212,-0.52416,0.6408,stay
0.59118,0.39355,0.83915,-0.19763,0.89277,right
0.20321,0.57222,0.7296,0.369,0.74495,stay
0.30552,0.2973,0.51981,-0.00822,0.78164,right
0.91166,0.26,0.06724,-0.65167,0.51776,stay
0.875,0.85934,0.68012,-0.01566,0.6533,right
0.22819,0.23378,0.40499,0.00558,0.61412,left
0.29712,0.80151,0.86809,0.50439,0.76315,stay
0.4567,0.28497,0.80077,-0.17173,0.65367,right
0.32315,0.53317,0.32709,0.21003,0.60564,left
0.26134,0.45111,0.00195,0.18977,0.8006,left
0.81939,0.72739,0.38241,-0.092,0.80488,right
0.35653,0.75287,0.95486,0.39633,0.65612,stay
0.41071,0.16336,0.63317,-0.24734,0.44747,stay
0.07944,0.3783,0.44338,0.29885,0.97182,stay
0.26492,0.31824,0.44893,0.05331,0.67678,left
0.30462,0.56168,0.56853,0.25706,0.93346,stay
0.57056,0.5,0.0,-0.07056,0.0,stay
0.505,0.43439,0.7931,-0.07061,0.49522,right
0.2317,0.94146,0.76922,0.70976,0.43375,stay
0.29392,0.05303,0.67945,-0.24089,0.72373,stay
0.33486,0.17148,0.45866,-0.16339,0.51407,right
0.69494,0.50834,0.27342,-0.1866,0.90579,right
0.65535,0.13738,0.66942,-0.51797,0.89266,stay
0.74335,0.81295,0.84245,0.06959,0.61596,left
0.3919,0.84047,0.44022,0.44857,0.67545,stay
0.56062,0.10403,0.73191,-0.45659,0.89513,stay
0.18132,0.2386,0.66065,0.05729,0.84347,left
0.94501,0.26373,0.92312,-0.68129,0.83575,stay
0.34781,0.65504,0.61257,0.30723,0.46201,stay
0.67856,0.42942,0.50123,-0.24914,0.47512,stay
0.59157,0.72904,0.58278,0.13747,0.67961,left
0.60439,0.05737,0.17563,-0.54702,0.61839,stay
0.43292,0.19756,0.93894,-0.23536,0.53306,stay
0.26538,0.47384,0.71279,0.20845,0.54388,left
0.41155,0.91899,0.3993,0.50743,0.60715,stay
0.05528,0.19792,0.73578,0.14264,0.59828,left
0.57824,0.96897,0.48964,0.39072,0.5147,stay
0.7586,0.10253,0.09618,-0.65606,0.92045,stay
0.26159,0.44386,0.76419,0.18227,0.97324,left
0.13828,0.61541,0.40756,0.47713,0.7945,stay
0.11031,0.69678,0.20471,0.58647,0.98931,stay
0.38114,0.5,0.0,0.11886,0.0,stay
0.75239,0.34329,0.3527,-0.4091,0.86663,stay
0.07421,0.12166,0.62721,0.04745,0.44218,left
0.82407,0.5,0.0,-0.32407,0.0,stay
0.62832,0.5,0.0,-0.12832,0.0,stay
0.66244,0.03433,0.48387,-0.62811,0.94645,stay
0.61998,0.46552,0.15705,-0.15446,0.87027,right
0.91447,0.05436,0.18605,-0.86011,0.72511,stay
0.35076,0.03757,0.16068,-0.31319,0.62833,stay
0.38249,0.07024,0.20677,-0.31225,0.9474,stay
0.54315,0.34717,0.6779,-0.19598,0.99448,right
0.29434,0.20302,0.16,-0.09132,0.55415,right
0.59247,0.43413,0.63763,-0.15834,0.823,right
0.36066,0.72682,0.968,0.36616,0.73306,stay
0.32184,0.85458,0.83351,0.53274,0.6037,stay
0.59189,0.60736,0.46002,0.01546,0.63239,left
0.72011,0.5,0.0,-0.22011,0.0,stay
0.36478,0.1837,0.89449,-0.18108,0.85691,right
0.75178,0.28322,0.93284,-0.46856,0.69903,stay
0.76695,0.67413,0.96857,-0.09282,0.70042,right
0.55286,0.5,0.0,-0.05286,0.0,stay
0.40303,0.90453,0.3859,0.5015,0.69748,stay
0.26721,0.75771,0.72651,0.4905,0.99256,stay
0.37843,0.47274,0.92431,0.09431,0.94362,left
0.67674,0.21339,0.85625,-0.46335,0.65445,stay
0.24918,0.85308,0.53601,0.60391,0.87434,stay
0.85956,0.5,0.0,-0.35956,0.0,stay
0.83532,0.50628,0.78655,-0.32905,0.75009,stay
0.61376,0.92491,0.50742,0.31114,0.58474,stay
0.57833,0.73712,0.71271,0.15879,0.65703,left
0.83312,0.69735,0.27933,-0.13578,0.66228,right
0.2704,0.07306,0.33615,-0.19734,0.69869,right
0.7291,0.76543,0.9201,0.03633,0.54708,left
0.44943,0.08231,0.12181,-0.36712,0.6606,stay
0.69607,0.06894,0.77685,-0.62712,0.50447,stay
0.40169,0.8821,0.02679,0.48041,0.79758,stay
0.28342,0.87814,0.40879,0.59472,0.7873,stay
0.64805,0.63636,0.67852,-0.01169,0.52482,right
0.12984,0.51533,0.72328,0.38549,0.55209,stay
0.32789,0.13837,0.0917,-0.18952,0.86888,right
0.2019,0.17948,0.18357,-0.02241,0.62971,left
0.79074,0.59031,0.96037,-0.20043,0.94752,right
0.81274,0.5975,0.80713,-0.21524,0.84595,right
0.52413,0.5,0.0,-0.02413,0.0,stay
0.26368,0.84106,0.91272,0.57738,0.8499,stay
0.64433,0.51859,0.29572,-0.12573,0.65914,right
0.46049,0.89636,0.47994,0.43588,0.83525,stay
0.251,0.84915,0.42047,0.59815,0.9355,stay
0.90376,0.64693,0.06669,-0.25683,0.94263,stay
0.68423,0.5971,0.21502,-0.08713,0.91825,right
0.49969,0.51259,0.91517,0.01289,0.47285,left
0.82165,0.6629,0.20559,-0.15875,0.92439,right
0.76455,0.81463,0.94725,0.05009,0.52312,left
0.32104,0.07488,0.41983,-0.24615,0.88252,stay
0.0819,0.31715,0.52584,0.23525,0.48655,stay
0.37163,0.25259,0.53499,-0.11904,0.95685,right
0.78817,0.85764,0.27614,0.06947,0.71424,left
0.42801,0.93387,0.10007,0.50586,0.63542,stay
0.92076,0.65109,0.29887,-0.26967,0.65236,stay
0.6324,0.61903,0.90684,-0.01337,0.98525,right
0.60122,0.60549,0.43494,0.00427,0.9714,left
0.78963,0.5,0.0,-0.28963,0.0,stay
0.76095,0.81057,0.18308,0.04962,0.79906,right
0.38996,0.29016,0.34215,-0.0998,0.76382,right
0.51186,0.53706,0.51758,0.0252,0.942,left
0.90464,0.96014,0.32486,0.0555,0.53674,left
0.17395,0.56502,0.00242,0.39108,0.95779,stay
0.4448,0.90013,0.0407,0.45534,0.48698,stay
0.76042,0.83436,0.54016,0.07394,0.61252,left
0.76541,0.21018,0.3782,-0.55523,0.64333,stay
0.64399,0.23657,0.38537,-0.40743,0.65874,stay
0.36195,0.30603,0.48611,-0.05592,0.90595,right
0.26665,0.5,0.0,0.23335,0.0,stay
0.24643,0.26589,0.34476,0.01946,0.56724,left
0.47538,0.5,0.0,0.02462,0.0,stay
0.18095,0.5,0.0,0.31905,0.0,stay
0.3707,0.32954,0.44962,-0.04116,0.71874,right
0.73176,0.82932,0.11387,0.09756,0.54841,left
0.47616,0.70965,0.56664,0.23349,0.56248,stay
0.13543,0.5,0.0,0.36457,0.0,stay
0.57354,0.83947,0.11152,0.26593,0.93531,stay
0.15299,0.08114,0.59908,-0.07186,0.51896,right
0.57841,0.0495,0.76476,-0.52891,0.89821,stay
0.61447,0.76563,0.34785,0.15116,0.4326,left
0.25181,0.67506,0.15507,0.42326,0.71233,stay
0.43268,0.27506,0.05463,-0.15762,0.70674,right
0.25259,0.40973,0.75683,0.15714,0.59318,left
0.78514,0.2018,0.68885,-0.58334,0.83873,stay
0.60234,0.36542,0.66553,-0.23692,0.89424,stay
0.57573,0.5,0.0,-0.07573,0.0,stay
0.81774,0.62178,0.39864,-0.19596,0.64836,right
0.1069,0.04136,0.95728,-0.06553,0.7695,right
0.88643,0.86427,0.47877,-0.02216,0.50379,right
0.7302,0.83944,0.15284,0.10923,0.52119,left
0.92365,0.75356,0.04732,-0.17009,0.63128,right
0.33994,0.5,0.0,0.16006,0.0,stay
0.80085,0.56943,0.27928,-0.23142,0.5701,stay
0.38181,0.68377,0.88302,0.30196,0.80823,stay
0.71053,0.81759,0.44394,0.10707,0.87595,left
0.87572,0.88177,0.13255,0.00605,0.60257,left
0.06827,0.56313,0.88481,0.49486,0.5675,stay
0.46063,0.03047,0.75456,-0.43016,0.77277,stay
0.89562,0.12984,0.71062,-0.76578,0.64046,stay
0.66663,0.93788,0.0538,0.27125,0.85389,stay
0.64732,0.8015,0.98082,0.15418,0.71234,left
0.6725,0.39278,0.43397,-0.27972,0.49533,stay
0.74478,0.58664,0.27724,-0.15814,0.89016,right
0.88913,0.96465,0.46127,0.07552,0.74331,left
0.20002,0.5,0.0,0.29998,0.0,stay
0.84211,0.14199,0.45012,-0.70013,0.91614,stay
0.48494,0.80069,0.86202,0.31574,0.61711,stay
0.52837,0.43864,0.74359,-0.08972,0.6012,right
0.21377,0.93829,0.43262,0.72452,0.94911,stay
0.14562,0.255,0.24352,0.10938,0.64299,left
0.81035,0.92492,0.37368,0.11457,0.81885,left
0.47915,0.39716,0.16046,-0.08199,0.55572,right
0.89872,0.34421,0.58763,-0.55451,0.68609,stay
0.5455,0.15627,0.08403,-0.38923,0.68337,stay
0.39497,0.5,0.0,0.10503,0.0,stay
0.8609,0.18069,0.19899,-0.6802,0.7032,stay
0.52598,0.3793,0.65025,-0.14668,0.54972,right
0.71936,0.68338,0.14653,-0.03598,0.59663,right
0.22001,0.74548,0.17519,0.52547,0.58897,stay
0.79737,0.04297,0.04001,-0.7544,0.83276,stay
0.33415,0.5,0.0,0.16585,0.0,stay
0.53594,0.17061,0.5024,-0.36533,0.55585,stay
0.78282,0.94091,0.47001,0.15809,0.66276,left
0.20756,0.85931,0.17579,0.65175,0.95419,stay
0.3284,0.84437,0.5887,0.51598,0.90427,stay
0.59527,0.31491,0.57642,-0.28035,0.9816,stay
0.76586,0.5,0.0,-0.26586,0.0,stay
0.83881,0.55882,0.78995,-0.27999,0.73953,stay
0.33103,0.69869,0.69913,0.36766,0.55939,stay
0.66597,0.48283,0.33628,-0.18314,0.5876,right
0.21583,0.5,0.0,0.28417,0.0,stay
0.51917,0.61914,0.2746,0.09997,0.47417,left
0.06457,0.87286,0.50209,0.80828,0.92462,stay
0.40183,0.78443,0.72144,0.3826,0.46994,stay
0.21904,0.5,0.0,0.28096,0.0,stay
0.39603,0.57551,0.95423,0.17948,0.85118,left
0.78369,0.28129,0.3969,-0.50241,0.64264,stay
0.60032,0.08606,0.39811,-0.51426,0.82758,stay
0.32138,0.06475,0.33449,-0.25663,0.84331,stay
0.79833,0.44678,0.13438,-0.35155,0.65715,stay
0.85965,0.4544,0.24791,-0.40526,0.46649,stay
0.71085,0.30623,0.19508,-0.40462,0.5116,stay
0.8337,0.48313,0.484,-0.35057,0.64653,stay
0.56117,0.13086,0.98299,-0.4303,0.5922,stay
0.37428,0.92878,0.75048,0.55449,0.71249,stay
0.29397,0.23849,0.1139,-0.05549,0.93333,left
0.74232,0.63276,0.57507,-0.10955,0.88648,right
0.18694,0.20018,0.76204,0.01324,0.6876,left
0.74997,0.06505,0.01016,-0.68492,0.60201,stay
0.52536,0.37008,0.91724,-0.15528,0.49396,right
0.56575,0.56182,0.90029,-0.00394,0.87537,right
0.70192,0.88299,0.71122,0.18107,0.80507,left
0.24403,0.59585,0.14788,0.35182,0.56688,stay
0.82115,0.92609,0.89054,0.10494,0.49176,left
0.91736,0.70526,0.77779,-0.21211,0.52335,right
0.83876,0.48676,0.38749,-0.352,0.66266,stay
0.52194,0.80964,0.00982,0.2877,0.66729,stay
0.72214,0.5,0.0,-0.22214,0.0,stay
0.28907,0.15753,0.15475,-0.13154,0.75559,right
0.53372,0.66613,0.68022,0.13241,0.79965,left
0.61062,0.37863,0.59012,-0.23198,0.87368,stay
0.34668,0.1449,0.3536,-0.20178,0.80924,right
0.18407,0.56928,0.00508,0.38521,0.9887,stay
0.41526,0.7982,0.34503,0.38294,0.88181,stay
0.40144,0.17251,0.32983,-0.22892,0.65306,stay
0.08639,0.0463,0.97799,-0.0401,0.56468,right
0.59581,0.2167,0.59332,-0.37911,0.7896,stay
0.65268,0.27388,0.83055,-0.3788,0.48269,stay
0.22885,0.86427,0.86366,0.63542,0.55414,stay
0.15257,0.46286,0.0764,0.31029,0.89674,stay
0.07819,0.59501,0.38028,0.51682,0.96378,stay
0.52293,0.32493,0.17318,-0.198,0.94991,right
0.85746,0.64752,0.0878,-0.20994,0.64786,right
0.59243,0.17135,0.0815,-0.42108,0.80826,stay
0.52282,0.24278,0.27953,-0.28005,0.94964,stay
0.49132,0.38222,0.94871,-0.1091,0.6104,right
0.69496,0.39975,0.28435,-0.29521,0.57014,stay
0.52648,0.28826,0.97748,-0.23822,0.43977,stay
0.24013,0.5,0.0,0.25987,0.0,stay
0.91676,0.60914,0.4187,-0.30762,0.5225,stay
0.54189,0.42175,0.50175,-0.12014,0.97298,right
0.81747,0.63028,0.42499,-0.18719,0.51395,right
0.16857,0.36891,0.09284,0.20034,0.65647,left
0.4222,0.28864,0.55672,-0.13356,0.76725,right
0.89298,0.5,0.0,-0.39298,0.0,stay
0.67859,0.81067,0.72507,0.13208,0.99933,left
0.18252,0.58508,0.35872,0.40256,0.81564,stay
0.71277,0.8297,0.74794,0.11693,0.88587,left
0.6152,0.81921,0.96384,0.204,0.74657,left
0.52401,0.14535,0.70983,-0.37867,0.81664,stay
0.32769,0.5,0.0,0.17231,0.0,stay
0.75442,0.1219,0.68185,-0.63253,0.95795,stay
0.40375,0.14971,0.97872,-0.25405,0.90585,stay
0.45163,0.61887,0.11755,0.16723,0.505,left
0.60744,0.2316,0.41948,-0.37584,0.84487,stay
0.08786,0.92799,0.07903,0.84014,0.95669,stay
0.67737,0.49655,0.87499,-0.18082,0.72679,right
0.45622,0.57168,0.02294,0.11546,0.88029,left
0.86773,0.33974,0.96962,-0.528,0.79991,stay
0.16882,0.09678,0.02292,-0.07204,0.52228,right
0.42014,0.5,0.0,0.07986,0.0,stay
0.94828,0.15193,0.39782,-0.79635,0.80482,stay
0.39877,0.56294,0.857,0.16416,0.86444,left
0.36731,0.88576,0.78568,0.51845,0.72768,stay
0.37062,0.67443,0.18799,0.30381,0.58915,stay
0.80523,0.80152,0.77566,-0.00371,0.86643,right
0.93148,0.21863,0.39263,-0.71285,0.79793,stay
0.8163,0.29118,0.13254,-0.52512,0.59015,stay
0.87724,0.50176,0.70935,-0.37548,0.67149,stay
0.44384,0.9436,0.03906,0.49976,0.67178,stay
0.80644,0.10612,0.86339,-0.70032,0.46219,stay
0.28649,0.7616,0.89544,0.47511,0.99779,stay
0.32377,0.73151,0.78991,0.40773,0.61219,stay
0.64347,0.93967,0.73592,0.2962,0.7056,stay
0.5057,0.36074,0.60212,-0.14496,0.89365,right
0.12748,0.75354,0.14817,0.62605,0.67047,stay
0.71807,0.4715,0.37812,-0.24657,0.77663,stay
0.8576,0.07265,0.84741,-0.78495,0.53109,stay
0.78572,0.43529,0.28476,-0.35043,0.46015,stay
0.12524,0.16408,0.62738,0.03884,0.43769,left
0.71729,0.86888,0.16872,0.15159,0.63731,left
0.71146,0.92219,0.59412,0.21074,0.82173,left
0.72668,0.09819,0.45829,-0.62849,0.99912,stay
0.87048,0.2973,0.84164,-0.57317,0.6596,stay
0.19903,0.5128,0.09404,0.31378,0.75179,stay
0.67687,0.5,0.0,-0.17687,0.0,stay
0.3797,0.38988,0.56724,0.01019,0.7749,left
0.13178,0.70464,0.95761,0.57286,0.80729,stay
0.43868,0.84843,0.78063,0.40974,0.44577,stay
0.68923,0.49347,0.19556,-0.19576,0.74375,right
0.47321,0.54026,0.45232,0.06705,0.94567,left
0.70671,0.57834,0.35661,-0.12837,0.67924,right
0.22061,0.06784,0.39455,-0.15277,0.85404,right
0.26426,0.71179,0.98855,0.44753,0.68292,stay
0.82889,0.19828,0.4875,-0.63061,0.65333,stay
0.06109,0.78062,0.21619,0.71953,0.69304,stay
0.2721,0.34674,0.74446,0.07464,0.9512,left
0.32503,0.06362,0.92083,-0.26141,0.829,stay
0.20337,0.56786,0.43002,0.36449,0.74677,stay
0.94625,0.51758,0.39561,-0.42867,0.84905,stay
0.55593,0.48199,0.33323,-0.07393,0.83747,right
0.11276,0.74723,0.57788,0.63447,0.97843,stay
0.8597,0.03656,0.79827,-0.82315,0.74181,stay
0.31936,0.79502,0.6197,0.47565,0.58931,stay
0.08605,0.47241,0.76861,0.38636,0.44916,stay
0.7792,0.84014,0.9865,0.06094,0.73805,left
0.77419,0.58233,0.67145,-0.19186,0.5537,right
0.12273,0.34267,0.98664,0.21994,0.60865,left
0.50141,0.073,0.39867,-0.42841,0.53332,stay
0.57459,0.89932,0.27767,0.32473,0.67345,stay
0.61896,0.71891,0.42196,0.09996,0.63731,left
0.53842,0.9307,0.40917,0.39228,0.56463,stay
0.80182,0.52375,0.1673,-0.27807,0.51355,stay
0.79757,0.62342,0.09401,-0.17415,0.64652,right
0.45776,0.03357,0.39198,-0.42419,0.66843,stay
0.5301,0.07042,0.86304,-0.45968,0.69418,stay
0.37786,0.04275,0.35263,-0.33511,0.83479,stay
0.32978,0.5,0.0,0.17022,0.0,stay
0.64171,0.6615,0.41558,0.01979,0.94639,left
0.49786,0.64883,0.39749,0.15097,0.83421,left
0.16699,0.83841,0.53105,0.67142,0.96874,stay
0.33903,0.78015,0.58175,0.44112,0.52885,stay
0.73836,0.54236,0.40147,-0.196,0.84227,right
0.92993,0.95767,0.93392,0.02774,0.50523,left
0.76754,0.20172,0.93633,-0.56582,0.91879,stay
0.90159,0.51828,0.7828,-0.38332,0.80572,stay
0.81269,0.42901,0.56137,-0.38368,0.94438,stay
0.15191,0.8892,0.24977,0.73729,0.7373,stay
0.83321,0.36945,0.53069,-0.46375,0.58706,stay
0.23191,0.11131,0.84645,-0.1206,0.54445,right
0.20536,0.86613,0.63697,0.66077,0.62437,stay
0.61792,0.2218,0.37236,-0.39612,0.82212,stay
0.5498,0.23054,0.85746,-0.31926,0.62643,stay
0.33044,0.51928,0.23182,0.18884,0.48259,left
0.3852,0.34759,0.79365,-0.0376,0.60724,right
0.22333,0.14238,0.53586,-0.08094,0.86445,right
0.82188,0.39516,0.90979,-0.42672,0.654,stay
0.59451,0.50129,0.95772,-0.09322,0.6868,right
0.72666,0.71215,0.97385,-0.01451,0.83051,right
0.65302,0.71553,0.33575,0.06251,0.4365,left
0.20113,0.87578,0.17591,0.67465,0.85549,stay
0.10722,0.92778,0.89677,0.82056,0.81285,stay
0.57882,0.18571,0.20583,-0.39311,0.84157,stay
0.8385,0.79436,0.57489,-0.04414,0.82569,right
0.06758,0.85782,0.57569,0.79024,0.70188,stay
0.40923,0.13225,0.11452,-0.27699,0.79001,stay
0.13625,0.57524,0.82331,0.43899,0.43735,stay
0.91553,0.96194,0.09531,0.04641,0.97762,right
0.51108,0.57235,0.92632,0.06127,0.49452,left
0.30107,0.78402,0.18649,0.48295,0.92202,stay
0.44334,0.4521,0.95058,0.00876,0.71738,left
0.68798,0.51357,0.85865,-0.17442,0.99587,right
0.09513,0.47818,0.91939,0.38305,0.73274,stay
0.69424,0.5,0.0,-0.19424,0.0,stay
0.83321,0.51581,0.47697,-0.3174,0.943,stay
0.6617,0.94264,0.8737,0.28094,0.90143,stay
0.26151,0.73938,0.97232,0.47787,0.62275,stay
0.21086,0.14669,0.46254,-0.06417,0.86369,right
0.10862,0.51696,0.01746,0.40835,0.84068,stay
0.16189,0.26718,0.01965,0.10529,0.80341,left
0.60999,0.7913,0.26778,0.18131,0.95229,left
0.6503,0.81773,0.29844,0.16744,0.95462,left
0.44674,0.5748,0.73236,0.12806,0.48138,left
0.66201,0.33068,0.93897,-0.33133,0.9532,stay
0.21477,0.29287,0.94307,0.0781,0.55575,left
0.39996,0.13315,0.10788,-0.26681,0.44206,stay
0.48899,0.6693,0.82486,0.18031,0.5578,left
0.52044,0.88478,0.68437,0.36434,0.90111,stay
0.54371,0.25291,0.47135,-0.2908,0.77946,stay
0.09087,0.5,0.0,0.40913,0.0,stay
0.38677,0.67213,0.76596,0.28536,0.82008,stay
0.89418,0.5,0.0,-0.39418,0.0,stay
0.38743,0.27025,0.64362,-0.11718,0.46818,right
0.88619,0.41249,0.93503,-0.4737,0.93069,stay
0.66243,0.59062,0.38477,-0.07181,0.76966,right
0.60362,0.5384,0.72289,-0.06522,0.82487,right
0.78847,0.66916,0.06317,-0.11931,0.97648,right
0.11996,0.75821,0.75733,0.63825,0.45423,stay
0.52078,0.41731,0.93809,-0.10347,0.77801,right
0.31992,0.5,0.0,0.18008,0.0,stay
0.3601,0.55214,0.09207,0.19204,0.9273,left
0.42081,0.58485,0.99702,0.16404,0.46587,left
0.35857,0.30652,0.8048,-0.05205,0.50876,right
0.93797,0.09215,0.9601,-0.84583,0.86099,stay
0.84883,0.5,0.0,-0.34883,0.0,stay
0.69797,0.46041,0.39075,-0.23756,0.8597,stay
0.82782,0.60741,0.3274,-0.22041,0.79233,stay
0.78933,0.33894,0.36466,-0.45039,0.43537,stay
0.13908,0.77755,0.72556,0.63847,0.52742,stay
0.5833,0.71243,0.16869,0.12913,0.75992,left
0.73837,0.67832,0.04203,-0.06005,0.63227,right
0.2009,0.5,0.0,0.2991,0.0,stay
0.14049,0.75452,0.00518,0.61403,0.7437,stay
0.69188,0.16409,0.73305,-0.52779,0.67627,stay
0.45922,0.48697,0.95992,0.02775,0.65897,left
0.59092,0.67548,0.14232,0.08455,0.8891,left
0.89128,0.54761,0.82116,-0.34367,0.72134,stay
0.5134,0.49663,0.22379,-0.01677,0.59171,right
0.62504,0.42885,0.2501,-0.19619,0.91182,right
0.58278,0.77659,0.92657,0.19381,0.75795,left
0.79631,0.37871,0.12927,-0.4176,0.73261,stay
0.81993,0.85814,0.7289,0.03821,0.58637,left
0.65341,0.50798,0.01823,-0.14543,0.60605,right
0.2951,0.5,0.0,0.2049,0.0,stay
0.72379,0.5,0.0,-0.22379,0.0,stay
0.67156,0.06175,0.8579,-0.60982,0.44882,stay
0.51485,0.38148,0.05621,-0.13338,0.88115,right
0.28354,0.61949,0.44517,0.33595,0.71295,stay
0.07942,0.1639,0.09023,0.08447,0.8955,left
0.29961,0.50031,0.17048,0.20069,0.54045,left
0.336,0.0697,0.20464,-0.26629,0.8595,stay
0.60293,0.76837,0.35626,0.16544,0.48246,left
0.43675,0.60646,0.38844,0.16971,0.90026,left
0.43157,0.50469,0.04465,0.07312,0.93654,left
0.42172,0.46678,0.72031,0.04506,0.89331,left
0.24604,0.5,0.0,0.25396,0.0,stay
0.09438,0.40524,0.08508,0.31086,0.71604,stay
0.37687,0.88079,0.95659,0.50392,0.75172,stay
0.71447,0.86235,0.51959,0.14789,0.66676,left
0.63634,0.75744,0.00436,0.1211,0.77398,left
0.20996,0.40055,0.60782,0.19058,0.46959,left
0.52801,0.48051,0.79802,-0.0475,0.89814,right
0.41618,0.05458,0.28516,-0.3616,0.53532,stay
0.49311,0.95624,0.897,0.46313,0.9252,stay
0.09296,0.10194,0.04509,0.00899,0.49135,right
0.27588,0.16831,0.87191,-0.10757,0.91827,right
0.29106,0.6394,0.88914,0.34834,0.49666,stay
0.62212,0.10858,0.06926,-0.51354,0.66089,stay
0.12831,0.46617,0.92761,0.33786,0.5308,stay
0.8027,0.14872,0.60658,-0.65399,0.93084,stay
0.65555,0.662,0.58456,0.00645,0.89878,left
0.18999,0.5,0.76738,0.31001,0.56481,stay
0.1573,0.40112,0.69504,0.24383,0.98722,stay
0.08529,0.41225,0.03476,0.32696,0.4738,stay
0.39409,0.03544,0.04678,-0.35865,0.9801,stay
0.85161,0.75772,0.38763,-0.09389,0.54903,right
0.8875,0.35377,0.45443,-0.53372,0.4348,stay
0.86106,0.20369,0.35153,-0.65736,0.48174,stay
0.15154,0.56463,0.47002,0.41308,0.90401,stay
0.8355,0.19901,0.32672,-0.63649,0.8626,stay
0.73055,0.8924,0.86027,0.16184,0.78722,left
0.0759,0.5,0.0,0.4241,0.0,stay
0.08701,0.19861,0.16987,0.1116,0.71092,left
0.24699,0.9216,0.5097,0.67462,0.96237,stay
0.32944,0.38655,0.28708,0.05711,0.58901,right
0.70342,0.33127,0.64365,-0.37216,0.5003,stay
0.49118,0.43751,0.36219,-0.05367,0.9382,right
0.25699,0.51367,0.28081,0.25668,0.51564,stay
0.91591,0.72768,0.4673,-0.18823,0.96418,right
0.07309,0.63707,0.51893,0.56398,0.97507,stay
0.71124,0.55276,0.25832,-0.15848,0.70795,right
0.17189,0.63303,0.72929,0.46115,0.97936,stay
0.27107,0.5,0.0,0.22893,0.0,stay
0.45274,0.86792,0.54519,0.41518,0.60505,stay
0.77584,0.73177,0.33872,-0.04407,0.49565,left
0.07527,0.66471,0.97209,0.58944,0.50679,stay
0.0704,0.77723,0.65669,0.70683,0.92389,stay
0.23955,0.10355,0.90351,-0.136,0.94883,right
0.67976,0.91612,0.50047,0.23636,0.71146,stay
0.4912,0.62223,0.59784,0.13103,0.73975,left
0.16749,0.41444,0.65155,0.24694,0.77353,stay
0.82603,0.76596,0.86503,-0.06006,0.99803,right
0.61295,0.6733,0.95185,0.06036,0.44295,left
0.17484,0.89292,0.92656,0.71808,0.53578,stay
0.29808,0.91117,0.72502,0.61308,0.49432,stay
0.2907,0.19959,0.7027,-0.09111,0.60612,right
0.56101,0.11734,0.80235,-0.44367,0.8282,stay
0.93101,0.78536,0.0493,-0.14564,0.50075,right
0.60184,0.48098,0.75838,-0.12086,0.71844,right
0.8994,0.5,0.0,-0.3994,0.0,stay
0.23618,0.48395,0.47616,0.24777,0.67975,stay
0.66462,0.5,0.0,-0.16462,0.0,stay
0.43557,0.20314,0.04274,-0.23243,0.63155,stay
0.44419,0.2081,0.0357,-0.23609,0.44446,stay
0.72875,0.2709,0.19577,-0.45785,0.94182,stay
0.73842,0.5,0.0,-0.23842,0.0,stay
0.1913,0.35597,0.35191,0.16467,0.78638,left
0.20095,0.67446,0.92235,0.47351,0.77002,stay
0.16619,0.21752,0.60575,0.05133,0.48752,left
0.74422,0.31478,0.25865,-0.42945,0.79145,stay
0.4008,0.27041,0.9333,-0.13038,0.66192,right
0.85201,0.13607,0.46653,-0.71594,0.76344,stay
0.91549,0.45065,0.39709,-0.46484,0.844,stay
0.44801,0.29147,0.99695,-0.15654,0.67845,right
0.3185,0.69947,0.87129,0.38097,0.72912,stay
0.94353,0.0943,0.83423,-0.84923,0.68923,stay
0.54402,0.06393,0.96207,-0.4801,0.77667,stay
0.19381,0.58381,0.93291,0.39,0.67162,stay
0.09875,0.64425,0.64618,0.54549,0.46455,stay
0.56733,0.42766,0.48667,-0.13967,0.73631,right
0.12329,0.12874,0.69926,0.00545,0.64414,left
0.5485,0.69888,0.55593,0.15038,0.50976,left
0.30651,0.5,0.0,0.19349,0.0,stay
0.32239,0.14758,0.01388,-0.17481,0.49379,right
0.70965,0.62056,0.7715,-0.08909,0.84906,right
0.50817,0.2024,0.57204,-0.30577,0.70667,stay
0.40166,0.08469,0.94293,-0.31697,0.9347,stay
0.30608,0.7677,0.71485,0.46162,0.81329,stay
0.70451,0.52611,0.11119,-0.17841,0.59422,right
0.31837,0.5,0.0,0.18163,0.0,stay
0.36199,0.67706,0.41593,0.31507,0.95338,stay
0.52202,0.68453,0.40826,0.16251,0.60094,left
0.57347,0.5,0.0,-0.07347,0.0,stay
0.19121,0.1878,0.7942,-0.00341,0.64147,right
0.89153,0.13131,0.68303,-0.76022,0.76636,stay
0.18162,0.33277,0.24755,0.15115,0.91083,left
0.23001,0.42303,0.08381,0.19302,0.94574,left
0.09351,0.17655,0.13229,0.08304,0.92116,left
0.67021,0.62786,0.2999,-0.04235,0.62579,left
0.39592,0.5,0.0,0.10408,0.0,stay
0.90704,0.5,0.0,-0.40704,0.0,stay
0.62757,0.74392,0.74602,0.11635,0.81527,left
0.64199,0.42712,0.51476,-0.21487,0.67007,right
0.49962,0.96105,0.71253,0.46143,0.88102,stay
0.59103,0.03796,0.25239,-0.55307,0.8889,stay
0.36475,0.93344,0.08307,0.56869,0.99953,stay
0.19162,0.5959,0.81696,0.40428,0.80683,stay
0.12196,0.74857,0.71611,0.62661,0.43684,stay
0.68115,0.38959,0.03872,-0.29156,0.69829,stay
0.79111,0.39509,0.00441,-0.39601,0.95881,stay
0.69341,0.74185,0.85792,0.04844,0.78971,left
0.38657,0.79418,0.90722,0.4076,0.43338,stay
0.53938,0.91673,0.756,0.37735,0.78625,stay
0.6947,0.29194,0.19346,-0.40276,0.81483,stay
0.37106,0.29643,0.08233,-0.07463,0.78745,right
0.86226,0.08434,0.63161,-0.77792,0.83662,stay
0.57441,0.93694,0.1002,0.36253,0.49021,stay
0.65018,0.20131,0.90112,-0.44887,0.87741,stay
0.43861,0.91661,0.02384,0.478,0.54768,stay
0.53732,0.40966,0.52505,-0.12766,0.9784,right
0.07599,0.46262,0.70771,0.38663,0.70352,stay
0.21473,0.20241,0.41031,-0.01233,0.91884,right
0.39074,0.20372,0.60963,-0.18702,0.49281,right
0.50696,0.80132,0.28284,0.29435,0.60018,stay
0.8045,0.73375,0.9915,-0.07075,0.79072,right
0.4704,0.20902,0.91527,-0.26139,0.73505,stay
0.23996,0.64672,0.90022,0.40677,0.56808,stay
0.18929,0.83284,0.63949,0.64355,0.86458,stay
0.83547,0.22437,0.20277,-0.6111,0.57233,stay
0.28513,0.68873,0.48492,0.4036,0.88564,stay
0.69565,0.5,0.0,-0.19565,0.0,stay
0.11533,0.90236,0.10614,0.78703,0.87853,stay
0.72915,0.58567,0.84777,-0.14349,0.48184,right
0.06687,0.89589,0.86211,0.82903,0.75818,stay
0.06462,0.5,0.0,0.43538,0.0,stay
0.38608,0.19849,0.30222,-0.18759,0.54924,right
0.77138,0.5,0.0,-0.27138,0.0,stay
0.11914,0.48322,0.24904,0.36408,0.65076,stay
0.77195,0.77716,0.9894,0.0052,0.87569,left
0.62776,0.75497,0.84957,0.12721,0.43383,left
0.17655,0.33419,0.24805,0.15763,0.57865,left
0.7053,0.40893,0.31812,-0.29637,0.52031,stay
0.60618,0.05753,0.04783,-0.54865,0.43593,stay
0.4337,0.03408,0.06736,-0.39962,0.50884,stay
0.83107,0.51266,0.78002,-0.31842,0.53713,stay
0.87571,0.89714,0.76822,0.02143,0.5437,left
0.26702,0.57942,0.01044,0.31241,0.97636,stay
0.47804,0.5542,0.34295,0.07616,0.6122,left
0.46582,0.48025,0.38425,0.01443,0.76774,left
0.11756,0.03252,0.4505,-0.08504,0.76847,right
0.28446,0.21857,0.3512,-0.06588,0.79892,right
0.12016,0.16118,0.31345,0.04101,0.65467,left
0.65159,0.81147,0.70622,0.15987,0.86494,left
0.4151,0.38143,0.71877,-0.03367,0.64078,right
0.22502,0.5,0.0,0.27498,0.0,stay
0.15842,0.79013,0.22857,0.63171,0.43257,stay
0.57413,0.80347,0.36127,0.22934,0.48585,stay
0.5602,0.37563,0.25512,-0.18457,0.48866,right
0.64257,0.91971,0.93052,0.27714,0.46875,stay
0.83987,0.91772,0.12311,0.07785,0.97037,left
0.49001,0.04792,0.90718,-0.44209,0.78247,stay
0.58072,0.46864,0.65223,-0.11209,0.66652,right
0.68681,0.78927,0.10586,0.10246,0.50622,left
0.4494,0.05344,0.48266,-0.39596,0.71503,stay
0.21844,0.29306,0.88342,0.07463,0.44975,left
0.60617,0.0799,0.65476,-0.52627,0.43475,stay
0.5444,0.24407,0.48653,-0.30032,0.84253,stay
0.45928,0.40972,0.00465,-0.04956,0.52977,left
0.88437,0.70692,0.8524,-0.17745,0.50714,right
0.07901,0.27705,0.8622,0.19804,0.47958,left
0.6134,0.12092,0.47997,-0.49247,0.89059,stay
0.19045,0.08273,0.56739,-0.10772,0.8308,right
0.41079,0.39639,0.52175,-0.0144,0.67012,right
0.38203,0.08775,0.99675,-0.29428,0.55135,stay
0.24033,0.32432,0.71577,0.08399,0.85296,left
0.42544,0.49237,0.68784,0.06693,0.56951,left
0.58509,0.56884,0.54662,-0.01625,0.45384,right
0.85625,0.89295,0.03912,0.03671,0.79752,left
0.82394,0.74397,0.69964,-0.07996,0.45894,right
0.1265,0.5,0.0,0.3735,0.0,stay
0.94805,0.25579,0.55084,-0.69226,0.47291,stay
0.45558,0.60936,0.30568,0.15378,0.76298,left
0.54166,0.5,0.0,-0.04166,0.0,stay
0.17791,0.63048,0.30255,0.45257,0.87345,stay
0.20774,0.49471,0.01071,0.28696,0.91482,stay
0.77965,0.69863,0.07637,-0.08102,0.43124,right
0.45371,0.41398,0.1005,-0.03973,0.72993,right
0.79646,0.11864,0.71746,-0.67782,0.77487,stay
0.4147,0.30442,0.03021,-0.11028,0.83924,right
0.62502,0.60896,0.75205,-0.01607,0.86258,right
0.1949,0.85547,0.311,0.66057,0.80421,stay
0.06972,0.50436,0.12316,0.43463,0.83533,stay
0.63376,0.71808,0.42259,0.08432,0.59758,left
0.16939,0.09092,0.03089,-0.07846,0.75923,right
0.60109,0.39973,0.69646,-0.20136,0.68911,right
0.11894,0.19518,0.76323,0.07624,0.71581,left
0.68743,0.54902,0.17111,-0.13841,0.456,right
0.92092,0.5,0.0,-0.42092,0.0,stay
0.75639,0.47269,0.89488,-0.2837,0.58105,stay
0.84581,0.55772,0.91526,-0.28809,0.55618,stay
0.59325,0.10287,0.12462,-0.49037,0.49269,stay
0.85066,0.79336,0.55682,-0.0573,0.631,right
0.06685,0.83542,0.77602,0.76857,0.56611,stay
0.92645,0.73451,0.92576,-0.19194,0.56494,right
0.80026,0.5,0.0,-0.30026,0.0,stay
0.57952,0.52442,0.46656,-0.0551,0.89962,right
0.17929,0.69408,0.6986,0.51479,0.55124,stay
0.33231,0.33765,0.73675,0.00534,0.651,left
0.26472,0.25907,0.15902,-0.00565,0.70495,left
0.83006,0.89855,0.96011,0.06849,0.66376,left
0.46927,0.50966,0.70643,0.04039,0.79937,left
0.16781,0.73713,0.58038,0.56932,0.88889,stay
0.55146,0.37646,0.84124,-0.175,0.90962,right
0.26882,0.33595,0.47968,0.06713,0.84112,left
0.43991,0.25717,0.55521,-0.18274,0.73776,right
0.66872,0.80716,0.79953,0.13844,0.54324,left
0.174,0.23914,0.44674,0.06515,0.95579,left
0.44737,0.95949,0.56085,0.51212,0.69092,stay
0.42947,0.63127,0.83509,0.20181,0.6445,left
0.79271,0.53945,0.09659,-0.25326,0.89426,stay
0.50429,0.46328,0.44993,-0.04101,0.68597,right
0.1069,0.80442,0.90939,0.69753,0.60225,stay
0.67023,0.71774,0.90017,0.04751,0.50947,left
0.13716,0.52099,0.00726,0.38384,0.7737,stay
0.68462,0.52238,0.13525,-0.16225,0.99754,right
0.66377,0.41233,0.19498,-0.25144,0.43194,stay
0.13216,0.26702,0.24247,0.13486,0.94086,left
0.13282,0.63348,0.27709,0.50066,0.65289,stay
0.49334,0.19594,0.50729,-0.2974,0.72309,stay
0.35106,0.94676,0.91209,0.5957,0.62043,stay
0.9153,0.46361,0.91256,-0.4517,0.44506,stay
0.92263,0.84029,0.08523,-0.08234,0.91052,right
0.29478,0.09004,0.71232,-0.20474,0.75869,right
0.55235,0.81738,0.62608,0.26502,0.97103,stay
0.88767,0.83894,0.58863,-0.04873,0.94259,right
0.77832,0.90885,0.93188,0.13053,0.87641,left
0.2739,0.6984,0.23086,0.4245,0.5725,stay
0.38524,0.17443,0.43544,-0.21081,0.66778,right
0.79194,0.94103,0.04166,0.14908,0.78527,left
0.68001,0.09015,0.73996,-0.58986,0.63172,stay
0.07066,0.65187,0.60073,0.58121,0.51506,stay
0.9326,0.73052,0.01777,-0.20208,0.65996,right
0.17834,0.64966,0.74319,0.47132,0.83884,stay
0.94808,0.21734,0.72685,-0.73074,0.8212,stay
0.63064,0.63528,0.08515,0.00464,0.97445,left
0.05716,0.37593,0.11012,0.31877,0.73154,stay
0.60435,0.87,0.60339,0.26565,0.52935,stay
0.33305,0.16144,0.27697,-0.17161,0.47802,right
0.11924,0.1827,0.24047,0.06346,0.90575,left
0.68281,0.71856,0.80233,0.03575,0.93439,left
0.4286,0.61798,0.31581,0.18938,0.55805,left
0.32898,0.09139,0.94594,-0.2376,0.80164,stay
0.1787,0.66184,0.86637,0.48314,0.86657,stay
0.63914,0.45884,0.34085,-0.1803,0.90043,right
0.52541,0.29059,0.80137,-0.23482,0.736,stay
0.86093,0.20488,0.78742,-0.65605,0.59684,stay
0.17662,0.15846,0.68601,-0.01816,0.44236,right
0.05019,0.8972,0.78954,0.84701,0.94132,stay
0.51322,0.51244,0.88628,-0.00077,0.4524,right
0.8412,0.58279,0.98784,-0.25841,0.57325,stay
0.84917,0.16053,0.60191,-0.68864,0.92533,stay
0.19216,0.20175,0.68531,0.00959,0.64411,left
0.8294,0.758,0.31521,-0.0714,0.46744,right
0.30453,0.79113,0.75774,0.4866,0.81101,stay
0.94888,0.18916,0.64142,-0.75972,0.49781,stay
0.24821,0.07137,0.01211,-0.17684,0.50578,right
0.56338,0.44416,0.76944,-0.11922,0.87353,right
0.55205,0.20729,0.37711,-0.34476,0.69202,stay
0.37533,0.67022,0.6782,0.29488,0.46755,stay
0.91682,0.13888,0.30401,-0.77794,0.74608,stay
0.37821,0.73365,0.87747,0.35544,0.51096,stay
0.07029,0.53611,0.44546,0.46581,0.81279,stay
0.76433,0.50823,0.12136,-0.2561,0.54456,stay
0.1857,0.68163,0.81468,0.49593,0.5593,stay
0.66231,0.59007,0.78737,-0.07224,0.72954,right
0.71965,0.9603,0.37528,0.24065,0.73643,stay
0.59227,0.86325,0.51229,0.27098,0.91055,stay
0.31199,0.52293,0.45466,0.21094,0.64013,left
0.76142,0.86542,0.64604,0.104,0.8606,left
0.42152,0.34648,0.80035,-0.07504,0.50519,right
0.59901,0.35086,0.54925,-0.24815,0.91391,stay
0.57935,0.73122,0.12743,0.15187,0.96213,left
0.52923,0.80212,0.38463,0.27289,0.76115,stay
0.66658,0.1049,0.64684,-0.56168,0.96955,stay
0.33298,0.32956,0.77977,-0.00341,0.68251,right
0.10906,0.697,0.40339,0.58794,0.87489,stay
0.26891,0.78626,0.33611,0.51735,0.77085,stay
0.87336,0.58661,0.24565,-0.28675,0.44542,stay
0.53324,0.76453,0.31886,0.23129,0.79133,stay
0.87379,0.50546,0.71854,-0.36833,0.51773,stay
0.54974,0.58821,0.75846,0.03848,0.49141,left
0.58259,0.17207,0.44665,-0.41053,0.89047,stay
0.65561,0.56265,0.53651,-0.09296,0.52105,right
0.29398,0.30124,0.68335,0.00726,0.92875,left
0.50156,0.41619,0.54617,-0.08537,0.63917,right
0.75806,0.27397,0.49493,-0.48409,0.55963,stay
0.56758,0.32169,0.20297,-0.24589,0.83856,stay
0.52926,0.75092,0.40403,0.22166,0.83252,stay
0.84776,0.13965,0.38403,-0.70811,0.68312,stay
0.31965,0.80854,0.04285,0.48889,0.64278,stay
0.3615,0.73504,0.9093,0.37354,0.82103,stay
0.32589,0.80206,0.48962,0.47617,0.73151,stay
0.11079,0.77205,0.19361,0.66126,0.75673,stay
0.94064,0.15139,0.41841,-0.78925,0.85359,stay
0.44782,0.75298,0.66288,0.30516,0.71706,stay
0.83257,0.94253,0.40566,0.10996,0.99584,left
0.11927,0.5,0.0,0.38073,0.0,stay
0.94753,0.77222,0.25769,-0.17531,0.95092,right
0.88313,0.94876,0.20218,0.06563,0.60719,left
0.51374,0.21493,0.4619,-0.29881,0.44666,stay
0.43064,0.08377,0.29453,-0.34687,0.78157,stay
0.71296,0.77332,0.56778,0.06037,0.86165,left
0.79786,0.0816,0.97562,-0.71626,0.92608,stay
0.66556,0.14572,0.35574,-0.51984,0.51853,stay
0.76104,0.59814,0.18006,-0.16289,0.98557,right
0.62375,0.04062,0.20119,-0.58313,0.59053,stay
0.38811,0.38427,0.3205,-0.00384,0.89222,right
0.09111,0.46939,0.22728,0.37828,0.85083,stay
0.60947,0.63982,0.42036,0.03035,0.56522,left
0.12117,0.35266,0.36994,0.23149,0.73523,stay
0.44185,0.32953,0.83021,-0.11232,0.46672,right
0.30041,0.5,0.0,0.19959,0.0,stay
0.77987,0.81713,0.98239,0.03726,0.47807,left
0.65179,0.22133,0.81001,-0.43047,0.93918,stay
0.10027,0.70423,0.13187,0.60396,0.46641,stay
0.22639,0.75296,0.65673,0.52657,0.44494,stay
0.83096,0.54942,0.36882,-0.28154,0.6097,stay
0.53566,0.55221,0.87493,0.01655,0.88856,left
0.7272,0.5842,0.38403,-0.143,0.97905,right
0.70539,0.78256,0.10927,0.07716,0.53921,left
0.50786,0.4876,0.29643,-0.02027,0.80137,right
0.1352,0.57946,0.12479,0.44426,0.6058,stay
0.43753,0.71232,0.60841,0.27479,0.75099,stay
0.26635,0.16239,0.25053,-0.10396,0.55118,right
0.43096,0.59136,0.07306,0.1604,0.74749,left
0.701,0.571,0.37008,-0.13,0.60439,right
0.27083,0.16681,0.64002,-0.10402,0.48773,right
0.91716,0.69784,0.17503,-0.21931,0.50535,right
0.34532,0.5,0.0,0.15468,0.0,stay
0.94145,0.54136,0.51957,-0.4001,0.75801,stay
0.16408,0.4257,0.11365,0.26162,0.46623,stay
0.86624,0.58638,0.663,-0.27986,0.47785,stay
0.63131,0.88346,0.08946,0.25215,0.75726,stay
0.64463,0.56703,0.07861,-0.07759,0.70733,right
0.09333,0.95361,0.28785,0.86028,0.8162,stay
0.33496,0.14889,0.26041,-0.18608,0.53516,right
0.77793,0.6047,0.63965,-0.17323,0.48934,right
0.19017,0.47177,0.64022,0.2816,0.61251,stay
0.1055,0.7641,0.22229,0.6586,0.54294,stay
0.1601,0.35773,0.87043,0.19763,0.66802,left
0.33475,0.24492,0.14736,-0.08984,0.63993,right
0.44387,0.26375,0.92548,-0.18012,0.85566,right
0.30716,0.28541,0.31971,-0.02174,0.73789,left
0.70829,0.1741,0.06516,-0.53419,0.81647,stay
0.30619,0.36027,0.97752,0.05409,0.92835,left
0.72906,0.09305,0.37743,-0.63601,0.43033,stay
0.12961,0.94054,0.25573,0.81092,0.87792,stay
0.05059,0.63494,0.68234,0.58435,0.88167,stay
0.48511,0.5,0.0,0.01489,0.0,stay
0.8221,0.29083,0.85258,-0.53127,0.80341,stay
0.62689,0.5863,0.58065,-0.04059,0.52758,right
0.34927,0.07168,0.54601,-0.27759,0.8937,stay
0.76992,0.54483,0.37389,-0.22509,0.4906,stay
0.14336,0.0398,0.28293,-0.10356,0.80304,right
0.23729,0.41144,0.88362,0.17415,0.69253,left
0.55442,0.55165,0.03422,-0.00276,0.55144,right
0.73081,0.24386,0.06098,-0.48695,0.65065,stay
0.55319,0.36009,0.35435,-0.19309,0.81565,right
0.28201,0.28695,0.63016,0.00494,0.97254,left
0.43383,0.2961,0.02469,-0.13773,0.77597,right
0.3377,0.90433,0.58144,0.56663,0.90971,stay
0.42045,0.85382,0.72765,0.43337,0.48066,stay
0.33631,0.38982,0.38157,0.05351,0.74072,left
0.87431,0.27693,0.32873,-0.59738,0.48636,stay
0.6918,0.10712,0.15422,-0.58468,0.83566,stay
0.59216,0.37009,0.24396,-0.22207,0.97154,stay
0.75215,0.76078,0.25971,0.00862,0.62771,left
0.46145,0.23216,0.4429,-0.22929,0.8388,stay
0.94377,0.41084,0.86617,-0.53292,0.44042,stay
0.05463,0.94031,0.98047,0.88568,0.66475,stay
0.4183,0.5,0.0,0.0817,0.0,stay
0.59714,0.67525,0.10222,0.07811,0.92046,left
0.15997,0.48998,0.23082,0.33001,0.96717,stay
0.09026,0.03837,0.79516,-0.05188,0.622,right
0.13141,0.30425,0.15225,0.17284,0.51279,left
0.41041,0.5,0.0,0.08959,0.0,stay
0.67126,0.63039,0.94064,-0.04087,0.6395,right
0.48907,0.64311,0.1961,0.15404,0.78112,left
0.19112,0.94473,0.5215,0.75361,0.98742,stay
0.27907,0.74991,0.91009,0.47084,0.47778,stay
0.27045,0.88471,0.67411,0.61426,0.80956,stay
0.62212,0.37294,0.37018,-0.24917,0.54942,stay
0.53353,0.5,0.0,-0.03353,0.0,stay
0.05151,0.08817,0.5356,0.03666,0.91286,left
0.24674,0.87364,0.3558,0.6269,0.89592,stay
0.21757,0.38973,0.26468,0.17216,0.83322,left
0.29747,0.22346,0.82969,-0.07401,0.90818,right
0.89517,0.37539,0.01279,-0.51978,0.81427,stay
0.47447,0.5,0.0,0.02553,0.0,stay
0.05172,0.36396,0.68911,0.31224,0.9572,stay
0.27902,0.64365,0.28521,0.36463,0.69632,stay
0.76436,0.15688,0.78854,-0.60748,0.44025,stay
0.63489,0.34347,0.0974,-0.29142,0.59563,stay
0.92514,0.7385,0.87466,-0.18664,0.96699,right
0.62743,0.62235,0.79102,-0.00509,0.50757,right
0.65501,0.74495,0.01077,0.08994,0.49686,left
0.62093,0.12761,0.06912,-0.49333,0.92737,stay
0.08544,0.47158,0.40673,0.38614,0.56702,stay
0.25442,0.82321,0.99294,0.56878,0.54788,stay
0.13365,0.5,0.0,0.36635,0.0,stay
0.12684,0.43063,0.59081,0.30379,0.66503,stay
0.59935,0.1005,0.1524,-0.49885,0.78784,stay
0.30989,0.89223,0.23523,0.58235,0.74523,stay
0.4915,0.55056,0.53939,0.05906,0.6978,left
0.43442,0.64846,0.15996,0.21403,0.93026,left
0.74583,0.82878,0.2719,0.08295,0.94243,left
0.72441,0.73653,0.52347,0.01212,0.66238,left
0.80433,0.40179,0.71782,-0.40254,0.59541,stay
0.29206,0.51248,0.21072,0.22042,0.55441,stay
0.37158,0.60875,0.11835,0.23718,0.95629,stay
0.24561,0.22713,0.71438,-0.01848,0.82137,right
0.38146,0.43243,0.72038,0.05097,0.47105,left
0.30635,0.76637,0.62378,0.46001,0.86038,stay
0.50692,0.53738,0.73864,0.03046,0.73012,left
0.69559,0.8862,0.06771,0.1906,0.66883,left
0.49367,0.65764,0.39119,0.16397,0.82766,left
0.31974,0.81267,0.95742,0.49293,0.77322,stay
0.82053,0.65167,0.92683,-0.16887,0.8033,right
0.56321,0.12316,0.57813,-0.44005,0.43797,stay
0.75831,0.23595,0.91513,-0.52236,0.52439,stay
0.58749,0.60677,0.5206,0.01928,0.95149,left
0.32434,0.90712,0.64297,0.58279,0.90066,stay
0.79313,0.67822,0.57623,-0.11492,0.94736,right
0.91415,0.5,0.0,-0.41415,0.0,stay
0.79886,0.5,0.0,-0.29886,0.0,stay
0.17491,0.6932,0.4486,0.51829,0.43299,stay
0.51093,0.5,0.0,-0.01093,0.0,stay
0.20653,0.45462,0.85356,0.2481,0.4527,stay
0.8838,0.42316,0.56014,-0.46064,0.60034,stay
0.48701,0.32634,0.85677,-0.16067,0.97137,right
0.1551,0.13052,0.68986,-0.02458,0.8561,right
0.47535,0.5,0.0,0.02465,0.0,stay
0.39867,0.758,0.6789,0.35932,0.45985,stay
0.09111,0.14379,0.06925,0.05268,0.91003,right
0.94398,0.59632,0.76342,-0.34767,0.74435,stay
0.41772,0.5,0.0,0.08228,0.0,stay
0.05642,0.95521,0.63844,0.89879,0.49324,stay
0.67381,0.5,0.0,-0.17381,0.0,stay
0.59103,0.15586,0.05644,-0.43517,0.51131,stay
0.59313,0.25991,0.60746,-0.33322,0.90526,stay
0.65823,0.65362,0.61383,-0.00461,0.86562,right
0.22628,0.5,0.0,0.27372,0.0,stay
0.85159,0.85411,0.59939,0.00252,0.4437,left
0.32189,0.82098,0.05845,0.4991,0.56018,stay
0.71285,0.35067,0.90891,-0.36219,0.47012,stay
0.17575,0.14554,0.76012,-0.03021,0.99669,right
0.86414,0.5,0.0,-0.36414,0.0,stay
0.77332,0.30132,0.80567,-0.472,0.98311,stay
0.23472,0.41983,0.30468,0.18511,0.89353,left
0.53585,0.4276,0.59234,-0.10825,0.49403,right
0.40442,0.79842,0.78347,0.394,0.73215,stay
0.77036,0.61504,0.26102,-0.15532,0.94627,right
0.72679,0.82799,0.11408,0.1012,0.47669,left
0.13477,0.5,0.0,0.36523,0.0,stay
0.9153,0.32233,0.05342,-0.59297,0.48471,stay
0.57582,0.5,0.0,-0.07582,0.0,stay
0.63234,0.53762,0.64358,-0.09472,0.91298,right
0.08295,0.041,0.5875,-0.04196,0.49856,right
0.30672,0.94481,0.83933,0.63809,0.82493,stay
0.37137,0.93061,0.13449,0.55924,0.92017,stay
0.67705,0.85641,0.79065,0.17936,0.6896,left
0.18284,0.92337,0.42711,0.74053,0.90975,stay
0.21663,0.2334,0.4842,0.01677,0.84301,left
0.84855,0.14074,0.14246,-0.70782,0.82623,stay
0.90689,0.83333,0.55595,-0.07356,0.74357,right
0.76438,0.46611,0.90799,-0.29827,0.79757,stay
0.37435,0.41471,0.5437,0.04036,0.44777,left
0.90933,0.63041,0.96545,-0.27892,0.92997,stay
0.85898,0.7715,0.71936,-0.08748,0.59682,right
0.75572,0.12239,0.76702,-0.63333,0.89482,stay
0.23139,0.45934,0.83167,0.22795,0.81375,stay
0.85992,0.85514,0.05354,-0.00478,0.91171,left
0.91085,0.55313,0.04093,-0.35772,0.86273,stay
0.18428,0.55907,0.30384,0.37479,0.99653,stay
0.16777,0.83562,0.36953,0.66784,0.88539,stay
0.59809,0.34188,0.21545,-0.25621,0.79207,stay
0.72462,0.15242,0.72864,-0.5722,0.53275,stay
0.37788,0.71545,0.72611,0.33757,0.46095,stay
0.28703,0.70293,0.53283,0.4159,0.65615,stay
0.12481,0.82505,0.60627,0.70024,0.53976,stay
0.85704,0.3356,0.36369,-0.52144,0.97957,stay
0.12053,0.32517,0.28998,0.20465,0.72898,left
0.22818,0.36614,0.11446,0.13797,0.82711,left
0.48169,0.51411,0.99795,0.03242,0.93621,left
0.24392,0.26903,0.83897,0.02511,0.48489,left
0.10883,0.13611,0.47865,0.02729,0.91209,left
0.67486,0.5,0.0,-0.17486,0.0,stay
0.91605,0.08977,0.20862,-0.82628,0.5898,stay
0.71769,0.80191,0.06688,0.08422,0.65065,left
0.86444,0.46503,0.13206,-0.39941,0.67509,stay
0.16168,0.19087,0.32687,0.02919,0.64823,left
0.84883,0.44425,0.06334,-0.40459,0.80333,stay
0.475,0.21287,0.11982,-0.26213,0.818,stay
0.67108,0.26115,0.8497,-0.40993,0.9512,stay
0.3862,0.9034,0.10607,0.5172,0.61442,stay
0.64836,0.33746,0.50038,-0.31089,0.49686,stay
0.62983,0.45238,0.68843,-0.17744,0.5871,right
0.90352,0.34577,0.95184,-0.55775,0.46675,stay
0.25405,0.64361,0.6023,0.38957,0.43652,stay
0.85691,0.1905,0.94651,-0.66641,0.65205,stay
0.53692,0.64981,0.07748,0.11289,0.51688,left
0.34648,0.5,0.0,0.15352,0.0,stay
0.49402,0.701,0.80842,0.20698,0.97038,left
0.52572,0.86679,0.91523,0.34107,0.85095,stay
0.13175,0.3536,0.1621,0.22185,0.83681,stay
0.6986,0.0911,0.70759,-0.60749,0.76274,stay
0.21304,0.24344,0.18903,0.0304,0.7747,left
0.67953,0.4765,0.03208,-0.20303,0.9885,right
0.51233,0.42602,0.21389,-0.0863,0.64624,right
0.55934,0.77497,0.16998,0.21563,0.47501,left
0.86649,0.47895,0.14861,-0.38753,0.50284,stay
0.08946,0.61502,0.4531,0.52556,0.97003,stay
0.40834,0.30528,0.04517,-0.10306,0.77471,right
0.7323,0.19937,0.86118,-0.53293,0.52124,stay
0.70399,0.48301,0.66371,-0.22097,0.7956,stay
0.80286,0.5,0.0,-0.30286,0.0,stay
0.90228,0.31641,0.7483,-0.58587,0.94502,stay
0.64573,0.64828,0.29826,0.00255,0.80485,right
0.43501,0.5,0.0,0.06499,0.0,stay
0.75542,0.24996,0.23917,-0.50546,0.98039,stay
0.37868,0.79684,0.43754,0.41816,0.67331,stay
0.31117,0.5,0.0,0.18883,0.0,stay
0.84751,0.18677,0.13251,-0.66074,0.84405,stay
0.16324,0.24871,0.98168,0.08547,0.87948,left
0.55934,0.0686,0.53275,-0.49073,0.80707,stay
0.50949,0.68654,0.61519,0.17705,0.81419,left
0.321,0.26224,0.52519,-0.05876,0.45785,right
0.12747,0.22532,0.47461,0.09785,0.92449,left
0.80656,0.49915,0.59922,-0.30741,0.9558,stay
0.75261,0.12866,0.63034,-0.62394,0.65113,stay
0.53873,0.26811,0.75329,-0.27061,0.53893,stay
0.39351,0.5,0.0,0.10649,0.0,stay
0.45751,0.6698,0.94683,0.21229,0.99148,left
0.75797,0.5755,0.37311,-0.18247,0.78391,right
0.46227,0.36113,0.04994,-0.10115,0.45398,right
0.51859,0.10307,0.46194,-0.41552,0.69412,stay
0.09301,0.84228,0.29402,0.74927,0.45451,stay
0.0922,0.35375,0.64332,0.26155,0.64726,stay
0.80401,0.57469,0.76024,-0.22932,0.56901,stay
0.49137,0.14338,0.19797,-0.34799,0.62314,stay
0.74622,0.84305,0.42421,0.09683,0.48924,left
0.56056,0.9264,0.42489,0.36584,0.77824,stay
0.12749,0.25071,0.86979,0.12323,0.76047,left
0.40886,0.71584,0.31255,0.30698,0.60814,stay
0.36886,0.36649,0.61751,-0.00237,0.46258,right
0.10378,0.93375,0.06691,0.82997,0.61427,stay
0.37722,0.91642,0.71159,0.5392,0.57077,stay
0.52753,0.6204,0.0353,0.09287,0.48533,left
0.82473,0.56428,0.36541,-0.26046,0.81928,stay
0.45585,0.20605,0.91636,-0.24979,0.67728,stay
0.50775,0.73623,0.64507,0.22848,0.72022,stay
0.59877,0.35505,0.88588,-0.24372,0.47346,stay
0.35862,0.78232,0.24097,0.4237,0.80514,stay
0.51565,0.5,0.0,-0.01565,0.0,stay
0.33967,0.72165,0.83873,0.38198,0.93995,stay
0.28241,0.79403,0.17793,0.51162,0.46956,stay
0.28658,0.76504,0.42651,0.47846,0.44449,stay
0.84944,0.05,0.96784,-0.79944,0.88945,stay
0.75142,0.47977,0.32431,-0.27165,0.85964,stay
0.30043,0.92413,0.42156,0.6237,0.9059,stay
0.3386,0.31366,0.14326,-0.02494,0.80632,left
0.71007,0.7555,0.02003,0.04543,0.66132,right
0.79056,0.7955,0.4485,0.00494,0.49569,right
0.46969,0.17121,0.96667,-0.29847,0.78556,stay
0.58963,0.56425,0.20899,-0.02538,0.56794,left
0.6681,0.15576,0.99614,-0.51234,0.7094,stay
0.64897,0.81213,0.51265,0.16316,0.70909,left
0.87727,0.14274,0.88888,-0.73452,0.71116,stay
0.06967,0.75577,0.068,0.68611,0.87796,stay
0.13709,0.5,0.0,0.36291,0.0,stay
0.67939,0.63998,0.456,-0.03941,0.66392,right
0.68374,0.12372,0.21509,-0.56002,0.58431,stay
0.07736,0.60219,0.87265,0.52483,0.85562,stay
0.87258,0.05651,0.70056,-0.81607,0.97011,stay
0.46317,0.35092,0.25473,-0.11226,0.47107,right
0.59574,0.66054,0.80225,0.06481,0.83445,left
0.76882,0.89719,0.79034,0.12837,0.89376,left
0.14216,0.17324,0.22682,0.03108,0.79946,right
0.25941,0.54695,0.09347,0.28755,0.61574,stay
0.76118,0.31931,0.50669,-0.44187,0.61464,stay
0.91516,0.5,0.0,-0.41516,0.0,stay
0.91348,0.11856,0.20972,-0.79492,0.55938,stay
0.4094,0.16224,0.53345,-0.24716,0.73549,stay
0.77786,0.08881,0.10175,-0.68905,0.92703,stay
0.23252,0.45099,0.50384,0.21847,0.98788,left
0.77485,0.95966,0.5656,0.18481,0.93977,left
0.06934,0.82231,0.91065,0.75297,0.44197,stay
0.50317,0.5,0.0,-0.00317,0.0,stay
0.78525,0.77631,0.05324,-0.00894,0.75462,left
0.19379,0.76875,0.93982,0.57496,0.5072,stay
0.53728,0.12812,0.34664,-0.40916,0.66418,stay
0.12651,0.37777,0.17724,0.25126,0.7857,stay
0.75772,0.29996,0.68405,-0.45776,0.46142,stay
0.09114,0.84224,0.74125,0.7511,0.43925,stay
0.11044,0.43186,0.37612,0.32142,0.47039,stay
0.15279,0.5,0.0,0.34721,0.0,stay
0.07841,0.92131,0.1099,0.8429,0.44079,stay
0.90866,0.57109,0.11747,-0.33758,0.8655,stay
0.47903,0.30196,0.23515,-0.17707,0.9677,right
0.47021,0.7141,0.91614,0.24388,0.75132,stay
0.19059,0.23946,0.36423,0.04887,0.4351,right
0.51778,0.6888,0.37249,0.17101,0.9855,left
0.91139,0.75499,0.75158,-0.15639,0.62869,right
0.39809,0.88563,0.23767,0.48754,0.70962,stay
0.92351,0.96419,0.69406,0.04068,0.91311,left
0.61274,0.81836,0.22864,0.20562,0.80762,left
0.45043,0.57245,0.6951,0.12202,0.72792,left
0.51022,0.5,0.0,-0.01022,0.0,stay
0.45936,0.75552,0.8742,0.29617,0.66106,stay
0.86586,0.3562,0.79795,-0.50965,0.82124,stay
0.73498,0.83295,0.08965,0.09797,0.72766,left
0.63761,0.85995,0.83685,0.22234,0.67706,stay
0.12116,0.29407,0.98349,0.17292,0.48261,left
0.7359,0.21455,0.61687,-0.52134,0.58718,stay
0.88145,0.09375,0.84738,-0.7877,0.92154,stay
0.62843,0.05468,0.92908,-0.57375,0.90279,stay
0.84846,0.5,0.0,-0.34846,0.0,stay
0.31781,0.85141,0.7318,0.53361,0.91631,stay
0.53261,0.94473,0.37853,0.41212,0.74466,stay
0.83267,0.4232,0.03677,-0.40947,0.982,stay
0.19156,0.59304,0.28763,0.40148,0.87067,stay
0.84717,0.5,0.0,-0.34717,0.0,stay
0.42138,0.7358,0.49246,0.31442,0.74071,stay
0.17283,0.66008,0.46425,0.48725,0.69297,stay
0.50526,0.17744,0.90007,-0.32782,0.83863,stay
0.92707,0.89171,0.3774,-0.03536,0.93735,left
0.56699,0.36337,0.88031,-0.20363,0.92433,right
0.85528,0.5,0.0,-0.35528,0.0,stay
0.58252,0.49376,0.77261,-0.08876,0.54139,right
0.75513,0.8579,0.24874,0.10277,0.94595,left
0.47714,0.34401,0.17752,-0.13313,0.58038,right
0.05223,0.19817,0.80158,0.14593,0.62567,left
0.3201,0.55376,0.97051,0.23366,0.81596,stay
0.73857,0.49789,0.09846,-0.24068,0.6365,stay
0.54246,0.78884,0.09977,0.24638,0.95919,stay
0.52166,0.4977,0.55147,-0.02397,0.77943,right
0.59703,0.25775,0.29778,-0.33927,0.45633,stay
0.78293,0.4484,0.62208,-0.33453,0.96312,stay
0.67987,0.03699,0.78321,-0.64288,0.97395,stay
0.18064,0.5,0.0,0.31936,0.0,stay
0.64211,0.28291,0.05205,-0.3592,0.46919,stay
0.21684,0.44158,0.3894,0.22474,0.86585,stay
0.91774,0.3835,0.85947,-0.53424,0.80206,stay
0.55323,0.67445,0.85061,0.12121,0.59201,left
0.19402,0.05622,0.7966,-0.13781,0.76773,right
0.43565,0.25893,0.07939,-0.17672,0.50841,right
0.52093,0.22219,0.614,-0.29873,0.83725,stay
0.78493,0.82366,0.33197,0.03873,0.86743,right
0.11754,0.62926,0.36331,0.51172,0.88662,stay
0.93821,0.74568,0.93213,-0.19253,0.69974,right
0.90666,0.51519,0.6822,-0.39147,0.96793,stay
0.23132,0.50081,0.75461,0.26949,0.50361,stay
0.80167,0.53252,0.51078,-0.26916,0.70431,stay
0.06814,0.72809,0.5417,0.65995,0.95382,stay
0.54562,0.08732,0.27978,-0.4583,0.50822,stay
0.8524,0.5,0.0,-0.3524,0.0,stay
0.63429,0.92787,0.95863,0.29358,0.99562,stay
0.1015,0.56785,0.03043,0.46635,0.83928,stay
0.38305,0.79665,0.94346,0.41359,0.97292,stay
0.37246,0.75412,0.45192,0.38166,0.69411,stay
0.11843,0.90551,0.47656,0.78709,0.63152,stay
0.49005,0.79218,0.68601,0.30213,0.69539,stay
0.92725,0.60379,0.84384,-0.32346,0.93497,stay
0.87118,0.07653,0.08947,-0.79465,0.58733,stay
0.30475,0.79926,0.76641,0.49451,0.48761,stay
0.91392,0.94211,0.30927,0.02818,0.86652,right
0.74997,0.05137,0.93657,-0.69859,0.81454,stay
0.94834,0.28808,0.98003,-0.66025,0.97031,stay
0.33462,0.39835,0.33471,0.06373,0.93166,left
0.47042,0.13906,0.89518,-0.33136,0.7121,stay
0.26124,0.35778,0.53046,0.09654,0.97397,left
0.38798,0.23742,0.47099,-0.15056,0.70611,right
0.07719,0.27745,0.91852,0.20026,0.72829,left
0.81183,0.94394,0.46362,0.13211,0.94248,left
0.1574,0.81905,0.05935,0.66165,0.93163,stay
0.83734,0.68578,0.42896,-0.15156,0.9649,right
0.79166,0.4564,0.1662,-0.33526,0.79738,stay
0.76552,0.71557,0.37313,-0.04995,0.9712,left
0.79331,0.85095,0.96932,0.05763,0.53619,left
0.39234,0.32412,0.6115,-0.06821,0.85321,right
0.61856,0.79281,0.0631,0.17425,0.87243,left
0.18816,0.76956,0.43513,0.5814,0.85074,stay
0.40363,0.20295,0.44512,-0.20068,0.88202,right
0.56085,0.76536,0.3567,0.20451,0.94562,left
0.67747,0.66326,0.33993,-0.01421,0.59513,left
0.88725,0.11287,0.91801,-0.77437,0.53403,stay
0.82481,0.44597,0.50758,-0.37884,0.47535,stay
0.18952,0.30793,0.26335,0.11841,0.63925,left
0.18834,0.14641,0.48741,-0.04193,0.51871,right
0.52856,0.80028,0.87901,0.27172,0.82241,stay
0.67077,0.23148,0.59326,-0.43929,0.60292,stay
0.58128,0.64823,0.77166,0.06695,0.45711,left
0.8339,0.47053,0.84438,-0.36338,0.51753,stay
0.89661,0.16317,0.31189,-0.73343,0.68954,stay
0.88278,0.95208,0.69898,0.0693,0.75532,left
0.64159,0.80128,0.60494,0.15969,0.66922,left
0.4019,0.21177,0.83433,-0.19013,0.4702,right
0.46238,0.96152,0.26317,0.49913,0.88238,stay
0.55324,0.24247,0.62882,-0.31077,0.95889,stay
0.72662,0.03679,0.58245,-0.68983,0.99294,stay
0.13594,0.03163,0.98513,-0.10432,0.43717,right
0.68014,0.95132,0.22178,0.27117,0.67286,stay
0.07023,0.28203,0.47518,0.2118,0.86595,left
0.74562,0.26092,0.75234,-0.4847,0.75182,stay
0.06635,0.62777,0.80492,0.56141,0.8089,stay
0.61139,0.04249,0.02125,-0.5689,0.82517,stay
0.08946,0.29868,0.55684,0.20922,0.77484,left
0.50396,0.76274,0.4101,0.25878,0.52396,stay
0.47037,0.18431,0.19754,-0.28606,0.67169,stay
0.5554,0.52103,0.45828,-0.03437,0.44689,right
0.71949,0.73476,0.21057,0.01527,0.65632,left
0.22529,0.76224,0.01608,0.53695,0.78055,stay
0.60966,0.29551,0.74925,-0.31415,0.81022,stay
0.15621,0.5,0.0,0.34379,0.0,stay
0.55189,0.5,0.0,-0.05189,0.0,stay
0.32351,0.91793,0.96059,0.59441,0.48536,stay
0.83544,0.61084,0.53773,-0.2246,0.92801,stay
0.40377,0.26231,0.01956,-0.14147,0.6196,right
0.60209,0.11817,0.22138,-0.48392,0.80275,stay
0.19949,0.3849,0.34809,0.18541,0.97285,left
0.09457,0.36263,0.74316,0.26807,0.81422,stay
0.4729,0.81006,0.41508,0.33716,0.60157,stay
0.66746,0.12532,0.86247,-0.54214,0.88802,stay
0.91376,0.23162,0.48365,-0.68214,0.94307,stay
0.55277,0.50298,0.33997,-0.04979,0.4967,right
0.447,0.14059,0.14932,-0.30641,0.58597,stay
0.57047,0.51551,0.16288,-0.05497,0.54949,right
0.39791,0.26688,0.85157,-0.13103,0.97971,right
0.49154,0.36446,0.94114,-0.12708,0.67615,right
0.20009,0.42351,0.76551,0.22341,0.83549,stay
0.71658,0.36689,0.99536,-0.34969,0.66662,stay
0.27015,0.04618,0.49703,-0.22397,0.65438,stay
0.44012,0.44939,0.59633,0.00926,0.58485,left
0.16167,0.5,0.0,0.33833,0.0,stay
0.76039,0.11406,0.82906,-0.64632,0.60846,stay
0.74469,0.40848,0.45526,-0.33621,0.59872,stay
0.93326,0.88329,0.96905,-0.04997,0.59981,right
0.20735,0.15024,0.67175,-0.0571,0.82599,right
0.2837,0.82437,0.47686,0.54067,0.92038,stay
0.51903,0.95319,0.47283,0.43416,0.81842,stay
0.37577,0.5,0.0,0.12423,0.0,stay
0.84941,0.77603,0.12028,-0.07338,0.96252,right
0.06497,0.36859,0.04575,0.30363,0.89031,stay
0.34095,0.56166,0.18607,0.22071,0.52747,stay
0.87624,0.83685,0.33497,-0.03938,0.58224,left
0.82775,0.42305,0.96269,-0.4047,0.94432,stay
0.54275,0.09927,0.38686,-0.44348,0.68036,stay
0.19239,0.40532,0.07298,0.21294,0.65129,left
0.32122,0.11131,0.76527,-0.2099,0.67948,right
0.68076,0.8644,0.12024,0.18365,0.96182,left
0.08518,0.4062,0.55288,0.32103,0.94399,stay
0.7737,0.68416,0.46455,-0.08954,0.74772,right
0.2841,0.1769,0.34979,-0.1072,0.84526,right
0.23378,0.5,0.0,0.26622,0.0,stay
0.71371,0.34271,0.67199,-0.371,0.94281,stay
0.41747,0.16139,0.94626,-0.25608,0.60349,stay
0.45898,0.82078,0.5621,0.3618,0.44165,stay
0.33575,0.5539,0.9486,0.21815,0.49748,left
0.78769,0.48927,0.46975,-0.29842,0.44106,stay
0.06342,0.61538,0.65203,0.55197,0.48477,stay
0.07276,0.64254,0.76237,0.56978,0.47486,stay
0.68928,0.04698,0.73432,-0.6423,0.46612,stay
0.25442,0.85193,0.62582,0.59751,0.60838,stay
0.30132,0.30545,0.60653,0.00413,0.91897,left
0.15324,0.03003,0.60379,-0.1232,0.49899,right
0.51824,0.5517,0.67714,0.03346,0.97148,left
0.66982,0.84473,0.32733,0.17491,0.76536,left
0.6518,0.37316,0.92495,-0.27864,0.87834,stay
0.3088,0.13892,0.23483,-0.16988,0.99389,right
0.56239,0.5,0.0,-0.06239,0.0,stay
0.82813,0.73645,0.70527,-0.09169,0.60926,right
0.77901,0.35349,0.41176,-0.42552,0.63012,stay
0.65971,0.38619,0.78741,-0.27352,0.49325,stay
0.69499,0.3715,0.45253,-0.3235,0.48554,stay
0.37571,0.74546,0.53972,0.36975,0.55499,stay
0.37998,0.18179,0.82412,-0.19819,0.59048,right
0.92276,0.8045,0.19433,-0.11826,0.72994,right
0.29849,0.14247,0.78914,-0.15602,0.43509,right
0.48766,0.38545,0.99319,-0.10221,0.75093,right
0.88016,0.58599,0.77243,-0.29416,0.69758,stay
0.62019,0.88891,0.01862,0.26872,0.74582,stay
0.8423,0.52642,0.60919,-0.31587,0.7762,stay
0.92444,0.53515,0.97876,-0.3893,0.87357,stay
0.4827,0.78705,0.43898,0.30435,0.93975,stay
0.11393,0.5,0.0,0.38607,0.0,stay
0.16882,0.3559,0.44386,0.18707,0.79747,left
0.66486,0.17539,0.37417,-0.48947,0.53085,stay
0.42338,0.34103,0.46592,-0.08235,0.46549,right
0.21379,0.92157,0.45066,0.70779,0.89419,stay
0.25505,0.5,0.0,0.24495,0.0,stay
0.10892,0.26145,0.14138,0.15253,0.97742,left
0.72566,0.3911,0.77937,-0.33455,0.65848,stay
0.26726,0.51669,0.61125,0.24944,0.60798,stay
0.47426,0.30376,0.09306,-0.1705,0.98113,right
0.0773,0.39457,0.3531,0.31726,0.82919,stay
0.39255,0.75216,0.91225,0.35962,0.75233,stay
0.46931,0.51854,0.49582,0.04923,0.63591,left
0.42546,0.39114,0.13241,-0.03432,0.48641,right
0.16508,0.77901,0.30135,0.61394,0.81365,stay
0.27652,0.5,0.0,0.22348,0.0,stay
0.36126,0.09652,0.41624,-0.26474,0.85139,stay
0.33356,0.48656,0.5862,0.153,0.48956,left
0.36762,0.87402,0.81934,0.5064,0.68616,stay
0.75352,0.13577,0.14964,-0.61775,0.75296,stay
0.91383,0.37867,0.33252,-0.53516,0.91283,stay
0.90626,0.5,0.0,-0.40626,0.0,stay
0.87036,0.22618,0.02657,-0.64418,0.89209,stay
0.93291,0.76717,0.50745,-0.16574,0.70117,right
0.74968,0.38954,0.30478,-0.36014,0.45347,stay
0.51407,0.21177,0.45962,-0.3023,0.53823,stay
0.11538,0.0588,0.80285,-0.05659,0.67439,right
0.81749,0.13563,0.05454,-0.68186,0.9709,stay
0.78494,0.93972,0.85532,0.15479,0.80995,left
0.26653,0.45521,0.27337,0.18867,0.68311,left
0.66173,0.65103,0.08569,-0.01069,0.78261,left
0.07016,0.75422,0.89852,0.68406,0.60217,stay
0.11136,0.50483,0.41593,0.39347,0.73611,stay
0.26651,0.87045,0.18703,0.60395,0.44629,stay
0.67702,0.24427,0.04109,-0.43274,0.67847,stay
0.24486,0.09948,0.25105,-0.14538,0.74031,right
0.09064,0.52974,0.93762,0.4391,0.63423,stay
0.15358,0.82823,0.64797,0.67465,0.81597,stay
0.25402,0.45056,0.41923,0.19655,0.92208,left
0.83929,0.32337,0.10271,-0.51592,0.7169,stay
0.74876,0.5,0.0,-0.24876,0.0,stay
0.17526,0.7516,0.25002,0.57634,0.6673,stay
0.87837,0.26139,0.49811,-0.61698,0.48375,stay
0.61043,0.63741,0.44833,0.02698,0.67865,left
0.3968,0.4286,0.24679,0.0318,0.7023,right
0.13051,0.26963,0.22856,0.13912,0.63896,left
0.12566,0.43559,0.15062,0.30993,0.71625,stay
0.16784,0.63743,0.7424,0.46959,0.72682,stay
0.72296,0.09289,0.99302,-0.63007,0.55925,stay
0.46458,0.42552,0.59523,-0.03906,0.73863,right
0.6765,0.15719,0.41356,-0.51931,0.687,stay
0.22182,0.50786,0.98211,0.28604,0.79155,stay
0.70449,0.9164,0.20965,0.2119,0.88468,left
0.06145,0.03059,0.04592,-0.03086,0.6266,right
0.15076,0.94745,0.96252,0.79669,0.84665,stay
0.24705,0.62809,0.04563,0.38104,0.68515,stay
0.86961,0.62298,0.7407,-0.24662,0.67834,stay
0.09413,0.42194,0.17825,0.32781,0.81309,stay
0.21958,0.87323,0.61343,0.65366,0.90391,stay
0.27684,0.5,0.0,0.22316,0.0,stay
0.78586,0.54704,0.10873,-0.23882,0.77407,stay
0.14462,0.33349,0.6876,0.18887,0.67834,left
0.83487,0.60285,0.38536,-0.23202,0.88007,stay
0.29648,0.21065,0.14621,-0.08583,0.44007,right
0.70675,0.5,0.0,-0.20675,0.0,stay
0.63975,0.5,0.0,-0.13975,0.0,stay
0.62857,0.1643,0.13963,-0.46427,0.85464,stay
0.06836,0.47152,0.02224,0.40316,0.61041,stay
0.69523,0.4895,0.89889,-0.20573,0.68393,right
0.33004,0.12646,0.62855,-0.20359,0.69853,right
0.37654,0.09931,0.03002,-0.27723,0.49566,stay
0.81999,0.09038,0.64237,-0.72961,0.53076,stay
0.47602,0.73171,0.94407,0.25569,0.64052,stay
0.92516,0.68149,0.44501,-0.24367,0.97584,stay
0.48847,0.341,0.12822,-0.14747,0.80362,right
0.13305,0.79325,0.92332,0.6602,0.88499,stay
0.37336,0.17403,0.60774,-0.19932,0.73964,right
0.48342,0.40582,0.74189,-0.0776,0.6095,right
0.19001,0.14415,0.9371,-0.04586,0.97354,right
0.18646,0.51451,0.20451,0.32805,0.94354,stay
0.84467,0.19337,0.42431,-0.6513,0.72281,stay
0.13149,0.59209,0.87693,0.4606,0.66064,stay
0.21465,0.49721,0.52833,0.28256,0.51498,stay
0.70471,0.5,0.0,-0.20471,0.0,stay
0.90083,0.79027,0.94088,-0.11056,0.46741,right
0.10882,0.05018,0.92017,-0.05865,0.92559,right
0.93905,0.5,0.0,-0.43905,0.0,stay
0.34739,0.5,0.0,0.15261,0.0,stay
0.60881,0.89323,0.15417,0.28442,0.65513,stay
0.43119,0.35741,0.32074,-0.07378,0.76851,right
0.3156,0.73263,0.17564,0.41703,0.50533,stay
0.71475,0.12646,0.98977,-0.5883,0.74268,stay
0.49544,0.15837,0.95531,-0.33707,0.75096,stay
0.6478,0.57559,0.77512,-0.0722,0.7294,right
0.81245,0.11755,0.97215,-0.6949,0.79186,stay
0.53819,0.77681,0.78769,0.23862,0.47615,stay
0.31251,0.82986,0.92604,0.51735,0.65398,stay
0.42937,0.1564,0.89327,-0.27297,0.78947,stay
0.05894,0.11844,0.20988,0.0595,0.86998,left
0.21398,0.5,0.0,0.28602,0.0,stay
0.20217,0.07852,0.99036,-0.12365,0.89107,right
0.84966,0.47768,0.44616,-0.37198,0.6405,stay
0.14004,0.61234,0.90012,0.4723,0.61114,stay
0.30818,0.71712,0.96304,0.40894,0.65142,stay
0.37563,0.5,0.0,0.12437,0.0,stay
0.37235,0.15665,0.89866,-0.2157,0.70662,right
0.49248,0.92644,0.05211,0.43396,0.99545,stay
0.81375,0.74091,0.22772,-0.07285,0.65496,right
0.71763,0.50321,0.70463,-0.21442,0.43758,right
0.22951,0.86157,0.52581,0.63206,0.78953,stay
0.82052,0.52665,0.32537,-0.29387,0.9646,stay
0.4499,0.30999,0.1365,-0.13991,0.92114,right
0.32994,0.57396,0.92889,0.24403,0.7582,stay
0.60272,0.78806,0.34076,0.18534,0.53115,left
0.71569,0.91768,0.15185,0.20199,0.68273,left
0.1201,0.38044,0.50204,0.26034,0.94411,stay
0.89445,0.14803,0.17368,-0.74642,0.74284,stay
0.07326,0.17079,0.35334,0.09753,0.64606,left
0.71369,0.17104,0.42854,-0.54264,0.94105,stay
0.84794,0.93732,0.94285,0.08939,0.54312,left
0.55396,0.55546,0.05755,0.00149,0.62813,left
0.50334,0.5,0.0,-0.00334,0.0,stay
0.33214,0.78882,0.60409,0.45668,0.84046,stay
0.82151,0.50868,0.84185,-0.31283,0.51052,stay
0.18575,0.39005,0.15281,0.20431,0.55195,left
0.94851,0.19497,0.65599,-0.75354,0.85157,stay
0.8266,0.7097,0.08363,-0.11689,0.52401,right
0.31294,0.23812,0.70904,-0.07482,0.87777,right
0.47329,0.5,0.0,0.02671,0.0,stay
0.39336,0.11237,0.47919,-0.281,0.85311,stay
0.06865,0.94992,0.85627,0.88126,0.80584,stay
0.72494,0.6387,0.54559,-0.08625,0.48922,right
0.44202,0.71716,0.2684,0.27515,0.91548,stay
0.56653,0.52769,0.39803,-0.03884,0.80025,left
0.76988,0.30057,0.88379,-0.46931,0.50347,stay
0.63312,0.78501,0.18477,0.15189,0.49318,left
0.12033,0.76544,0.29823,0.64511,0.49722,stay
0.84249,0.7246,0.65044,-0.11789,0.47162,right
0.90376,0.56504,0.40818,-0.33872,0.53781,stay
0.2114,0.07229,0.69501,-0.13912,0.905,right
0.92132,0.80536,0.49471,-0.11596,0.61403,right
0.41695,0.74618,0.8807,0.32923,0.75865,stay
0.53595,0.21807,0.4023,-0.31788,0.78623,stay
0.61075,0.92158,0.66288,0.31083,0.87173,stay
0.49811,0.50451,0.54244,0.0064,0.8914,left
0.17793,0.58425,0.04865,0.40632,0.93972,stay
0.53398,0.69058,0.97622,0.1566,0.87187,left
0.38364,0.19045,0.91084,-0.19319,0.64143,right
0.33391,0.84477,0.53156,0.51086,0.53626,stay
0.89626,0.13185,0.23382,-0.76442,0.44426,stay
0.50059,0.46051,0.92635,-0.04008,0.44225,right
0.85348,0.15764,0.49096,-0.69584,0.6885,stay
0.15891,0.18228,0.57042,0.02337,0.80885,left
0.57517,0.33016,0.46024,-0.24501,0.75642,stay
0.2436,0.82993,0.40901,0.58633,0.75049,stay
0.92092,0.64898,0.38279,-0.27194,0.60555,stay
0.82865,0.29339,0.72405,-0.53526,0.58724,stay
0.22798,0.63723,0.8093,0.40925,0.48243,stay
0.2653,0.91848,0.73478,0.65318,0.59432,stay
0.60176,0.18275,0.99062,-0.41901,0.85141,stay
0.77699,0.53915,0.10057,-0.23783,0.78005,stay
0.44374,0.29625,0.62038,-0.14749,0.95733,right
0.84359,0.50175,0.92356,-0.34184,0.91055,stay
0.76305,0.8052,0.39635,0.04215,0.89936,left
0.91104,0.95229,0.65349,0.04125,0.87959,left
0.52154,0.33276,0.49903,-0.18879,0.78091,right
0.88025,0.60343,0.99295,-0.27682,0.85859,stay
0.68206,0.47765,0.27838,-0.20442,0.45182,right
0.22526,0.1319,0.07781,-0.09336,0.77382,right
0.81664,0.63171,0.25319,-0.18493,0.95289,right
0.66899,0.49242,0.75547,-0.17658,0.60078,right
0.64793,0.11048,0.97465,-0.53746,0.46858,stay
0.4614,0.13421,0.90515,-0.3272,0.77014,stay
0.54651,0.43203,0.00967,-0.11449,0.47289,right
0.38784,0.27836,0.74534,-0.10948,0.55186,right
0.45893,0.09618,0.97899,-0.36275,0.94899,stay
0.05065,0.62974,0.37904,0.5791,0.53575,stay
0.53648,0.04661,0.76396,-0.48987,0.99471,stay
0.62386,0.8558,0.72797,0.23194,0.89814,stay
0.75832,0.49642,0.37911,-0.2619,0.65917,stay
0.05468,0.31977,0.35992,0.2651,0.58377,stay
0.28579,0.88167,0.05266,0.59588,0.7649,stay
0.85495,0.5,0.0,-0.35495,0.0,stay
0.24063,0.20862,0.74148,-0.032,0.85572,right
0.89736,0.19539,0.54794,-0.70197,0.96695,stay
0.2644,0.06675,0.14814,-0.19765,0.93365,right
0.15142,0.3942,0.10673,0.24278,0.96186,stay
0.12628,0.15591,0.11786,0.02963,0.60407,left
0.55659,0.52873,0.047,-0.02787,0.7339,left
0.91197,0.2,0.35482,-0.71198,0.64638,stay
0.91702,0.28964,0.89264,-0.62738,0.50038,stay
0.76374,0.24696,0.82818,-0.51678,0.69044,stay
0.79618,0.5,0.0,-0.29618,0.0,stay
0.88439,0.56682,0.44035,-0.31757,0.7189,stay
0.37288,0.50834,0.29365,0.13547,0.83222,left
0.7251,0.18499,0.90689,-0.54011,0.89284,stay
0.13098,0.267,0.40619,0.13601,0.43151,left
0.66048,0.35161,0.97644,-0.30887,0.85034,stay
0.75047,0.10724,0.87344,-0.64323,0.89856,stay
0.58121,0.92206,0.35248,0.34086,0.65599,stay
0.26841,0.63986,0.01437,0.37144,0.79062,stay
0.60071,0.13761,0.8468,-0.46311,0.47154,stay
0.73651,0.27508,0.53103,-0.46143,0.59611,stay
0.74005,0.84232,0.99426,0.10226,0.57099,left
0.33453,0.44338,0.46892,0.10885,0.78989,left
0.70939,0.79179,0.70041,0.0824,0.45996,left
0.8966,0.36699,0.30019,-0.52961,0.52689,stay
0.74219,0.826,0.87181,0.0838,0.94948,left
0.43881,0.31636,0.9253,-0.12245,0.68262,right
0.36406,0.36549,0.45236,0.00142,0.82669,left
0.66665,0.36611,0.35419,-0.30054,0.69593,stay
0.1008,0.50366,0.28926,0.40286,0.895,stay
0.91437,0.2153,0.63422,-0.69907,0.59664,stay
0.5004,0.84216,0.80629,0.34176,0.84269,stay
0.41382,0.07963,0.19524,-0.33419,0.53546,stay
0.19665,0.76272,0.28494,0.56608,0.85896,stay
0.53236,0.51692,0.76096,-0.01544,0.55329,right
0.53579,0.92326,0.02112,0.38747,0.64614,stay
0.64166,0.42789,0.14625,-0.21377,0.72552,right
0.07116,0.05923,0.12108,-0.01192,0.53586,left
0.75871,0.51123,0.77803,-0.24747,0.48849,stay
0.34579,0.29722,0.98133,-0.04857,0.49953,right
0.39245,0.77352,0.81046,0.38107,0.84951,stay
0.5108,0.43363,0.26762,-0.07716,0.85489,right
0.83698,0.854,0.09334,0.01702,0.63545,left
0.7778,0.1983,0.19331,-0.57949,0.43975,stay
0.70649,0.5,0.0,-0.20649,0.0,stay
0.08925,0.56946,0.85167,0.48021,0.55794,stay
0.26063,0.41042,0.76098,0.14979,0.68622,left
0.5271,0.6938,0.02263,0.1667,0.9559,left
0.68698,0.28663,0.66228,-0.40035,0.61333,stay
0.83376,0.61253,0.24083,-0.22123,0.95031,stay
0.88527,0.87051,0.30411,-0.01475,0.5088,left
0.88418,0.91532,0.74928,0.03114,0.80848,left
0.38682,0.64286,0.33138,0.25604,0.9165,stay
0.59399,0.43016,0.1798,-0.16382,0.72037,right
0.14685,0.5,0.0,0.35315,0.0,stay
0.12196,0.78296,0.0607,0.661,0.74807,stay
0.42409,0.5,0.0,0.07591,0.0,stay
0.90027,0.27297,0.57832,-0.62731,0.5925,stay
0.5381,0.79265,0.82715,0.25455,0.65942,stay
0.4647,0.78091,0.67753,0.31621,0.65516,stay
0.70977,0.68436,0.42471,-0.02542,0.46083,left
0.1738,0.6842,0.29108,0.51039,0.51255,stay
0.88,0.56505,0.25194,-0.31495,0.484,stay
0.90355,0.5,0.0,-0.40355,0.0,stay
0.63773,0.75527,0.01234,0.11754,0.60493,left
0.43349,0.4695,0.40895,0.03601,0.88857,right
0.49058,0.22172,0.55275,-0.26886,0.62665,stay
0.1494,0.5,0.0,0.3506,0.0,stay
0.86333,0.5,0.0,-0.36333,0.0,stay
0.71434,0.24137,0.46202,-0.47297,0.52006,stay
0.76059,0.62972,0.61153,-0.13087,0.52686,right
0.19377,0.29196,0.80217,0.09819,0.59415,left
0.87729,0.18355,0.90962,-0.69374,0.89547,stay
0.77691,0.96085,0.22563,0.18394,0.82304,left
0.12271,0.68682,0.09972,0.56411,0.4587,stay
0.25536,0.86651,0.10178,0.61116,0.49581,stay
0.80728,0.6146,0.02848,-0.19268,0.44472,right
0.44067,0.39967,0.03709,-0.04099,0.95584,left
0.30672,0.6848,0.73051,0.37807,0.87652,stay
0.1424,0.82677,0.43179,0.68437,0.66694,stay
0.94208,0.13879,0.32598,-0.80329,0.6109,stay
0.6989,0.64879,0.53896,-0.05011,0.65087,right
0.94754,0.19913,0.76762,-0.74841,0.44534,stay
0.30726,0.62977,0.06125,0.32252,0.46502,stay
0.08168,0.54285,0.01979,0.46117,0.89968,stay
0.61891,0.67046,0.76763,0.05155,0.68079,left
0.59101,0.43113,0.68681,-0.15988,0.98208,right
0.59085,0.5,0.0,-0.09085,0.0,stay
0.10741,0.85597,0.54843,0.74856,0.44503,stay
0.72959,0.7774,0.05058,0.04781,0.76545,right
0.17881,0.46348,0.25398,0.28467,0.57554,stay
0.59624,0.76782,0.52795,0.17158,0.73776,left
0.53951,0.5,0.0,-0.03951,0.0,stay
0.90605,0.35123,0.76616,-0.55482,0.53944,stay
0.40969,0.16872,0.68762,-0.24097,0.93882,stay
0.33948,0.2982,0.28016,-0.04128,0.77572,right
0.9411,0.12561,0.23357,-0.81549,0.97209,stay
0.7523,0.61669,0.95719,-0.1356,0.53391,right
0.57604,0.03691,0.99943,-0.53913,0.9809,stay
0.34087,0.66449,0.41123,0.32362,0.89115,stay
0.77175,0.05295,0.27196,-0.7188,0.92704,stay
0.11414,0.47769,0.36473,0.36355,0.8903,stay
0.8,0.16673,0.2715,-0.63326,0.68243,stay
0.64836,0.57667,0.23259,-0.07168,0.56929,right
0.5767,0.17636,0.56871,-0.40034,0.99644,stay
0.78711,0.30702,0.14414,-0.48009,0.91639,stay
0.37098,0.29546,0.39814,-0.07553,0.54108,right
0.77837,0.78986,0.85584,0.01149,0.59597,left
0.56286,0.5,0.0,-0.06286,0.0,stay
0.26258,0.94955,0.50125,0.68697,0.89278,stay
0.05731,0.95724,0.4042,0.89993,0.50271,stay
0.55169,0.62278,0.12078,0.07109,0.74237,left
0.15673,0.36862,0.54603,0.21189,0.62024,left
0.22099,0.68536,0.72204,0.46438,0.84609,stay
0.58562,0.50445,0.22209,-0.08117,0.59518,right
0.43832,0.10144,0.66325,-0.33688,0.7854,stay
0.73567,0.14396,0.36873,-0.59172,0.86058,stay
0.63685,0.06639,0.22947,-0.57046,0.9455,stay
0.24176,0.72374,0.56884,0.48198,0.55395,stay
0.66977,0.68663,0.92381,0.01685,0.66819,left
0.78522,0.96658,0.30346,0.18136,0.69444,left
0.16701,0.39769,0.28587,0.23069,0.69185,stay
0.65999,0.70767,0.65918,0.04768,0.90785,left
0.61255,0.65151,0.93367,0.03896,0.67233,left
0.86831,0.03743,0.27978,-0.83088,0.73084,stay
0.24712,0.87202,0.77854,0.6249,0.4634,stay
0.32458,0.5,0.0,0.17542,0.0,stay
0.28149,0.1807,0.74001,-0.10079,0.67609,right
0.28317,0.20488,0.56067,-0.07829,0.50602,right
0.60733,0.11778,0.952,-0.48955,0.56388,stay
0.06629,0.48324,0.38712,0.41696,0.64502,stay
0.11754,0.33957,0.61275,0.22203,0.89312,stay
0.8433,0.21622,0.17992,-0.62708,0.68882,stay
0.26197,0.73853,0.95403,0.47656,0.60211,stay
0.62525,0.12692,0.40332,-0.49832,0.9609,stay
0.23158,0.62732,0.97411,0.39573,0.47293,stay
0.15147,0.49961,0.59393,0.34814,0.73112,stay
0.26898,0.58354,0.52396,0.31455,0.65559,stay
0.8401,0.46508,0.35874,-0.37502,0.60412,stay
0.51138,0.86735,0.14687,0.35597,0.52481,stay
0.88932,0.03588,0.0394,-0.85343,0.51889,stay
0.11785,0.33057,0.58882,0.21272,0.51075,left
0.82454,0.17957,0.74907,-0.64497,0.7326,stay
0.20705,0.5,0.0,0.29295,0.0,stay
0.21459,0.27789,0.38632,0.0633,0.7947,left
0.22999,0.11272,0.24523,-0.11727,0.75646,right
0.21141,0.78608,0.98141,0.57467,0.97383,stay
0.44409,0.61161,0.48443,0.16753,0.75059,left
0.23756,0.5,0.0,0.26244,0.0,stay
0.25294,0.43018,0.75263,0.17723,0.86482,left
0.86722,0.38279,0.94147,-0.48443,0.54305,stay
0.70745,0.77331,0.04503,0.06586,0.6115,left
0.09429,0.44223,0.19864,0.34794,0.86946,stay
0.12662,0.58994,0.0915,0.46332,0.79933,stay
0.05726,0.5,0.0,0.44274,0.0,stay
0.70167,0.33236,0.03843,-0.36931,0.94387,stay
0.15072,0.4728,0.615,0.32207,0.51745,stay
0.35971,0.5,0.0,0.14029,0.0,stay
0.65811,0.83112,0.30089,0.17301,0.60721,left
0.22888,0.66624,0.32568,0.43737,0.87402,stay
0.3859,0.5,0.0,0.1141,0.0,stay
0.10866,0.27701,0.94866,0.16835,0.63386,left
0.7069,0.44984,0.91615,-0.25706,0.74748,stay
0.26752,0.89985,0.06344,0.63233,0.50849,stay
0.52783,0.42997,0.74594,-0.09786,0.61855,right
0.56137,0.7812,0.91375,0.21983,0.75711,left
0.15748,0.44678,0.71059,0.28929,0.60911,stay
0.60106,0.5,0.0,-0.10106,0.0,stay
0.67749,0.55115,0.19184,-0.12634,0.80901,right
0.63658,0.8637,0.41622,0.22712,0.89022,stay
0.55603,0.17693,0.05574,-0.3791,0.58013,stay
0.54823,0.54851,0.76158,0.00028,0.49826,left
0.68084,0.67423,0.80491,-0.0066,0.64734,right
0.93563,0.95828,0.54022,0.02265,0.88515,left
0.29959,0.64654,0.70143,0.34695,0.50563,stay
0.35484,0.5,0.0,0.14516,0.0,stay
0.80337,0.56039,0.15113,-0.24298,0.82699,stay
0.13307,0.42816,0.27668,0.29509,0.43202,stay
0.46129,0.5,0.0,0.03871,0.0,stay
0.9465,0.88318,0.67803,-0.06332,0.4748,right
0.19412,0.55626,0.95846,0.36214,0.56216,stay
0.56332,0.33308,0.09773,-0.23024,0.70836,stay
0.67931,0.71613,0.00625,0.03682,0.9491,right
0.82695,0.78346,0.28295,-0.04349,0.88494,left
0.79728,0.23887,0.94061,-0.55841,0.74132,stay
0.05162,0.68989,0.57283,0.63827,0.91493,stay
0.20268,0.5429,0.66511,0.34022,0.95575,stay
0.91245,0.28005,0.44948,-0.6324,0.87314,stay
0.63839,0.1419,0.62467,-0.49648,0.96913,stay
0.50289,0.3579,0.70622,-0.14498,0.65266,right
0.44426,0.0712,0.83475,-0.37306,0.48694,stay
0.54879,0.5812,0.81305,0.03241,0.56281,left
0.06865,0.50424,0.05685,0.43559,0.50692,stay
0.70798,0.56018,0.21773,-0.1478,0.49738,right
0.30921,0.21067,0.34385,-0.09854,0.5623,right
0.73968,0.23715,0.25763,-0.50252,0.70149,stay
0.56419,0.63456,0.89235,0.07038,0.90819,left
0.8477,0.10187,0.0754,-0.74583,0.44062,stay
0.36659,0.5355,0.82375,0.16891,0.81997,left
0.30403,0.3577,0.57468,0.05367,0.71953,left
0.16262,0.22915,0.61904,0.06653,0.55478,left
0.7778,0.21076,0.58211,-0.56705,0.7886,stay
0.74495,0.64401,0.32396,-0.10094,0.43772,right
0.81652,0.95824,0.12502,0.14172,0.7871,left
0.51951,0.74151,0.6432,0.222,0.59106,stay
0.1709,0.32704,0.06733,0.15614,0.44582,left
0.82403,0.03525,0.63402,-0.78878,0.97369,stay
0.64302,0.03207,0.35514,-0.61095,0.79119,stay
0.69984,0.09565,0.74861,-0.60419,0.81875,stay
0.5545,0.5,0.0,-0.0545,0.0,stay
0.43238,0.19562,0.95632,-0.23676,0.80655,stay
0.37936,0.70603,0.79855,0.32667,0.99033,stay
0.82054,0.52427,0.12577,-0.29627,0.46461,stay
0.2083,0.76836,0.48506,0.56006,0.49616,stay
0.72994,0.13903,0.1676,-0.5909,0.65728,stay
0.65489,0.40259,0.52266,-0.2523,0.81562,stay
0.21701,0.5,0.0,0.28299,0.0,stay
0.6023,0.46593,0.95659,-0.13637,0.92491,right
0.72744,0.55193,0.39489,-0.17551,0.67011,right
0.47726,0.38363,0.70978,-0.09364,0.67767,right
0.7058,0.34188,0.09416,-0.36392,0.66003,stay
0.80669,0.51783,0.74125,-0.28887,0.61096,stay
0.58394,0.74542,0.16309,0.16148,0.52076,left
0.28279,0.48404,0.72992,0.20125,0.51057,left
0.27686,0.59537,0.93814,0.31851,0.65423,stay
0.26571,0.54956,0.30927,0.28386,0.97634,stay
0.90019,0.72531,0.70215,-0.17488,0.77992,right
0.08045,0.17714,0.19149,0.09669,0.46765,left
0.18929,0.46483,0.9119,0.27554,0.48854,stay
0.09111,0.32571,0.94351,0.23459,0.43483,stay
0.17203,0.73509,0.4116,0.56306,0.46379,stay
0.19119,0.92969,0.24727,0.7385,0.52879,stay
0.68333,0.03102,0.47681,-0.65231,0.50564,stay
0.18547,0.55811,0.8817,0.37264,0.91633,stay
0.92005,0.84906,0.18719,-0.07098,0.5355,right
0.65318,0.4509,0.14813,-0.20228,0.44737,right
0.85803,0.48894,0.27294,-0.36909,0.70682,stay
0.66064,0.93406,0.68288,0.27341,0.45338,stay
0.84891,0.76467,0.40451,-0.08424,0.54246,right
0.11116,0.84011,0.40378,0.72895,0.96671,stay
0.45702,0.78209,0.38887,0.32507,0.62675,stay
0.71239,0.64445,0.24753,-0.06794,0.92864,right
0.44073,0.28008,0.7836,-0.16065,0.64799,right
0.18806,0.40949,0.4804,0.22143,0.48877,stay
0.9262,0.27304,0.38184,-0.65316,0.45622,stay
0.19333,0.85547,0.77745,0.66214,0.97091,stay
0.28852,0.42685,0.66317,0.13833,0.78192,left
0.57378,0.28299,0.03769,-0.29079,0.90798,stay
0.7019,0.26801,0.11767,-0.43389,0.72454,stay
0.78783,0.53812,0.17153,-0.24972,0.48074,stay
0.66886,0.94934,0.66637,0.28048,0.46848,stay
0.42367,0.12918,0.63862,-0.29448,0.63404,stay
0.41951,0.11823,0.22213,-0.30128,0.71796,stay
0.70849,0.5,0.0,-0.20849,0.0,stay
0.54273,0.47522,0.88045,-0.06751,0.57194,right
0.18561,0.3275,0.2457,0.14189,0.85093,left
0.87841,0.68828,0.44619,-0.19013,0.54693,right
0.63632,0.20706,0.51729,-0.42926,0.56697,stay
0.13027,0.15471,0.93139,0.02444,0.63399,left
0.49172,0.95533,0.91601,0.46361,0.58975,stay
0.8401,0.82025,0.87504,-0.01985,0.81075,right
0.93995,0.38121,0.70194,-0.55875,0.95029,stay
0.5445,0.5,0.0,-0.0445,0.0,stay
0.81631,0.38719,0.20869,-0.42912,0.98341,stay
0.49174,0.77536,0.09305,0.28362,0.55631,stay
0.24443,0.96792,0.40006,0.72349,0.54059,stay
0.45863,0.67614,0.92391,0.21751,0.87906,left
0.9238,0.07979,0.75447,-0.84401,0.76485,stay
0.49169,0.77641,0.04159,0.28472,0.46342,stay
0.67399,0.70872,0.87852,0.03473,0.81039,left
0.14787,0.79522,0.77134,0.64735,0.64598,stay
0.12884,0.71418,0.44422,0.58534,0.99578,stay
0.42191,0.76676,0.48247,0.34486,0.64102,stay
0.48953,0.03478,0.35226,-0.45474,0.90544,stay
0.82265,0.2918,0.91596,-0.53085,0.56058,stay
0.57666,0.63194,0.23627,0.05528,0.74388,left
0.31622,0.81327,0.8441,0.49705,0.49788,stay
0.66929,0.5,0.0,-0.16929,0.0,stay
0.7667,0.58593,0.35194,-0.18076,0.47229,right
0.55616,0.5,0.0,-0.05616,0.0,stay
0.61637,0.36568,0.1525,-0.25069,0.68042,stay
0.9481,0.68006,0.63902,-0.26803,0.47345,stay
0.88768,0.51706,0.19475,-0.37062,0.87686,stay
0.14631,0.12054,0.1489,-0.02578,0.5394,right
0.40782,0.86037,0.06083,0.45254,0.77292,stay
0.60551,0.11521,0.15793,-0.49031,0.70666,stay
0.54073,0.6957,0.25437,0.15497,0.8848,left
0.25465,0.85005,0.44071,0.5954,0.87951,stay
0.76858,0.5,0.0,-0.26858,0.0,stay
0.66791,0.83836,0.08669,0.17046,0.48727,left
0.55886,0.96794,0.63032,0.40908,0.84835,stay
0.70089,0.17356,0.93215,-0.52733,0.57002,stay
0.23858,0.5,0.0,0.26142,0.0,stay
0.22327,0.5,0.0,0.27673,0.0,stay
0.78982,0.1956,0.95588,-0.59422,0.46968,stay
0.83026,0.70903,0.34255,-0.12122,0.66799,right
0.0807,0.89378,0.55736,0.81308,0.87531,stay
0.87461,0.52735,0.63673,-0.34727,0.63707,stay
0.70759,0.29319,0.26294,-0.41441,0.48832,stay
0.72881,0.14883,0.51831,-0.57998,0.49336,stay
0.4265,0.41401,0.14594,-0.01249,0.59541,right
0.38366,0.21874,0.61919,-0.16492,0.50665,right
0.66302,0.07204,0.21449,-0.59098,0.69062,stay
0.09568,0.8368,0.54367,0.74112,0.47228,stay
0.75159,0.7686,0.86748,0.01701,0.93168,left
0.09622,0.47294,0.03268,0.37671,0.59611,stay
0.62907,0.4997,0.96495,-0.12936,0.89271,right
0.38441,0.5,0.0,0.11559,0.0,stay
0.77244,0.5,0.0,-0.27244,0.0,stay
0.30642,0.03475,0.20714,-0.27167,0.87577,stay
0.25498,0.90537,0.02635,0.65039,0.87564,stay
0.13644,0.52498,0.69413,0.38854,0.71717,stay
0.05616,0.39323,0.44641,0.33707,0.72698,stay
0.89437,0.25179,0.40508,-0.64258,0.87453,stay
0.25516,0.31245,0.74372,0.05729,0.8712,left
0.84845,0.0362,0.88203,-0.81225,0.68074,stay
0.10263,0.72159,0.06096,0.61896,0.60875,stay
0.94927,0.5,0.0,-0.44927,0.0,stay
0.61189,0.29961,0.08251,-0.31228,0.71819,stay
0.93742,0.36099,0.53821,-0.57643,0.54961,stay
0.46472,0.34303,0.67767,-0.12169,0.83131,right
0.68417,0.28754,0.82351,-0.39663,0.71792,stay
0.43535,0.60918,0.78485,0.17383,0.89371,left
0.4639,0.40743,0.59212,-0.05647,0.53492,right
0.08472,0.04331,0.12468,-0.04141,0.65596,right
0.39464,0.52746,0.99759,0.13282,0.82676,left
0.75698,0.95452,0.68339,0.19754,0.51346,left
0.85408,0.0319,0.633,-0.82218,0.59131,stay
0.91527,0.5,0.0,-0.41527,0.0,stay
0.65601,0.5,0.0,-0.15601,0.0,stay
0.12789,0.68828,0.32115,0.56039,0.74204,stay
0.30251,0.46805,0.44663,0.16554,0.61409,left
0.82911,0.25113,0.70222,-0.57798,0.65473,stay
0.38594,0.87771,0.7262,0.49177,0.73824,stay
0.78356,0.60293,0.28033,-0.18063,0.65278,right
0.46742,0.57593,0.24184,0.10851,0.61125,left
0.44659,0.19726,0.71441,-0.24933,0.93883,stay
0.52907,0.44553,0.04776,-0.08353,0.79183,right
0.62772,0.31397,0.24488,-0.31375,0.89019,stay
0.26594,0.37848,0.47219,0.11254,0.91863,left
0.13418,0.34534,0.04703,0.21115,0.57448,left
0.56573,0.11274,0.49846,-0.45299,0.61016,stay
0.84137,0.08725,0.55713,-0.75412,0.81914,stay
0.50752,0.62666,0.75438,0.11913,0.59646,left
0.89422,0.66611,0.13272,-0.22811,0.84301,stay
0.88714,0.31524,0.38142,-0.5719,0.75382,stay
0.7338,0.4091,0.59217,-0.3247,0.92558,stay
0.18424,0.47686,0.69578,0.29262,0.75881,stay
0.56409,0.76557,0.30852,0.20148,0.61179,left
0.93378,0.5615,0.93249,-0.37229,0.46807,stay
0.06877,0.33528,0.80132,0.26651,0.78233,stay
0.65636,0.70334,0.36634,0.04698,0.63058,left
0.11262,0.34801,0.40165,0.23538,0.87025,stay
0.53077,0.22653,0.57588,-0.30424,0.53969,stay
0.24895,0.6047,0.72816,0.35575,0.77731,stay
0.65204,0.44893,0.9045,-0.20312,0.77981,right
0.31924,0.43973,0.61504,0.12049,0.55826,left
0.81635,0.94028,0.88583,0.12393,0.54927,left
0.84854,0.87906,0.63613,0.03053,0.43011,left
0.39092,0.7213,0.05286,0.33038,0.84349,stay
0.77129,0.94128,0.35377,0.16999,0.73235,left
0.2144,0.75221,0.15423,0.5378,0.97273,stay
0.16366,0.84018,0.75303,0.67652,0.93605,stay
0.64701,0.59171,0.90129,-0.0553,0.81662,right
0.81723,0.28222,0.18256,-0.53501,0.72844,stay
0.2293,0.39161,0.48321,0.16232,0.56521,left
0.20065,0.12374,0.19316,-0.07691,0.51849,right
0.38663,0.35952,0.90939,-0.02711,0.93562,right
0.44349,0.06016,0.50421,-0.38333,0.88502,stay
0.53148,0.7898,0.60387,0.25832,0.55309,stay
0.70703,0.31304,0.71046,-0.39399,0.69343,stay
0.4409,0.3021,0.48593,-0.1388,0.86371,right
0.75998,0.10741,0.98505,-0.65258,0.8144,stay
0.36894,0.5,0.0,0.13106,0.0,stay
0.27343,0.11743,0.6737,-0.156,0.89801,right
0.59337,0.23481,0.52901,-0.35855,0.84156,stay
0.6055,0.29613,0.09315,-0.30937,0.67811,stay
0.50997,0.85718,0.77249,0.3472,0.82901,stay
0.09453,0.68568,0.98745,0.59115,0.54396,stay
0.43578,0.5,0.0,0.06422,0.0,stay
0.18238,0.56132,0.90688,0.37894,0.682,stay
0.2327,0.84138,0.3959,0.60868,0.60442,stay
0.18343,0.64408,0.03672,0.46065,0.91668,stay
0.27873,0.27944,0.53074,0.00072,0.45311,left
0.25805,0.38786,0.97661,0.12981,0.48677,left
0.92677,0.27747,0.87818,-0.64931,0.758,stay
0.82061,0.3154,0.14499,-0.50521,0.62022,stay
0.15843,0.22367,0.43755,0.06524,0.55737,left
0.35391,0.86653,0.65965,0.51261,0.96416,stay
0.69394,0.13949,0.89327,-0.55445,0.77406,stay
0.85224,0.75805,0.85696,-0.09418,0.94424,right
0.6166,0.5232,0.2907,-0.09341,0.67929,right
0.5412,0.51,0.84431,-0.0312,0.88036,right
0.34793,0.11953,0.01523,-0.22839,0.87885,stay
0.15554,0.56964,0.52778,0.4141,0.61158,stay
0.27487,0.27087,0.3003,-0.004,0.75518,left
0.1573,0.46042,0.51351,0.30311,0.56435,stay
0.24526,0.94423,0.2814,0.69896,0.70679,stay
0.77702,0.26397,0.95018,-0.51305,0.6383,stay
0.33165,0.73465,0.69027,0.40299,0.69815,stay
0.73422,0.44881,0.0612,-0.28541,0.5288,stay
0.12146,0.5941,0.24471,0.47263,0.74198,stay
0.91427,0.46929,0.99261,-0.44498,0.56579,stay
0.92596,0.36785,0.74437,-0.55811,0.54049,stay
0.40979,0.74556,0.04723,0.33577,0.79969,stay
0.82785,0.04793,0.86741,-0.77992,0.80016,stay
0.60306,0.14669,0.10247,-0.45637,0.64122,stay
0.14634,0.33027,0.95291,0.18393,0.5204,left
0.48112,0.58534,0.64726,0.10422,0.66421,left
0.06588,0.88738,0.44891,0.82149,0.72128,stay
0.20154,0.63958,0.56902,0.43803,0.92401,stay
0.90216,0.18522,0.52767,-0.71694,0.77576,stay
0.77245,0.49873,0.99026,-0.27372,0.67011,stay
0.67531,0.66475,0.16026,-0.01056,0.53644,left
0.37908,0.28903,0.68061,-0.09005,0.86033,right
0.28246,0.44294,0.91845,0.16048,0.78451,left
0.09191,0.09787,0.39472,0.00596,0.98018,right
0.30005,0.18434,0.30715,-0.11571,0.9258,right
0.46462,0.40042,0.14035,-0.06419,0.90109,right
0.05076,0.5,0.0,0.44924,0.0,stay
0.8213,0.89211,0.12898,0.07081,0.63904,left
0.61301,0.4938,0.17092,-0.1192,0.85991,right
0.64097,0.24253,0.39536,-0.39844,0.60059,stay
0.10694,0.87709,0.47373,0.77015,0.43434,stay
0.92269,0.5,0.0,-0.42269,0.0,stay
0.81181,0.5,0.0,-0.31181,0.0,stay
0.17939,0.05175,0.9848,-0.12764,0.92416,right
0.9472,0.86705,0.18438,-0.08014,0.65659,right
0.08509,0.59043,0.20983,0.50534,0.85171,stay
0.37314,0.03901,0.13653,-0.33413,0.89467,stay
0.47769,0.46921,0.32299,-0.00848,0.75135,left
0.658,0.96124,0.82191,0.30323,0.51588,stay
0.72045,0.54423,0.22461,-0.17622,0.58473,right
0.34297,0.44765,0.60676,0.10468,0.65809,left
0.54545,0.26737,0.87708,-0.27807,0.91646,stay
0.05586,0.83108,0.43425,0.77521,0.65268,stay
0.35317,0.8984,0.12019,0.54523,0.91069,stay
0.40337,0.46097,0.75876,0.0576,0.91251,left
0.0969,0.9052,0.47093,0.8083,0.63195,stay
0.44049,0.5,0.0,0.05951,0.0,stay
0.67971,0.96062,0.47298,0.28091,0.65686,stay
0.76258,0.75309,0.21762,-0.0095,0.65686,left
0.14357,0.76407,0.70853,0.6205,0.74958,stay
0.14934,0.5,0.0,0.35066,0.0,stay
0.29921,0.95285,0.35775,0.65363,0.91783,stay
0.44021,0.67029,0.64634,0.23008,0.97661,stay
0.45495,0.585,0.75876,0.13006,0.50971,left
0.37389,0.48954,0.21701,0.11564,0.91468,left
0.11014,0.7726,0.18551,0.66246,0.66556,stay
0.29292,0.19012,0.13776,-0.1028,0.6926,right
0.15315,0.58529,0.74679,0.43214,0.82404,stay
0.38701,0.86785,0.44854,0.48084,0.95276,stay
0.62898,0.68171,0.61008,0.05274,0.53959,left
0.05995,0.12522,0.74434,0.06527,0.75011,left
0.51557,0.5,0.0,-0.01557,0.0,stay
0.88339,0.12028,0.97416,-0.7631,0.53239,stay
0.74593,0.87414,0.81979,0.12821,0.84631,left
0.4056,0.65108,0.47399,0.24548,0.73408,stay
0.43691,0.54534,0.2942,0.10843,0.51027,left
0.20597,0.43967,0.87593,0.2337,0.8885,stay
0.82351,0.5,0.0,-0.32351,0.0,stay
0.10926,0.12497,0.22647,0.01571,0.78353,right
0.51599,0.28986,0.7123,-0.22614,0.66433,stay
0.16494,0.15525,0.26451,-0.0097,0.52511,left
0.90958,0.5,0.0,-0.40958,0.0,stay
0.30236,0.2454,0.7754,-0.05695,0.95426,right
0.30533,0.09927,0.37283,-0.20606,0.60693,right
0.6251,0.31637,0.17142,-0.30874,0.81468,stay
0.88719,0.22621,0.49141,-0.66098,0.93717,stay
0.07774,0.5,0.0,0.42226,0.0,stay
0.64872,0.27985,0.4211,-0.36887,0.74357,stay
0.60515,0.5,0.0,-0.10515,0.0,stay
0.93006,0.36715,0.39814,-0.5629,0.53819,stay
0.61891,0.5,0.0,-0.11891,0.0,stay
0.85952,0.08298,0.74102,-0.77655,0.6548,stay
0.83862,0.67995,0.79446,-0.15867,0.86232,right
0.80556,0.5,0.0,-0.30556,0.0,stay
0.11591,0.67395,0.43694,0.55804,0.82844,stay
0.83272,0.90773,0.67671,0.07501,0.82416,left
0.12383,0.5,0.0,0.37617,0.0,stay
0.34217,0.62782,0.59578,0.28565,0.63363,stay
0.13867,0.63913,0.8454,0.50046,0.7926,stay
0.15644,0.30797,0.75694,0.15152,0.54161,left
0.39234,0.19885,0.61693,-0.19349,0.89713,right
0.7014,0.62985,0.69731,-0.07155,0.64728,right
0.12429,0.6476,0.71358,0.52331,0.6795,stay
0.42695,0.5,0.0,0.07305,0.0,stay
0.10005,0.20169,0.33683,0.10164,0.56231,left
0.55468,0.33887,0.54506,-0.21581,0.54415,right
0.33547,0.35508,0.07977,0.0196,0.87153,right
0.83122,0.92549,0.68367,0.09427,0.58381,left
0.92835,0.17535,0.89376,-0.753,0.8158,stay
0.4106,0.6206,0.31372,0.21,0.47687,left
0.07081,0.78802,0.47398,0.71721,0.64634,stay
0.65077,0.28736,0.49449,-0.36341,0.90495,stay
0.87594,0.62918,0.95618,-0.24676,0.67612,stay
0.86893,0.49906,0.19967,-0.36988,0.84919,stay
0.39855,0.63398,0.19911,0.23543,0.45392,stay
0.49259,0.66146,0.34383,0.16887,0.62367,left
0.42439,0.96414,0.30365,0.53976,0.54938,stay
0.08961,0.51175,0.81562,0.42214,0.61393,stay
0.4179,0.05146,0.60981,-0.36643,0.52488,stay
0.56391,0.17532,0.15639,-0.38859,0.86685,stay
0.74873,0.5,0.0,-0.24873,0.0,stay
0.14266,0.64146,0.2526,0.4988,0.87027,stay
0.24017,0.13399,0.28935,-0.10618,0.92299,right
0.43912,0.62803,0.18481,0.18891,0.89657,left
0.50981,0.16321,0.68057,-0.34661,0.87227,stay
0.67146,0.07633,0.47522,-0.59513,0.58309,stay
0.40508,0.35443,0.77306,-0.05065,0.51349,right
0.64759,0.40908,0.6846,-0.2385,0.46917,stay
0.44919,0.31456,0.36693,-0.13463,0.7443,right
0.14884,0.70797,0.52203,0.55913,0.82325,stay
0.39708,0.6416,0.42249,0.24453,0.78862,stay
0.19031,0.57984,0.62427,0.38953,0.75199,stay
0.91414,0.76195,0.26592,-0.15219,0.65807,right
0.45807,0.46636,0.42811,0.00829,0.78352,left
0.0643,0.94229,0.85901,0.87799,0.54926,stay
0.09502,0.07055,0.35464,-0.02448,0.83663,right
0.64972,0.17428,0.23791,-0.47544,0.45346,stay
0.65995,0.96362,0.31327,0.30368,0.43603,stay
0.15005,0.54325,0.07636,0.3932,0.68595,stay
0.85831,0.11752,0.59403,-0.74079,0.77978,stay
0.60573,0.40955,0.04493,-0.19618,0.91566,right
0.35784,0.6973,0.02876,0.33946,0.89431,stay
0.5535,0.5,0.0,-0.0535,0.0,stay
0.29956,0.08864,0.38859,-0.21091,0.9977,right
0.24285,0.2439,0.11285,0.00105,0.99123,left
0.56541,0.76235,0.21884,0.19694,0.55615,left
0.32037,0.93719,0.05972,0.61682,0.91711,stay
0.74375,0.56343,0.18208,-0.18031,0.61138,right
0.40024,0.87273,0.33173,0.47249,0.8607,stay
0.73432,0.58284,0.59406,-0.15148,0.77939,right
0.66435,0.22771,0.99829,-0.43664,0.66078,stay
0.20137,0.26045,0.95261,0.05908,0.97797,left
0.35512,0.3687,0.85595,0.01358,0.67561,left
0.29478,0.5,0.0,0.20522,0.0,stay
0.06909,0.7434,0.12406,0.67431,0.56475,stay
0.47854,0.30263,0.66754,-0.17591,0.97668,right
0.71712,0.83837,0.15333,0.12125,0.48325,left
0.13588,0.53413,0.42361,0.39825,0.70472,stay
0.68565,0.47106,0.73156,-0.21459,0.76733,right
0.62805,0.53844,0.04879,-0.08961,0.97245,right
0.19509,0.21294,0.97978,0.01786,0.87103,left
0.65292,0.72095,0.24817,0.06804,0.52074,left
0.67032,0.5,0.0,-0.17032,0.0,stay
0.27056,0.65768,0.93572,0.38712,0.92163,stay
0.50086,0.68272,0.12531,0.18187,0.93717,left
0.52743,0.59363,0.67943,0.0662,0.51563,left
0.32166,0.31231,0.22189,-0.00934,0.91776,left
0.39536,0.49024,0.12824,0.09488,0.55437,left
0.93504,0.5,0.0,-0.43504,0.0,stay
0.66588,0.03555,0.00342,-0.63034,0.4633,stay
0.25312,0.52122,0.45051,0.2681,0.68235,stay
0.84687,0.47785,0.56306,-0.36902,0.67115,stay
0.214,0.23458,0.02968,0.02058,0.73105,right
0.78665,0.38177,0.30088,-0.40488,0.45201,stay
0.78288,0.34475,0.96949,-0.43813,0.91704,stay
0.63626,0.90441,0.34142,0.26816,0.87765,stay
0.85388,0.24744,0.79789,-0.60643,0.9915,stay
0.166,0.67813,0.07052,0.51213,0.4952,stay
0.85078,0.17768,0.10126,-0.6731,0.54716,stay
0.52568,0.55077,0.6769,0.02509,0.62868,left
0.84538,0.77327,0.11601,-0.07211,0.92984,right
0.45844,0.65982,0.6251,0.20138,0.92417,left
0.83325,0.04115,0.92722,-0.7921,0.68583,stay
0.42389,0.6897,0.08243,0.26581,0.73584,stay
0.15532,0.33323,0.86469,0.1779,0.95949,left
0.56668,0.90886,0.71465,0.34219,0.68827,stay
0.20758,0.76239,0.46462,0.55481,0.82637,stay
0.78071,0.16407,0.00047,-0.61664,0.88254,stay
0.54576,0.54912,0.09321,0.00336,0.99559,left
0.78533,0.86634,0.59765,0.08101,0.86525,left
0.56844,0.90177,0.7754,0.33333,0.7295,stay
0.93798,0.16463,0.86239,-0.77335,0.5328,stay
0.73257,0.07072,0.74042,-0.66185,0.95717,stay
0.8053,0.82451,0.1761,0.01921,0.76774,right
0.09073,0.42128,0.70438,0.33054,0.60895,stay
0.64267,0.76107,0.8649,0.1184,0.80068,left
0.22119,0.89822,0.73244,0.67703,0.72847,stay
0.26064,0.5973,0.43149,0.33666,0.4415,stay
0.34034,0.63245,0.11046,0.29211,0.72822,stay
0.30954,0.92923,0.10936,0.61969,0.58729,stay
0.93253,0.33463,0.70374,-0.5979,0.72718,stay
0.76958,0.86475,0.3536,0.09517,0.98268,left
0.41068,0.7992,0.87662,0.38852,0.92133,stay
0.90277,0.78903,0.89521,-0.11374,0.89347,right
0.71037,0.57245,0.75733,-0.13792,0.84912,right
0.52199,0.20345,0.96125,-0.31854,0.7513,stay
0.32491,0.939,0.64274,0.61409,0.67157,stay
0.34585,0.32825,0.99644,-0.0176,0.70719,right
0.59332,0.79,0.87084,0.19668,0.79439,left
0.14043,0.71618,0.8723,0.57575,0.64948,stay
0.38321,0.57708,0.00627,0.19387,0.94235,left
0.4312,0.92374,0.47345,0.49255,0.51615,stay
0.07961,0.5783,0.20868,0.4987,0.66556,stay
0.62051,0.72528,0.31668,0.10477,0.49073,left
0.39468,0.17108,0.93116,-0.2236,0.91877,stay
0.77393,0.80386,0.47167,0.02993,0.77214,left
0.62086,0.81445,0.68106,0.19359,0.46769,left
0.14648,0.04485,0.14708,-0.10163,0.76319,right
0.32255,0.08188,0.99702,-0.24066,0.79883,stay
0.08963,0.84115,0.24455,0.75152,0.69891,stay
0.67414,0.90019,0.22513,0.22605,0.48162,stay
0.38397,0.5335,0.82941,0.14953,0.45938,left
0.71707,0.65165,0.85291,-0.06542,0.92631,right
0.35371,0.06431,0.70589,-0.2894,0.6832,stay
0.5446,0.32292,0.50672,-0.22168,0.75332,stay
0.17086,0.73484,0.32455,0.56398,0.87189,stay
0.40297,0.5,0.0,0.09703,0.0,stay
0.48654,0.04845,0.44952,-0.43809,0.5683,stay
0.08657,0.05167,0.59673,-0.03489,0.90946,right
0.49075,0.5,0.0,0.00925,0.0,stay
0.1152,0.69795,0.93507,0.58275,0.50114,stay
0.55787,0.47359,0.886,-0.08429,0.91015,right
0.58656,0.45241,0.95154,-0.13415,0.87261,right
0.21741,0.38886,0.55387,0.17146,0.45407,left
0.58801,0.69109,0.04868,0.10308,0.85211,left
0.89126,0.24194,0.94748,-0.64932,0.72577,stay
0.54212,0.70713,0.93556,0.16502,0.67471,left
0.44052,0.76731,0.56586,0.3268,0.91904,stay
0.64892,0.89446,0.73884,0.24554,0.96628,stay
0.81434,0.6232,0.57731,-0.19115,0.90369,right
0.93284,0.80833,0.89725,-0.12451,0.97721,right
0.41052,0.67511,0.93757,0.26458,0.4779,stay
0.74309,0.5536,0.89632,-0.18948,0.91644,right
0.75366,0.75228,0.28486,-0.00138,0.6448,right
0.07627,0.60726,0.19732,0.53099,0.76756,stay
0.17109,0.68294,0.27442,0.51185,0.73042,stay
0.30917,0.5,0.0,0.19083,0.0,stay
0.71652,0.91098,0.74462,0.19445,0.49618,left
0.36006,0.85528,0.78026,0.49522,0.79468,stay
0.30556,0.07501,0.70999,-0.23055,0.47697,stay
0.19704,0.38704,0.21887,0.19,0.67048,left
0.85751,0.85216,0.10664,-0.00535,0.87391,left
0.49591,0.10279,0.4223,-0.39312,0.44441,stay
0.06297,0.5,0.0,0.43703,0.0,stay
0.9179,0.47966,0.65664,-0.43824,0.60705,stay
0.05526,0.91699,0.89732,0.86173,0.64007,stay
0.46845,0.88522,0.14761,0.41677,0.78676,stay
0.50535,0.27706,0.87554,-0.22829,0.81906,stay
0.22929,0.41899,0.47649,0.18971,0.45376,left
0.34946,0.33075,0.23925,-0.0187,0.70451,right
0.6789,0.11402,0.14782,-0.56488,0.68214,stay
0.22496,0.06551,0.25061,-0.15946,0.83419,right
0.12088,0.5,0.0,0.37912,0.0,stay
0.87874,0.48137,0.59674,-0.39737,0.88315,stay
0.84465,0.5,0.0,-0.34465,0.0,stay
0.93542,0.14728,0.37048,-0.78814,0.54,stay
0.05691,0.05329,0.65606,-0.00362,0.75627,right
0.44429,0.37468,0.69892,-0.06961,0.44171,right
0.19904,0.91912,0.55027,0.72007,0.80123,stay
0.27681,0.87274,0.02758,0.59593,0.77071,stay
0.40437,0.72965,0.3473,0.32528,0.87924,stay
0.16254,0.66655,0.72357,0.50401,0.68121,stay
0.75144,0.86162,0.16414,0.11017,0.67549,left
0.13524,0.5,0.0,0.36476,0.0,stay
0.19678,0.5,0.0,0.30322,0.0,stay
0.76109,0.06278,0.19856,-0.69832,0.87066,stay
0.61626,0.33822,0.15922,-0.27804,0.99553,stay
0.69165,0.40505,0.67169,-0.2866,0.64285,stay
0.15101,0.76785,0.77779,0.61684,0.95061,stay
0.68068,0.35029,0.45142,-0.33039,0.96528,stay
0.76499,0.12375,0.08454,-0.64124,0.98822,stay
0.88875,0.43336,0.93939,-0.45539,0.65253,stay
0.06897,0.9388,0.60581,0.86983,0.90964,stay
0.8735,0.53778,0.33085,-0.33572,0.46025,stay
0.70644,0.5,0.0,-0.20644,0.0,stay
0.11826,0.23076,0.33017,0.1125,0.72779,left
0.46963,0.6398,0.30842,0.17017,0.635,left
0.34751,0.69711,0.15481,0.3496,0.51761,stay
0.86743,0.56833,0.92529,-0.29911,0.964,stay
0.87362,0.68695,0.58177,-0.18668,0.82699,right
0.51375,0.11153,0.66926,-0.40222,0.53533,stay
0.70575,0.95004,0.83174,0.2443,0.87562,stay
0.80646,0.89437,0.98072,0.08791,0.73445,left
0.92015,0.5,0.0,-0.42015,0.0,stay
0.67709,0.32977,0.30026,-0.34731,0.89181,stay
0.33972,0.71701,0.22583,0.37729,0.58037,stay
0.05862,0.19312,0.55579,0.1345,0.827,left
0.7959,0.87871,0.20216,0.08282,0.7359,left
0.58147,0.52599,0.85846,-0.05548,0.86348,right
0.9045,0.76275,0.07505,-0.14175,0.84244,right
0.25326,0.39136,0.68926,0.1381,0.8745,left
0.71402,0.49981,0.65885,-0.21421,0.63216,right
0.93318,0.94662,0.36379,0.01344,0.71402,right
0.21236,0.40746,0.33751,0.19511,0.52016,left
0.18555,0.33216,0.56531,0.14661,0.66172,left
0.09531,0.96287,0.33967,0.86756,0.56471,stay
0.90743,0.83457,0.27606,-0.07286,0.47366,right
0.44907,0.21946,0.63505,-0.22961,0.54787,stay
0.86343,0.17141,0.72621,-0.69202,0.6535,stay
0.72307,0.567,0.17336,-0.15607,0.60878,right
0.12181,0.24882,0.101,0.12701,0.58844,left
0.71235,0.15075,0.81036,-0.5616,0.91987,stay
0.86117,0.29554,0.43733,-0.56563,0.77218,stay
0.2024,0.03981,0.63795,-0.16259,0.6924,right
0.59653,0.71002,0.37763,0.11349,0.91718,left
0.92895,0.52316,0.283,-0.40579,0.4873,stay
0.68133,0.04052,0.05999,-0.6408,0.87921,stay
0.84715,0.29522,0.22236,-0.55193,0.48237,stay
0.73363,0.11789,0.37926,-0.61574,0.74504,stay
0.2263,0.10438,0.57784,-0.12191,0.93301,right
0.5378,0.5,0.0,-0.0378,0.0,stay
0.2687,0.47459,0.40706,0.2059,0.48377,left
0.53998,0.77104,0.65204,0.23106,0.82756,stay
0.26647,0.5,0.0,0.23353,0.0,stay
0.75878,0.85,0.5109,0.09122,0.78317,left
0.75022,0.34724,0.49238,-0.40297,0.65543,stay
0.41458,0.05434,0.38278,-0.36025,0.43456,stay
0.13662,0.53489,0.55354,0.39826,0.7497,stay
0.50215,0.39508,0.17982,-0.10708,0.61176,right
0.53019,0.83575,0.56006,0.30556,0.65493,stay
0.50786,0.9182,0.01615,0.41034,0.64662,stay
0.38085,0.14309,0.30683,-0.23775,0.78652,stay
0.94318,0.61887,0.64256,-0.3243,0.87115,stay
0.75176,0.41641,0.41534,-0.33535,0.43515,stay
0.22678,0.13942,0.08339,-0.08736,0.54252,right
0.84035,0.5,0.0,-0.34035,0.0,stay
0.22907,0.66079,0.87217,0.43172,0.54421,stay
0.46784,0.27472,0.9733,-0.19312,0.75036,right
0.17888,0.44111,0.59944,0.26223,0.78703,stay
0.37253,0.90488,0.89727,0.53235,0.96066,stay
0.69763,0.94141,0.6106,0.24379,0.85886,stay
0.52309,0.53017,0.55111,0.00708,0.86109,left
0.29657,0.87885,0.86156,0.58227,0.77963,stay
0.19625,0.78189,0.17705,0.58564,0.66501,stay
0.18712,0.66265,0.84915,0.47553,0.84672,stay
0.13394,0.5,0.0,0.36606,0.0,stay
0.73441,0.30256,0.20312,-0.43185,0.74605,stay
0.38562,0.53747,0.1626,0.15185,0.60189,left
0.27421,0.73349,0.17356,0.45928,0.7958,stay
0.84518,0.74298,0.43341,-0.1022,0.72296,right
0.25823,0.50991,0.03029,0.25168,0.54128,stay
0.78907,0.5,0.0,-0.28907,0.0,stay
0.83011,0.77035,0.84158,-0.05976,0.59418,right
0.49929,0.94497,0.281,0.44568,0.63554,stay
0.21839,0.49692,0.13179,0.27853,0.79182,stay
0.42449,0.5,0.0,0.07551,0.0,stay
0.85371,0.27246,0.94158,-0.58125,0.94272,stay
0.20789,0.5,0.0,0.29211,0.0,stay
0.06554,0.03834,0.037,-0.0272,0.63447,left
0.46012,0.39633,0.13327,-0.06378,0.80244,right
0.53443,0.40409,0.69564,-0.13034,0.54321,right
0.5737,0.87526,0.80371,0.30157,0.58738,stay
0.2903,0.63532,0.01603,0.34503,0.50939,stay
0.85738,0.77293,0.47879,-0.08445,0.88528,right
0.60363,0.41107,0.52451,-0.19256,0.67125,right
0.37933,0.49884,0.21053,0.11951,0.82941,left
0.74427,0.15496,0.17533,-0.58931,0.86418,stay
0.40394,0.46664,0.80681,0.0627,0.95275,left
0.79815,0.09501,0.84779,-0.70314,0.88318,stay
0.45446,0.37117,0.52382,-0.08329,0.64893,right
0.86148,0.3515,0.75318,-0.50998,0.52378,stay
0.13323,0.21691,0.27718,0.08368,0.92468,left
0.64482,0.91469,0.9771,0.26987,0.99869,stay
0.75512,0.70007,0.93994,-0.05505,0.64594,right
0.69116,0.44695,0.89927,-0.24421,0.6136,stay
0.94502,0.45636,0.70011,-0.48866,0.65952,stay
0.13675,0.80464,0.23176,0.66789,0.55838,stay
0.08565,0.77427,0.41489,0.68863,0.89325,stay
0.68411,0.07307,0.2279,-0.61104,0.59495,stay
0.13703,0.65805,0.80818,0.52102,0.66597,stay
0.22337,0.7985,0.70824,0.57512,0.71232,stay
0.80934,0.56849,0.84592,-0.24085,0.90503,stay
0.1347,0.3249,0.93406,0.19019,0.52204,left
0.55036,0.60678,0.79899,0.05642,0.73205,left
0.55624,0.06261,0.31694,-0.49363,0.62599,stay
0.25049,0.26614,0.01884,0.01565,0.62197,left
0.25217,0.12687,0.99761,-0.1253,0.77389,right
0.16065,0.41819,0.7977,0.25755,0.72166,stay
0.51771,0.25254,0.07291,-0.26517,0.77198,stay
0.56794,0.5,0.0,-0.06794,0.0,stay
0.59419,0.20725,0.22472,-0.38694,0.66759,stay
0.35364,0.59739,0.46928,0.24375,0.61404,stay
0.47696,0.17394,0.69519,-0.30302,0.78928,stay
0.54499,0.61922,0.25429,0.07423,0.57104,left
0.8882,0.50364,0.02187,-0.38456,0.77152,stay
0.88758,0.70312,0.54082,-0.18446,0.97442,right
0.37645,0.30375,0.94479,-0.07271,0.52023,right
0.8396,0.15621,0.31754,-0.68339,0.87857,stay
0.85542,0.77964,0.26825,-0.07578,0.87009,right
0.89053,0.63979,0.41553,-0.25073,0.90739,stay
0.07653,0.67222,0.17281,0.59569,0.55239,stay
0.68595,0.5,0.0,-0.18595,0.0,stay
0.6339,0.75083,0.89279,0.11693,0.51923,left
0.08189,0.46527,0.61775,0.38339,0.70831,stay
0.93097,0.3355,0.54532,-0.59548,0.90295,stay
0.25787,0.69742,0.12633,0.43955,0.49747,stay
0.5549,0.48435,0.90767,-0.07055,0.73393,right
0.57291,0.33591,0.61278,-0.237,0.57803,stay
0.92495,0.69101,0.30419,-0.23395,0.71369,stay
0.69049,0.11745,0.92127,-0.57304,0.94145,stay
0.40272,0.12523,0.73392,-0.27749,0.93133,stay
0.84838,0.06698,0.34243,-0.78141,0.43614,stay
0.60295,0.72902,0.73115,0.12608,0.70883,left
0.69845,0.59049,0.01374,-0.10796,0.89416,right
0.26469,0.47515,0.11439,0.21046,0.97022,left
0.9099,0.51551,0.00972,-0.39439,0.90434,stay
0.23336,0.29707,0.83495,0.06371,0.85746,left
0.37039,0.30246,0.52961,-0.06792,0.9637,right
0.56229,0.30129,0.12435,-0.26099,0.82255,stay
0.0555,0.81061,0.96945,0.75511,0.59386,stay
0.05944,0.45198,0.64035,0.39254,0.86193,stay
0.43575,0.84484,0.18173,0.40909,0.57829,stay
0.70455,0.86826,0.48308,0.16371,0.70823,left
0.28771,0.07708,0.81318,-0.21064,0.92826,right
0.84871,0.30628,0.57011,-0.54243,0.47686,stay
0.26152,0.64808,0.16906,0.38656,0.88377,stay
0.93695,0.5,0.0,-0.43695,0.0,stay
0.7547,0.4455,0.18394,-0.3092,0.79619,stay
0.12759,0.43841,0.45337,0.31082,0.77703,stay
0.28596,0.6093,0.42892,0.32334,0.80066,stay
0.51511,0.5,0.0,-0.01511,0.0,stay
0.43249,0.95956,0.27885,0.52708,0.575,stay
0.1052,0.5,0.0,0.3948,0.0,stay
0.59768,0.67739,0.40925,0.07972,0.79212,left
0.90052,0.39573,0.96863,-0.50479,0.52796,stay
0.54586,0.3196,0.40163,-0.22627,0.9093,stay
0.71385,0.67779,0.86105,-0.03607,0.77785,right
0.4777,0.70683,0.60571,0.22913,0.86431,stay
0.44779,0.73432,0.3095,0.28653,0.96753,stay
0.81555,0.5,0.0,-0.31555,0.0,stay
0.72508,0.5,0.0,-0.22508,0.0,stay
0.83704,0.10086,0.80802,-0.73618,0.9179,stay
0.94068,0.03497,0.52298,-0.90571,0.58579,stay
0.74541,0.5,0.0,-0.24541,0.0,stay
0.21003,0.53994,0.63688,0.32991,0.8349,stay
0.74345,0.62246,0.66423,-0.12099,0.8215,right
0.43065,0.80996,0.25287,0.37931,0.60227,stay
0.1835,0.14862,0.62432,-0.03488,0.76366,right
0.51748,0.94526,0.17162,0.42778,0.74129,stay
0.72524,0.93218,0.02292,0.20694,0.8778,left
0.35955,0.68039,0.52357,0.32084,0.71267,stay
0.21796,0.3568,0.7324,0.13884,0.58693,left
0.13421,0.76221,0.64291,0.628,0.52546,stay
0.76447,0.91721,0.88304,0.15273,0.88341,left
0.53058,0.32678,0.48662,-0.2038,0.57306,right
0.42407,0.8195,0.4887,0.39543,0.47712,stay
0.18531,0.09303,0.97698,-0.09229,0.60775,right
0.47034,0.79047,0.43606,0.32013,0.96942,stay
0.84786,0.83063,0.18423,-0.01723,0.79375,left
0.07944,0.43035,0.26979,0.35091,0.96927,stay
0.58318,0.22883,0.32104,-0.35435,0.74186,stay
0.93871,0.22048,0.06248,-0.71823,0.82835,stay
0.38708,0.53105,0.68444,0.14397,0.93895,left
0.79362,0.81451,0.30391,0.02089,0.74879,right
0.60678,0.54319,0.89181,-0.0636,0.76218,right
0.28835,0.5,0.0,0.21165,0.0,stay
0.20317,0.20969,0.90228,0.00652,0.64026,left
0.63868,0.95992,0.95149,0.32124,0.92332,stay
0.2765,0.50735,0.41965,0.23085,0.90669,stay
0.90681,0.45229,0.39698,-0.45451,0.67511,stay
0.0635,0.64475,0.01198,0.58126,0.55128,stay
0.2512,0.13875,0.08768,-0.11245,0.48081,right
0.87883,0.5,0.0,-0.37883,0.0,stay
0.4642,0.08109,0.05469,-0.38311,0.90304,stay
0.84073,0.62383,0.00758,-0.2169,0.82968,right
0.85757,0.16335,0.0254,-0.69421,0.78386,stay
0.4572,0.25608,0.55849,-0.20112,0.43708,right
0.31161,0.24704,0.60044,-0.06457,0.69774,right
0.69996,0.09933,0.92072,-0.60063,0.97145,stay
0.86887,0.70942,0.6864,-0.15945,0.75236,right
0.05292,0.70877,0.71968,0.65585,0.98398,stay
0.49825,0.13568,0.194,-0.36257,0.97998,stay
0.79882,0.89458,0.08813,0.09576,0.91136,left
0.26409,0.58353,0.47571,0.31944,0.66379,stay
0.3426,0.41646,0.65952,0.07386,0.81778,left
0.32123,0.73138,0.75243,0.41015,0.73354,stay
0.52186,0.56455,0.17374,0.04269,0.92885,left
0.91745,0.50511,0.49497,-0.41233,0.82028,stay
0.66376,0.70357,0.52005,0.03981,0.58901,left
0.71333,0.21521,0.4313,-0.49812,0.97086,stay
0.25656,0.49198,0.34938,0.23542,0.47596,stay
0.88919,0.44571,0.52442,-0.44348,0.56939,stay
0.09911,0.20215,0.47025,0.10304,0.52323,left
0.62696,0.63816,0.42893,0.0112,0.90733,left
0.87544,0.20978,0.10888,-0.66567,0.50906,stay
0.44253,0.82819,0.3685,0.38566,0.64692,stay
0.75813,0.5517,0.57722,-0.20643,0.6187,right
0.81723,0.115,0.8076,-0.70224,0.6034,stay
0.61411,0.61719,0.93433,0.00309,0.65519,left
0.76719,0.63105,0.99337,-0.13614,0.43349,right
0.42305,0.20098,0.87639,-0.22207,0.96851,stay
0.89368,0.51967,0.25331,-0.37401,0.79396,stay
0.35476,0.1947,0.30324,-0.16005,0.88733,right
0.21769,0.35052,0.87197,0.13284,0.87004,left
0.49356,0.63211,0.11429,0.13855,0.94749,left
0.67605,0.5,0.0,-0.17605,0.0,stay
0.42289,0.54583,0.83598,0.12295,0.96213,left
0.82118,0.5,0.0,-0.32118,0.0,stay
0.40397,0.5361,0.29604,0.13213,0.69812,left
0.59457,0.9168,0.90845,0.32223,0.63581,stay
0.90615,0.59422,0.82922,-0.31193,0.44507,stay
0.83574,0.68519,0.2736,-0.15054,0.87899,right
0.252,0.38657,0.65993,0.13456,0.73352,left
0.58177,0.55752,0.79411,-0.02425,0.47675,right
0.84109,0.39166,0.88422,-0.44943,0.89899,stay
0.35273,0.5,0.0,0.14727,0.0,stay
0.668,0.67347,0.82436,0.00548,0.85784,left
0.76512,0.60929,0.0065,-0.15583,0.94094,right
0.23397,0.5,0.0,0.26603,0.0,stay
0.54103,0.32424,0.65201,-0.21679,0.61345,right
0.64863,0.31338,0.52099,-0.33525,0.51529,stay
0.69501,0.30711,0.37348,-0.3879,0.61345,stay
0.41318,0.53006,0.64727,0.11688,0.66141,left
0.74019,0.95532,0.9789,0.21513,0.74354,left
0.6306,0.86963,0.61988,0.23903,0.4543,stay
0.14767,0.74855,0.21179,0.60088,0.51763,stay
0.53607,0.92738,0.32746,0.39131,0.60974,stay
0.70074,0.46582,0.87722,-0.23491,0.64294,stay
0.52081,0.91368,0.8702,0.39288,0.73584,stay
0.83088,0.5,0.0,-0.33088,0.0,stay
0.70511,0.5,0.0,-0.20511,0.0,stay
0.45251,0.32544,0.03914,-0.12707,0.7578,right
0.20243,0.92985,0.86383,0.72742,0.72052,stay
0.75067,0.47074,0.51266,-0.27994,0.69746,stay
0.46356,0.1857,0.17354,-0.27785,0.55559,stay
0.49494,0.18461,0.03508,-0.31033,0.49933,stay
0.07698,0.22183,0.40365,0.14485,0.64271,left
0.80135,0.22414,0.33826,-0.57722,0.84418,stay
0.65806,0.5105,0.79374,-0.14756,0.9771,right
0.33213,0.64383,0.71043,0.3117,0.77507,stay
0.13038,0.61728,0.62359,0.4869,0.65072,stay
0.88491,0.44183,0.69825,-0.44308,0.49921,stay
0.3012,0.27839,0.16093,-0.02282,0.91223,left
0.63067,0.65696,0.3075,0.02629,0.59962,left
0.09541,0.39058,0.08612,0.29517,0.65339,stay
0.62869,0.95734,0.32321,0.32865,0.98345,stay
0.68035,0.53869,0.06026,-0.14165,0.9397,right
0.10591,0.14113,0.30681,0.03522,0.66109,right
0.46422,0.77999,0.80481,0.31578,0.81192,stay
0.18666,0.92277,0.1729,0.73612,0.47347,stay
0.77674,0.17118,0.58718,-0.60557,0.6478,stay
0.39329,0.45054,0.48706,0.05725,0.89492,left
0.13246,0.96522,0.49486,0.83276,0.50906,stay
0.66075,0.08538,0.96112,-0.57537,0.53343,stay
0.33803,0.95617,0.60477,0.61814,0.7357,stay
0.34311,0.59145,0.60078,0.24834,0.61597,stay
0.91511,0.46132,0.46072,-0.4538,0.76449,stay
0.78543,0.42153,0.86783,-0.3639,0.92578,stay
0.22139,0.69238,0.9255,0.47099,0.47268,stay
0.28158,0.24424,0.85092,-0.03733,0.76244,right
0.61291,0.14085,0.84807,-0.47206,0.88575,stay
0.28545,0.71929,0.96215,0.43384,0.79695,stay
0.4143,0.88265,0.07911,0.46835,0.62587,stay
0.7635,0.76938,0.35471,0.00588,0.99064,right
0.68735,0.74625,0.49839,0.0589,0.92618,left
0.49596,0.13767,0.95436,-0.35829,0.54566,stay
0.81855,0.06264,0.57122,-0.7559,0.72459,stay
0.33648,0.1463,0.57641,-0.19018,0.76187,right
0.21734,0.51522,0.30026,0.29788,0.45605,stay
0.27104,0.85264,0.29454,0.5816,0.57039,stay
0.31029,0.06321,0.92286,-0.24708,0.85717,stay
0.57669,0.42902,0.95916,-0.14767,0.61243,right
0.08774,0.91835,0.88238,0.83061,0.84666,stay
0.15619,0.60871,0.90355,0.45252,0.63052,stay
0.76784,0.83425,0.71718,0.06641,0.45435,left
0.7711,0.20735,0.47476,-0.56376,0.70288,stay
0.33443,0.08073,0.52656,-0.2537,0.75609,stay
0.64345,0.87787,0.53929,0.23441,0.43068,stay
0.79952,0.5,0.0,-0.29952,0.0,stay
0.28464,0.5,0.0,0.21536,0.0,stay
0.55725,0.55932,0.18823,0.00208,0.99316,right
0.26015,0.24183,0.67717,-0.01833,0.8797,right
0.33756,0.34702,0.86282,0.00947,0.96039,left
0.85011,0.24074,0.32864,-0.60936,0.77205,stay
0.5239,0.50141,0.79134,-0.02249,0.4541,right
0.90462,0.55516,0.01563,-0.34946,0.61265,stay
0.30089,0.22874,0.13168,-0.07215,0.8571,right
0.65539,0.86606,0.67571,0.21067,0.66246,left
0.30125,0.71622,0.73618,0.41496,0.57059,stay
0.81544,0.14956,0.87581,-0.66588,0.56891,stay
0.82716,0.63878,0.75747,-0.18838,0.48919,right
0.16091,0.03473,0.59665,-0.12618,0.73618,right
0.73967,0.95137,0.58687,0.2117,0.92176,left
0.20449,0.5,0.0,0.29551,0.0,stay
0.30585,0.5,0.0,0.19415,0.0,stay
0.81064,0.94607,0.81843,0.13543,0.77974,left
0.27929,0.57719,0.62774,0.29789,0.80705,stay
0.24762,0.07995,0.03569,-0.16767,0.58172,right
0.25513,0.74742,0.83778,0.49228,0.81056,stay
0.68561,0.08864,0.34784,-0.59696,0.54212,stay
0.32839,0.33701,0.24068,0.00862,0.51477,left
0.40621,0.66139,0.3,0.25518,0.61022,stay
0.27389,0.61781,0.1789,0.34392,0.85704,stay
0.77514,0.12425,0.18561,-0.65089,0.44455,stay
0.54747,0.5,0.0,-0.04747,0.0,stay
0.14168,0.55872,0.50731,0.41704,0.52522,stay
0.56743,0.28346,0.40992,-0.28397,0.43979,stay
0.1761,0.79046,0.81356,0.61436,0.49272,stay
0.39554,0.04772,0.38259,-0.34783,0.68309,stay
0.92798,0.5,0.0,-0.42798,0.0,stay
0.47738,0.20693,0.3846,-0.27045,0.95695,stay
0.33878,0.71507,0.60498,0.37629,0.48089,stay
0.09483,0.55887,0.33233,0.46404,0.86923,stay
0.68407,0.84148,0.11806,0.1574,0.55121,left
0.4835,0.2362,0.41077,-0.2473,0.51135,stay
0.18783,0.5,0.0,0.31217,0.0,stay
0.68828,0.21002,0.81628,-0.47826,0.78638,stay
0.50635,0.28954,0.63062,-0.21681,0.72232,right
0.61394,0.38122,0.45264,-0.23272,0.43033,stay
0.59454,0.5,0.0,-0.09454,0.0,stay
0.38658,0.0785,0.09991,-0.30808,0.82712,stay
0.51031,0.39574,0.49783,-0.11456,0.97698,right
0.90164,0.78105,0.96265,-0.12059,0.86079,right
0.44754,0.88863,0.40717,0.44108,0.70614,stay
0.11717,0.845,0.10433,0.72784,0.78107,stay
0.89847,0.3107,0.38999,-0.58777,0.93824,stay
0.60285,0.88769,0.92,0.28484,0.81195,stay
0.92881,0.94965,0.39124,0.02084,0.52088,right
0.77179,0.90245,0.86525,0.13066,0.5741,left
0.44089,0.49125,0.61122,0.05036,0.83469,left
0.38546,0.54379,0.1083,0.15832,0.55771,left
0.45345,0.37032,0.59367,-0.08313,0.68764,right
0.68961,0.35361,0.15879,-0.33601,0.91481,stay
0.12095,0.07613,0.31149,-0.04482,0.86356,left
0.39603,0.60815,0.38016,0.21212,0.73852,left
0.34636,0.5397,0.20676,0.19334,0.50899,left
0.41652,0.73232,0.82958,0.31579,0.78937,stay
0.91338,0.33339,0.11148,-0.57998,0.76165,stay
0.67764,0.76584,0.69374,0.0882,0.89855,left
0.609,0.5,0.0,-0.109,0.0,stay
0.21746,0.5,0.0,0.28254,0.0,stay
0.91387,0.95601,0.78884,0.04214,0.86181,left
0.69025,0.93222,0.83308,0.24197,0.81367,stay
0.58386,0.86764,0.16251,0.28378,0.61591,stay
0.92013,0.3417,0.79623,-0.57843,0.49039,stay
0.79118,0.64197,0.59439,-0.14921,0.60125,right
0.78911,0.03747,0.85306,-0.75165,0.59568,stay
0.535,0.5,0.0,-0.035,0.0,stay
0.46672,0.72904,0.4931,0.26232,0.52209,stay
0.1359,0.83832,0.42441,0.70242,0.57241,stay
0.52155,0.81872,0.07433,0.29717,0.89626,stay
0.16504,0.38112,0.61537,0.21608,0.90153,left
0.5326,0.07303,0.80177,-0.45956,0.92776,stay
0.30492,0.66778,0.48663,0.36286,0.81027,stay
0.71605,0.14845,0.99192,-0.5676,0.59184,stay
0.81449,0.2683,0.81837,-0.54618,0.62611,stay
0.67312,0.79747,0.20236,0.12435,0.59524,left
0.38988,0.67982,0.29916,0.28995,0.72038,stay
0.19778,0.26059,0.85835,0.06281,0.46572,left
0.92096,0.66154,0.77002,-0.25943,0.54662,stay
0.70205,0.90484,0.40064,0.2028,0.80402,left
0.05995,0.49364,0.98537,0.43369,0.60847,stay
0.52059,0.65279,0.66004,0.1322,0.48859,left
0.21755,0.10309,0.3714,-0.11446,0.90041,right
0.73194,0.3976,0.52784,-0.33434,0.59133,stay
0.54798,0.57899,0.72001,0.03101,0.59826,left
0.86399,0.53464,0.10835,-0.32935,0.76562,stay
0.24281,0.69544,0.8175,0.45263,0.50882,stay
0.53854,0.5,0.0,-0.03854,0.0,stay
0.53542,0.85404,0.84808,0.31862,0.53101,stay
0.35717,0.48216,0.18737,0.12499,0.84759,left
0.72479,0.7731,0.53214,0.04831,0.81849,left
0.10583,0.7673,0.204,0.66147,0.73847,stay
0.42385,0.74904,0.75139,0.32519,0.59182,stay
0.39875,0.5,0.0,0.10125,0.0,stay
0.78184,0.66359,0.80617,-0.11825,0.94857,right
0.30877,0.5,0.0,0.19123,0.0,stay
0.70169,0.74191,0.44995,0.04023,0.89047,right
0.3903,0.27485,0.05175,-0.11545,0.47729,right
0.31165,0.17952,0.88382,-0.13213,0.66285,right
0.91549,0.82581,0.53773,-0.08968,0.47528,right
0.68226,0.39027,0.29213,-0.29199,0.69229,stay
0.44674,0.86843,0.78071,0.42169,0.61791,stay
0.39201,0.32766,0.71872,-0.06435,0.86286,right
0.15467,0.73393,0.45977,0.57926,0.69444,stay
0.53613,0.63576,0.83282,0.09963,0.64873,left
0.37977,0.79098,0.58397,0.41121,0.86616,stay
0.1735,0.21805,0.09914,0.04455,0.62891,right
0.90556,0.12154,0.7988,-0.78403,0.68498,stay
0.15117,0.18939,0.11014,0.03822,0.48799,right
0.38883,0.35779,0.252,-0.03104,0.69602,right
0.82438,0.74598,0.47893,-0.0784,0.60177,right
0.59935,0.5,0.0,-0.09935,0.0,stay
0.13875,0.23868,0.74685,0.09994,0.74806,left
0.82584,0.95027,0.43542,0.12443,0.85484,left
0.15305,0.83496,0.95055,0.68191,0.62985,stay
0.85225,0.5,0.0,-0.35225,0.0,stay
0.31694,0.14991,0.7453,-0.16703,0.98596,right
0.4653,0.14042,0.83214,-0.32488,0.71407,stay
0.2484,0.58391,0.80943,0.33551,0.4337,stay
0.44251,0.8197,0.13431,0.37719,0.84779,stay
0.69899,0.80222,0.53985,0.10322,0.95308,left
0.14843,0.26334,0.66469,0.1149,0.52481,left
0.93305,0.05879,0.10597,-0.87426,0.99453,stay
0.08604,0.91262,0.24484,0.82658,0.9032,stay
0.16356,0.45662,0.918,0.29306,0.83826,stay
0.42695,0.90183,0.51411,0.47488,0.80977,stay
0.66157,0.5498,0.78543,-0.11177,0.5654,right
0.11781,0.7112,0.11165,0.59339,0.69874,stay
0.17995,0.71086,0.7856,0.53091,0.92522,stay
0.68796,0.88496,0.41906,0.197,0.44752,left
0.72311,0.51968,0.45029,-0.20343,0.52537,right
0.05312,0.15935,0.46798,0.10623,0.86346,left
0.75227,0.75152,0.0089,-0.00075,0.94956,left
0.34689,0.31681,0.8148,-0.03008,0.74411,right
0.09491,0.15946,0.87872,0.06454,0.8776,left
0.61289,0.53428,0.7236,-0.07861,0.56685,right
0.80133,0.47524,0.28676,-0.32609,0.52762,stay
0.93824,0.24101,0.81363,-0.69723,0.50783,stay
0.56459,0.06787,0.1533,-0.49672,0.64174,stay
0.60746,0.08347,0.59414,-0.52399,0.93956,stay
0.18852,0.86827,0.86157,0.67975,0.57821,stay
0.76856,0.15686,0.87634,-0.61171,0.97948,stay
0.7347,0.5,0.0,-0.2347,0.0,stay
0.8383,0.76628,0.85429,-0.07201,0.53507,right
0.20894,0.5,0.0,0.29106,0.0,stay
0.12819,0.77319,0.43282,0.645,0.57408,stay
0.72641,0.13004,0.64047,-0.59637,0.68858,stay
0.42344,0.09388,0.20012,-0.32956,0.45052,stay
0.18883,0.2,0.69285,0.01117,0.7861,left
0.49066,0.37508,0.88917,-0.11558,0.82124,right
0.45302,0.58299,0.21903,0.12996,0.83912,left
0.81413,0.15033,0.68005,-0.6638,0.98794,stay
0.76519,0.75969,0.18755,-0.00551,0.74211,left
0.73685,0.82614,0.68575,0.0893,0.88181,left
0.92658,0.12413,0.65686,-0.80246,0.58192,stay
0.47287,0.12494,0.86946,-0.34794,0.9053,stay
0.24227,0.93861,0.91476,0.69634,0.47928,stay
0.14759,0.53819,0.43125,0.39061,0.77996,stay
0.87351,0.10413,0.69021,-0.76938,0.7205,stay
0.16388,0.61966,0.01305,0.45578,0.45059,stay
0.90629,0.5,0.0,-0.40629,0.0,stay
0.21564,0.866,0.99032,0.65036,0.97563,stay
0.41966,0.07124,0.46708,-0.34842,0.73494,stay
0.66647,0.31301,0.68544,-0.35346,0.82236,stay
0.07802,0.63426,0.72257,0.55624,0.64474,stay
0.52422,0.27939,0.67907,-0.24483,0.93616,stay
0.2268,0.18938,0.49633,-0.03742,0.98329,right
0.15124,0.70658,0.14805,0.55534,0.62927,stay
0.74849,0.60745,0.7711,-0.14104,0.68771,right
0.929,0.56091,0.56374,-0.36809,0.88043,stay
0.28466,0.6734,0.916,0.38875,0.53636,stay
0.29072,0.26304,0.09681,-0.02768,0.59542,right
0.59603,0.38252,0.10144,-0.21352,0.79459,right
0.14321,0.94333,0.61725,0.80011,0.82583,stay
0.7462,0.05785,0.27333,-0.68835,0.99577,stay
0.85579,0.90846,0.30236,0.05268,0.57885,left
0.63601,0.69811,0.89719,0.0621,0.75438,left
0.2693,0.15021,0.59235,-0.11909,0.50679,right
0.71011,0.58835,0.06681,-0.12177,0.86045,right
0.51918,0.5,0.0,-0.01918,0.0,stay
0.05435,0.2614,0.22153,0.20706,0.8517,left
0.89617,0.29942,0.54853,-0.59675,0.71512,stay
0.77999,0.5,0.0,-0.27999,0.0,stay
0.51127,0.57075,0.84528,0.05947,0.52282,left
0.21584,0.30689,0.66048,0.09106,0.47316,left
0.88338,0.33419,0.56839,-0.54919,0.77733,stay
0.14039,0.6928,0.5213,0.5524,0.53853,stay
0.50684,0.70091,0.35816,0.19407,0.93983,left
0.37672,0.82326,0.56935,0.44654,0.94117,stay
0.60697,0.72268,0.26191,0.11571,0.91713,left
0.94649,0.09887,0.21315,-0.84762,0.58116,stay
0.08951,0.0579,0.19782,-0.03161,0.52926,right
0.07399,0.56047,0.74042,0.48648,0.9999,stay
0.52996,0.36151,0.79581,-0.16845,0.96228,right
0.87536,0.5,0.0,-0.37536,0.0,stay
0.64172,0.19053,0.74166,-0.45119,0.74161,stay
0.89596,0.5,0.0,-0.39596,0.0,stay
0.91854,0.84358,0.08919,-0.07496,0.91584,right
0.05552,0.67469,0.34136,0.61917,0.84291,stay
0.48763,0.11994,0.84538,-0.36769,0.55595,stay
0.63361,0.53003,0.26882,-0.10358,0.53716,right
0.942,0.5,0.0,-0.442,0.0,stay
0.94483,0.33329,0.02191,-0.61154,0.81233,stay
0.47574,0.19187,0.40297,-0.28387,0.7824,stay
0.67317,0.5,0.0,-0.17317,0.0,stay
0.43023,0.71451,0.22707,0.28427,0.76972,stay
0.46504,0.20237,0.78241,-0.26267,0.9053,stay
0.5868,0.63635,0.01729,0.04955,0.9819,right
0.18066,0.76652,0.57928,0.58586,0.79296,stay
0.88661,0.52199,0.08516,-0.36462,0.48271,stay
0.66338,0.32934,0.02916,-0.33404,0.56048,stay
0.7433,0.64977,0.27643,-0.09353,0.54042,right
0.60015,0.44002,0.47769,-0.16014,0.60979,right
0.43243,0.513,0.05177,0.08057,0.73115,left
0.51894,0.71349,0.80954,0.19455,0.60654,left
0.27271,0.26517,0.09547,-0.00754,0.91076,left
0.77853,0.42409,0.76605,-0.35444,0.93374,stay
0.54558,0.91686,0.33756,0.37128,0.86512,stay
0.29009,0.87017,0.33102,0.58008,0.56083,stay
0.67878,0.07104,0.88554,-0.60774,0.52002,stay
0.93522,0.95465,0.77887,0.01943,0.69501,left
0.42422,0.48768,0.98837,0.06346,0.51446,left
0.51932,0.25397,0.79235,-0.26535,0.51604,stay
0.31348,0.27922,0.20791,-0.03426,0.49144,right
0.7312,0.18237,0.74815,-0.54883,0.52473,stay
0.8036,0.17951,0.3224,-0.62409,0.48316,stay
0.71751,0.03786,0.61287,-0.67965,0.7134,stay
0.69328,0.2127,0.38661,-0.48058,0.99677,stay
0.47124,0.26633,0.55323,-0.20492,0.96719,right
0.3365,0.54993,0.06546,0.21343,0.44648,left
0.49572,0.40424,0.89794,-0.09147,0.80518,right
0.912,0.89198,0.19688,-0.02002,0.61766,left
0.84591,0.24102,0.94811,-0.60489,0.95617,stay
0.06916,0.81615,0.2703,0.74699,0.7653,stay
0.21707,0.08544,0.18273,-0.13163,0.86272,right
0.09552,0.72522,0.04937,0.6297,0.57963,stay
0.73547,0.33102,0.20313,-0.40445,0.60837,stay
0.74258,0.29397,0.28157,-0.44861,0.70313,stay
0.46033,0.51907,0.52412,0.05874,0.67719,left
0.50713,0.07997,0.27259,-0.42717,0.48575,stay
0.70265,0.52976,0.18946,-0.17289,0.72993,right
0.373,0.397,0.28233,0.024,0.75502,left
0.16606,0.6963,0.08472,0.53025,0.74859,stay
0.05246,0.48383,0.82432,0.43137,0.71561,stay
0.36245,0.53729,0.80471,0.17484,0.68186,left
0.58009,0.80768,0.10234,0.22759,0.54023,stay
0.45946,0.70596,0.54712,0.2465,0.73711,stay
0.29752,0.34743,0.07674,0.04992,0.57543,left
0.90473,0.09542,0.21844,-0.80932,0.89373,stay
0.83909,0.80103,0.8244,-0.03806,0.82813,right
0.94541,0.95491,0.79471,0.0095,0.43793,left
0.70104,0.59489,0.48256,-0.10615,0.65866,right
0.57754,0.87694,0.51854,0.29939,0.53763,stay
0.38466,0.87957,0.16553,0.49491,0.65591,stay
0.52638,0.39483,0.42236,-0.13155,0.50265,right
0.68495,0.72164,0.855,0.03669,0.80579,left
0.8111,0.3818,0.47734,-0.4293,0.62649,stay
0.32689,0.5,0.0,0.17311,0.0,stay
0.33089,0.10985,0.68799,-0.22104,0.9253,stay
0.63844,0.84782,0.63431,0.20938,0.744,left
0.28913,0.39172,0.93313,0.10259,0.59297,left
0.09693,0.64534,0.78426,0.54841,0.97369,stay
0.16075,0.25095,0.88111,0.0902,0.83669,left
0.74148,0.86712,0.13928,0.12563,0.86885,left
0.30028,0.87701,0.81672,0.57673,0.70828,stay
0.33864,0.63096,0.407,0.29232,0.76072,stay
0.64185,0.55475,0.29378,-0.0871,0.69835,right
0.75947,0.87051,0.76225,0.11103,0.45619,left
0.39433,0.59556,0.59034,0.20123,0.88235,left
0.66207,0.5,0.0,-0.16207,0.0,stay
0.2737,0.94731,0.64762,0.67361,0.487,stay
0.92705,0.69505,0.24911,-0.232,0.77696,stay
0.43903,0.44722,0.8308,0.00819,0.72348,left
0.38541,0.26912,0.72455,-0.11629,0.58999,right
0.76183,0.33614,0.55997,-0.42568,0.54369,stay
0.73799,0.10956,0.99104,-0.62843,0.6594,stay
0.05961,0.56923,0.30271,0.50962,0.5438,stay
0.91763,0.32058,0.84534,-0.59706,0.5779,stay
0.13433,0.82204,0.84212,0.68771,0.64674,stay
0.49404,0.05413,0.74979,-0.43991,0.73469,stay
0.8109,0.2092,0.60403,-0.6017,0.50858,stay
0.80831,0.8603,0.37583,0.05199,0.44288,left
0.38899,0.38581,0.58768,-0.00319,0.94199,right
0.89774,0.42263,0.43868,-0.47511,0.91618,stay
0.69284,0.71756,0.6352,0.02472,0.51205,left
0.80797,0.92804,0.94549,0.12007,0.90515,left
0.68822,0.62688,0.36818,-0.06133,0.46289,right
0.94887,0.75602,0.77861,-0.19284,0.97327,right
0.60187,0.34715,0.45467,-0.25472,0.80534,stay
0.20795,0.83478,0.89704,0.62683,0.90138,stay
0.17627,0.48208,0.16025,0.3058,0.98409,stay
0.646,0.9144,0.69068,0.2684,0.87962,stay
0.64438,0.31089,0.12486,-0.33349,0.85346,stay
0.64429,0.05473,0.46727,-0.58956,0.72388,stay
0.57211,0.93156,0.20979,0.35945,0.85466,stay
0.82696,0.5,0.0,-0.32696,0.0,stay
0.30365,0.92101,0.4265,0.61735,0.68355,stay
0.2427,0.28807,0.40838,0.04538,0.92185,left
0.38781,0.80908,0.78873,0.42127,0.75949,stay
0.23751,0.33454,0.48053,0.09703,0.72742,left
0.50179,0.93101,0.56075,0.42922,0.9736,stay
0.11499,0.9231,0.24183,0.80812,0.66149,stay
0.24348,0.50277,0.8564,0.25928,0.4909,stay
0.57442,0.64764,0.15007,0.07322,0.86469,left
0.2229,0.5,0.0,0.2771,0.0,stay
0.36325,0.5,0.0,0.13675,0.0,stay
0.73636,0.48748,0.61036,-0.24887,0.86513,stay
0.05847,0.5,0.0,0.44153,0.0,stay
0.72303,0.4498,0.69931,-0.27323,0.52222,stay
0.72101,0.5762,0.56557,-0.14481,0.92496,right
0.88458,0.74493,0.93991,-0.13966,0.81973,right
0.36553,0.78754,0.89578,0.42201,0.86022,stay
0.08225,0.54615,0.82591,0.4639,0.88132,stay
0.29455,0.8589,0.49152,0.56435,0.88007,stay
0.87572,0.14408,0.13334,-0.73165,0.69485,stay
0.41571,0.51858,0.47021,0.10287,0.64963,left
0.06497,0.5,0.0,0.43503,0.0,stay
0.8196,0.5,0.0,-0.3196,0.0,stay
0.4797,0.21749,0.96391,-0.26222,0.61307,stay
0.55548,0.39246,0.6018,-0.16302,0.73054,right
0.62416,0.85767,0.1701,0.23351,0.61024,stay
0.11936,0.45789,0.36012,0.33852,0.71478,stay
0.33121,0.39574,0.76401,0.06452,0.75425,left
0.20408,0.35296,0.88641,0.14888,0.77407,left
0.43443,0.27332,0.22289,-0.16111,0.81449,right
0.30237,0.58331,0.44984,0.28094,0.54918,stay
0.19617,0.96938,0.232,0.77321,0.9501,stay
0.88011,0.26509,0.19788,-0.61503,0.91224,stay
0.43314,0.29787,0.38682,-0.13527,0.89813,right
0.63109,0.48261,0.6272,-0.14848,0.93847,right
0.49092,0.92219,0.43745,0.43127,0.5737,stay
0.13624,0.15079,0.76304,0.01455,0.50611,left
0.47619,0.34496,0.53502,-0.13123,0.63797,right
0.46823,0.50979,0.39679,0.04156,0.71624,left
0.50646,0.05932,0.58189,-0.44714,0.66093,stay
0.08387,0.72477,0.97505,0.6409,0.75208,stay
0.09547,0.71768,0.39288,0.62222,0.684,stay
0.31152,0.21274,0.58569,-0.09878,0.86635,right
0.88793,0.49017,0.97327,-0.39776,0.89957,stay
0.17129,0.59316,0.18058,0.42187,0.91155,stay
0.71695,0.24901,0.07203,-0.46794,0.84921,stay
0.18315,0.83258,0.36963,0.64942,0.64251,stay
0.66961,0.68353,0.92345,0.01393,0.77497,left
0.7329,0.21703,0.13348,-0.51587,0.99659,stay
0.6505,0.5,0.0,-0.1505,0.0,stay
0.63577,0.5,0.0,-0.13577,0.0,stay
0.09188,0.5,0.0,0.40812,0.0,stay
0.69203,0.96743,0.81051,0.27539,0.98151,stay
0.57751,0.89238,0.07499,0.31488,0.99838,stay
0.39123,0.73325,0.17403,0.34202,0.75439,stay
0.42574,0.19017,0.91619,-0.23557,0.4441,stay
0.22594,0.0699,0.45296,-0.15603,0.57051,right
0.43443,0.49469,0.55185,0.06026,0.57142,left
0.6746,0.87922,0.04599,0.20462,0.8838,left
0.74887,0.5,0.0,-0.24887,0.0,stay
0.17991,0.1495,0.71115,-0.03042,0.50375,right
0.19383,0.85773,0.16326,0.6639,0.49751,stay
0.21403,0.75838,0.2682,0.54435,0.48296,stay
0.18189,0.77486,0.36509,0.59297,0.43128,stay
0.31344,0.15804,0.97372,-0.1554,0.66458,right
0.59966,0.43593,0.10183,-0.16374,0.4618,right
0.11782,0.92421,0.62795,0.8064,0.69445,stay
0.37271,0.12811,0.22144,-0.2446,0.74708,stay
0.60583,0.34862,0.24388,-0.25721,0.58521,stay
0.22333,0.27045,0.60502,0.04712,0.47182,left
0.45016,0.25856,0.79703,-0.1916,0.46448,right
0.66951,0.5,0.0,-0.16951,0.0,stay
0.48238,0.25862,0.31202,-0.22376,0.76191,stay
0.76291,0.38268,0.64032,-0.38023,0.86961,stay
0.76694,0.14917,0.05379,-0.61777,0.85009,stay
0.09831,0.62633,0.58031,0.52802,0.78377,stay
0.63062,0.38393,0.47175,-0.24669,0.80561,stay
0.89286,0.91709,0.79919,0.02423,0.56407,left
0.89109,0.54769,0.04806,-0.34341,0.54668,stay
0.21645,0.07238,0.09522,-0.14407,0.76347,right
0.53694,0.8831,0.00285,0.34616,0.6584,stay
0.12778,0.32845,0.62662,0.20068,0.44146,left
0.75563,0.32879,0.21996,-0.42684,0.53481,stay
0.26325,0.11214,0.07541,-0.15111,0.84217,right
0.33925,0.45595,0.77365,0.1167,0.92185,left
0.3305,0.4397,0.95974,0.1092,0.85999,left
0.56606,0.69693,0.41769,0.13087,0.49565,left
0.09263,0.5,0.0,0.40737,0.0,stay
0.80857,0.75944,0.22905,-0.04913,0.4483,right
0.24809,0.64848,0.27846,0.4004,0.78563,stay
0.64543,0.03993,0.59756,-0.60549,0.62561,stay
0.5783,0.54946,0.46874,-0.02884,0.89421,right
0.57803,0.8409,0.24124,0.26287,0.87532,stay
0.93554,0.6046,0.76849,-0.33094,0.68959,stay
0.47058,0.0715,0.04885,-0.39908,0.80736,stay
0.93672,0.5,0.0,-0.43672,0.0,stay
0.72233,0.59781,0.87162,-0.12452,0.49061,right
0.52618,0.80445,0.89373,0.27827,0.98546,stay
0.0617,0.28665,0.64722,0.22495,0.79575,stay
0.16214,0.5,0.0,0.33786,0.0,stay
0.13694,0.81526,0.66411,0.67832,0.84269,stay
0.67383,0.78294,0.39625,0.1091,0.89829,left
0.58208,0.62641,0.22938,0.04433,0.50541,left
0.6677,0.19431,0.97651,-0.47339,0.828,stay
0.67809,0.41114,0.61629,-0.26695,0.94921,stay
0.23187,0.48625,0.09875,0.25438,0.75548,stay
0.94024,0.03606,0.48496,-0.90418,0.82203,stay
0.1372,0.04284,0.55177,-0.09436,0.92133,right
0.18653,0.55049,0.31672,0.36396,0.55533,stay
0.44011,0.45773,0.96815,0.01761,0.88163,left
0.27972,0.78889,0.40286,0.50917,0.77077,stay
0.0804,0.73492,0.813,0.65452,0.64538,stay
0.91975,0.13065,0.08811,-0.78911,0.56486,stay
0.57134,0.33799,0.59949,-0.23335,0.64602,stay
0.15235,0.20653,0.26155,0.05418,0.64067,left
0.46481,0.67046,0.99275,0.20565,0.62248,left
0.92866,0.37154,0.7529,-0.55712,0.67419,stay
0.65806,0.46419,0.34366,-0.19387,0.65762,right
0.94984,0.88247,0.79703,-0.06737,0.50371,right
0.86613,0.94662,0.89491,0.08049,0.68563,left
0.22393,0.0603,0.76454,-0.16364,0.43856,right
0.56656,0.5,0.0,-0.06656,0.0,stay
0.39047,0.41251,0.0728,0.02204,0.90265,left
0.93994,0.76976,0.20521,-0.17018,0.903,right
0.07484,0.85442,0.26122,0.77958,0.76094,stay
0.57168,0.83452,0.09235,0.26284,0.7536,stay
0.54434,0.5,0.0,-0.04434,0.0,stay
0.87196,0.06934,0.61751,-0.80262,0.44819,stay
0.88405,0.51595,0.43578,-0.36809,0.52404,stay
0.15528,0.20401,0.17573,0.04873,0.4312,left
0.82207,0.04335,0.11155,-0.77872,0.52953,stay
0.9332,0.55569,0.71037,-0.37751,0.44421,stay
0.52313,0.75301,0.82334,0.22989,0.47204,stay
0.80921,0.2338,0.02381,-0.57541,0.43705,stay
0.44415,0.5,0.0,0.05585,0.0,stay
0.76196,0.51097,0.94975,-0.25099,0.64585,stay
0.11,0.63889,0.53157,0.52889,0.58479,stay
0.08891,0.40513,0.1439,0.31622,0.66619,stay
0.5917,0.48752,0.6185,-0.10418,0.98514,right
0.87109,0.08859,0.49356,-0.7825,0.88923,stay
0.82749,0.5875,0.07846,-0.23999,0.63045,stay
0.23325,0.64075,0.5297,0.4075,0.48336,stay
0.75593,0.87974,0.19402,0.1238,0.81663,left
0.05914,0.92118,0.08561,0.86204,0.84044,stay
0.88394,0.85656,0.88387,-0.02738,0.663,right
0.20137,0.95031,0.71564,0.74894,0.77171,stay
0.46191,0.30584,0.04381,-0.15608,0.5437,right
0.86707,0.81696,0.57612,-0.05011,0.67253,right
0.77376,0.5572,0.65689,-0.21656,0.79983,right
0.8886,0.75036,0.60068,-0.13824,0.79707,right
0.26477,0.13674,0.47849,-0.12803,0.96531,right
0.44649,0.50485,0.51419,0.05836,0.46817,left
0.68571,0.5,0.0,-0.18571,0.0,stay
0.55433,0.44858,0.26661,-0.10575,0.58237,right
0.25709,0.22628,0.30293,-0.03081,0.67184,right
0.53888,0.13718,0.2682,-0.4017,0.74492,stay
0.51272,0.44945,0.17915,-0.06328,0.97077,right
0.31237,0.08917,0.87179,-0.22319,0.56243,stay
0.12327,0.47243,0.6635,0.34916,0.46698,stay
0.7227,0.5,0.0,-0.2227,0.0,stay
0.86921,0.4151,0.56166,-0.45411,0.78835,stay
0.44879,0.29073,0.08853,-0.15805,0.5244,right
0.14509,0.45259,0.31403,0.3075,0.49882,stay
0.51251,0.92132,0.16739,0.40881,0.97508,stay
0.59435,0.70456,0.2036,0.11021,0.79152,left
0.89328,0.37122,0.71567,-0.52206,0.89818,stay
0.49408,0.5471,0.85703,0.05301,0.9629,left
0.23756,0.0426,0.17884,-0.19496,0.80086,right
0.34531,0.03727,0.74701,-0.30804,0.53015,stay
0.59796,0.3275,0.52539,-0.27046,0.99716,stay
0.71646,0.46511,0.78618,-0.25136,0.91046,stay
0.08493,0.6767,0.61338,0.59177,0.78969,stay
0.61192,0.29054,0.4298,-0.32138,0.56138,stay
0.27019,0.5,0.0,0.22981,0.0,stay
0.49777,0.89885,0.51928,0.40108,0.88665,stay
0.84212,0.4192,0.41125,-0.42292,0.68251,stay
0.25675,0.23629,0.25364,-0.02046,0.69701,left
0.79778,0.5,0.0,-0.29778,0.0,stay
0.86296,0.9086,0.67786,0.04563,0.76206,left
0.35947,0.4179,0.64593,0.05843,0.72216,left
0.07565,0.47227,0.73495,0.39662,0.51227,stay
0.48182,0.55686,0.93449,0.07504,0.84135,left
0.84081,0.41877,0.83133,-0.42203,0.80652,stay
0.79085,0.5,0.0,-0.29085,0.0,stay
0.59414,0.27154,0.37607,-0.32261,0.8825,stay
0.49821,0.32977,0.1705,-0.16843,0.94987,right
0.80663,0.34644,0.15286,-0.46019,0.58317,stay
0.81197,0.29941,0.60893,-0.51255,0.87445,stay
0.79154,0.23612,0.96523,-0.55542,0.53074,stay
0.50946,0.5,0.0,-0.00946,0.0,stay
0.07104,0.58902,0.1265,0.51798,0.96766,stay
0.81318,0.5,0.0,-0.31318,0.0,stay
0.59639,0.64965,0.52034,0.05325,0.61066,left
0.49163,0.61253,0.56725,0.1209,0.47888,left
0.74133,0.26402,0.77123,-0.47731,0.68249,stay
0.58959,0.94836,0.24455,0.35877,0.45633,stay
0.70196,0.51879,0.2204,-0.18317,0.81198,right
0.20629,0.79633,0.10355,0.59004,0.80479,stay
0.62743,0.46891,0.27561,-0.15852,0.4729,right
0.54308,0.87338,0.74366,0.33029,0.70056,stay
0.38426,0.11411,0.1577,-0.27015,0.4821,stay
0.41119,0.35763,0.81547,-0.05356,0.91149,right
0.74307,0.29493,0.34663,-0.44813,0.9982,stay
0.93015,0.64874,0.27448,-0.28141,0.75258,stay
0.07691,0.49758,0.83045,0.42067,0.66508,stay
0.73103,0.78719,0.43872,0.05617,0.53999,right
0.49656,0.81246,0.57037,0.3159,0.70003,stay
0.7255,0.24527,0.73287,-0.48023,0.62536,stay
0.47372,0.67558,0.69878,0.20186,0.95031,left
0.29331,0.35425,0.69204,0.06094,0.76308,left
0.07899,0.16079,0.97724,0.0818,0.99673,left
0.45668,0.54295,0.45789,0.08627,0.89185,left
0.45489,0.6615,0.80548,0.20661,0.9506,left
0.74696,0.34453,0.17756,-0.40243,0.64868,stay
0.50919,0.95416,0.89317,0.44498,0.58938,stay
0.56551,0.91604,0.42074,0.35053,0.78596,stay
0.35161,0.5,0.0,0.14839,0.0,stay
0.33746,0.47966,0.73517,0.1422,0.57859,left
0.93935,0.52603,0.77641,-0.41332,0.93434,stay
0.87839,0.41029,0.49942,-0.4681,0.51287,stay
0.55954,0.26224,0.75341,-0.2973,0.90867,stay
0.85249,0.16683,0.6414,-0.68566,0.64063,stay
0.10826,0.88432,0.59663,0.77607,0.86991,stay
0.18994,0.26684,0.27742,0.07691,0.70775,left
0.52685,0.41832,0.87085,-0.10853,0.51594,right
0.75779,0.44021,0.98424,-0.31758,0.49592,stay
0.38305,0.7083,0.77684,0.32525,0.75353,stay
0.85719,0.49288,0.82184,-0.36431,0.85323,stay
0.77696,0.73772,0.15564,-0.03924,0.56208,right
0.2284,0.41574,0.01243,0.18734,0.96401,left
0.5831,0.1984,0.07146,-0.3847,0.85476,stay
0.30043,0.57136,0.73657,0.27093,0.90545,stay
0.11917,0.5,0.0,0.38083,0.0,stay
0.69084,0.42441,0.30952,-0.26644,0.86812,stay
0.49763,0.11465,0.39324,-0.38299,0.69062,stay
0.22056,0.76197,0.65435,0.54141,0.52785,stay
0.52622,0.6712,0.64084,0.14498,0.87551,left
0.77348,0.16735,0.12696,-0.60614,0.72062,stay
0.87968,0.50775,0.87933,-0.37193,0.9225,stay
0.12957,0.37526,0.82071,0.24568,0.74042,stay
0.94859,0.44643,0.35232,-0.50216,0.60964,stay
0.26635,0.79482,0.8313,0.52847,0.99111,stay
0.91925,0.4185,0.44678,-0.50076,0.49975,stay
0.77524,0.68625,0.34025,-0.08899,0.51862,right
0.08947,0.46463,0.80966,0.37517,0.76838,stay
0.19698,0.28631,0.41951,0.08933,0.9499,left
0.41005,0.10826,0.25418,-0.30179,0.67245,stay
0.63105,0.71702,0.49568,0.08596,0.73257,left
0.34491,0.08006,0.79561,-0.26485,0.92753,stay
0.41512,0.70142,0.10698,0.2863,0.74701,stay
0.45125,0.36429,0.33233,-0.08697,0.54294,right
0.79646,0.61141,0.86171,-0.18506,0.75909,right
0.56051,0.04648,0.08055,-0.51403,0.65764,stay
0.48801,0.31848,0.22827,-0.16953,0.43909,right
0.2533,0.88068,0.67812,0.62738,0.70135,stay
0.56814,0.40325,0.84424,-0.16489,0.53358,right
0.36028,0.60366,0.59001,0.24338,0.93712,stay
0.64392,0.4432,0.0294,-0.20071,0.71438,right
0.57014,0.21393,0.68152,-0.35621,0.61046,stay
0.54806,0.59401,0.60759,0.04595,0.87401,left
0.5465,0.19522,0.60663,-0.35128,0.90982,stay
0.5812,0.14717,0.96924,-0.43403,0.71882,stay
0.69026,0.32512,0.85343,-0.36514,0.94591,stay
0.52345,0.50689,0.98833,-0.01657,0.74587,right
0.928,0.22008,0.12721,-0.70792,0.82456,stay
0.38952,0.22446,0.47823,-0.16506,0.46853,right
0.15936,0.5,0.0,0.34064,0.0,stay
0.17467,0.87324,0.75701,0.69857,0.9065,stay
0.14928,0.94016,0.61075,0.79088,0.50365,stay
0.19499,0.31083,0.90364,0.11584,0.80601,left
0.58518,0.55773,0.11649,-0.02746,0.50739,right
0.81962,0.5,0.0,-0.31962,0.0,stay
0.21021,0.5,0.0,0.28979,0.0,stay
0.70279,0.67676,0.02665,-0.02603,0.70052,left
0.47224,0.16944,0.50579,-0.30281,0.96075,stay
0.29489,0.65222,0.48566,0.35733,0.68197,stay
0.70604,0.5,0.0,-0.20604,0.0,stay
0.94311,0.35211,0.98719,-0.591,0.93892,stay
0.83421,0.32476,0.24368,-0.50946,0.59007,stay
0.7121,0.26147,0.07164,-0.45063,0.87276,stay
0.62914,0.33877,0.12779,-0.29038,0.83061,stay
0.73928,0.78009,0.597,0.0408,0.88416,left
0.22415,0.45189,0.98345,0.22774,0.47245,stay
0.08303,0.11278,0.2524,0.02975,0.49608,right
0.24939,0.6082,0.72724,0.35881,0.94799,stay
0.40736,0.8759,0.78685,0.46854,0.68231,stay
0.91685,0.62929,0.89011,-0.28757,0.75053,stay
0.21936,0.5,0.0,0.28064,0.0,stay
0.92916,0.62955,0.88204,-0.29961,0.64769,stay
0.82787,0.13679,0.96998,-0.69108,0.66164,stay
0.74983,0.20536,0.65252,-0.54447,0.5564,stay
0.10463,0.04788,0.5764,-0.05676,0.74536,right
0.48332,0.08538,0.35143,-0.39794,0.7506,stay
0.80261,0.24392,0.82868,-0.5587,0.48774,stay
0.46591,0.90066,0.75061,0.43475,0.7316,stay
0.07094,0.10953,0.37727,0.03859,0.66438,right
0.39995,0.69245,0.20578,0.2925,0.85883,stay
0.3736,0.41355,0.54658,0.03994,0.47102,left
0.66502,0.12242,0.58016,-0.54259,0.66832,stay
0.19288,0.47697,0.33667,0.28409,0.9447,stay
0.56617,0.78633,0.62457,0.22016,0.97603,stay
0.33366,0.58544,0.44927,0.25178,0.60116,stay
0.44125,0.95363,0.34426,0.51237,0.48089,stay
0.53794,0.6295,0.05563,0.09156,0.93649,left
0.86616,0.51592,0.04842,-0.35024,0.95903,stay
0.56333,0.80939,0.68102,0.24606,0.47069,stay
0.47269,0.74195,0.83422,0.26926,0.87671,stay
0.73285,0.5,0.0,-0.23285,0.0,stay
0.39216,0.05344,0.8386,-0.33872,0.94992,stay
0.60783,0.5,0.0,-0.10783,0.0,stay
0.43957,0.39572,0.94673,-0.04386,0.94892,right
0.56181,0.78133,0.93678,0.21952,0.80602,left
0.84453,0.46804,0.80282,-0.37649,0.84178,stay
0.53241,0.3013,0.63692,-0.23111,0.56758,stay
0.94344,0.5,0.0,-0.44344,0.0,stay
0.14263,0.29137,0.6079,0.14874,0.93352,left
0.13911,0.80058,0.2371,0.66147,0.5372,stay
0.46477,0.65196,0.22563,0.18719,0.50667,left
0.22925,0.72123,0.0199,0.49199,0.55502,stay
0.56356,0.33775,0.39793,-0.22581,0.69033,stay
0.41516,0.74152,0.98886,0.32636,0.68492,stay
0.6576,0.26502,0.74521,-0.39257,0.86804,stay
0.09467,0.53287,0.18594,0.4382,0.4883,stay
0.71237,0.64932,0.28379,-0.06305,0.8084,right
0.16792,0.22723,0.96986,0.05931,0.55351,left
0.84715,0.40308,0.83981,-0.44407,0.91037,stay
0.74174,0.34976,0.2935,-0.39197,0.52015,stay
0.88325,0.40995,0.54429,-0.4733,0.4488,stay
0.92459,0.08665,0.01313,-0.83794,0.5532,stay
0.19975,0.94867,0.54026,0.74893,0.66112,stay
0.52589,0.58921,0.19031,0.06332,0.76194,left
0.87433,0.49023,0.90582,-0.3841,0.45965,stay
0.07474,0.67884,0.11107,0.6041,0.78087,stay
0.82179,0.16569,0.46303,-0.6561,0.46285,stay
0.05024,0.05933,0.05003,0.00908,0.43639,right
0.29759,0.89145,0.57644,0.59386,0.93588,stay
0.42141,0.42152,0.52999,0.00011,0.6514,left
0.35794,0.43428,0.69643,0.07634,0.84581,left
0.22957,0.3167,0.29733,0.08713,0.95846,left
0.73754,0.42442,0.44717,-0.31312,0.57102,stay
0.18297,0.17144,0.68531,-0.01153,0.60116,right
0.60959,0.5,0.0,-0.10959,0.0,stay
0.52945,0.60756,0.76912,0.07811,0.67722,left
0.50043,0.5,0.0,-0.00043,0.0,stay
0.66902,0.88435,0.48704,0.21533,0.58968,left
0.0703,0.07026,0.29406,-4e-05,0.99939,right
0.11058,0.57317,0.95959,0.46259,0.58873,stay
0.87536,0.31797,0.08754,-0.55739,0.62476,stay
0.39485,0.6884,0.92986,0.29355,0.47794,stay
0.08975,0.67766,0.54108,0.5879,0.80466,stay
0.88345,0.68554,0.50584,-0.19791,0.66521,right
0.25879,0.45372,0.57945,0.19492,0.71753,left
0.23141,0.5,0.0,0.26859,0.0,stay
0.60651,0.7406,0.58561,0.13409,0.8295,left
0.31213,0.24759,0.70696,-0.06455,0.8307,right
0.11423,0.75012,0.31322,0.63589,0.87917,stay
0.49033,0.60805,0.44863,0.11772,0.4612,left
0.52166,0.60322,0.3639,0.08156,0.95322,left
0.32173,0.5,0.0,0.17827,0.0,stay
0.52808,0.46578,0.00252,-0.06229,0.81115,right
0.12789,0.82546,0.61972,0.69757,0.75184,stay
0.80577,0.67016,0.25379,-0.13561,0.56255,right
0.33204,0.5,0.0,0.16796,0.0,stay
0.17738,0.82389,0.36717,0.64651,0.90339,stay
0.93683,0.89219,0.27993,-0.04464,0.83766,left
0.12497,0.34605,0.11404,0.22108,0.78973,stay
0.71521,0.19565,0.88918,-0.51957,0.71813,stay
0.88351,0.08349,0.40592,-0.80002,0.67634,stay
0.3919,0.25065,0.81162,-0.14125,0.48845,right
0.36381,0.29479,0.65746,-0.06902,0.57137,right
0.58839,0.42077,0.88346,-0.16763,0.8209,right
0.90716,0.51355,0.90016,-0.39361,0.89465,stay
0.24962,0.5,0.0,0.25038,0.0,stay
0.74034,0.04831,0.70434,-0.69203,0.54891,stay
0.80467,0.05686,0.66355,-0.74781,0.92041,stay
0.57841,0.8578,0.94912,0.27939,0.82036,stay
0.0652,0.48025,0.07927,0.41504,0.56554,stay
0.38598,0.16288,0.38846,-0.2231,0.76996,stay
0.89124,0.222,0.71619,-0.66923,0.56605,stay
0.52746,0.03797,0.65002,-0.48949,0.68086,stay
0.33559,0.04509,0.62077,-0.29049,0.97306,stay
0.35414,0.66212,0.91616,0.30798,0.88443,stay
0.94114,0.44568,0.14582,-0.49547,0.45558,stay
0.12666,0.64935,0.246,0.52269,0.96309,stay
0.53337,0.4301,0.03894,-0.10327,0.49075,right
0.71066,0.14548,0.9009,-0.56517,0.87649,stay
0.23003,0.91619,0.75698,0.68616,0.754,stay
0.8253,0.89913,0.5852,0.07384,0.55598,left
0.54645,0.06809,0.98136,-0.47835,0.91289,stay
0.82581,0.35228,0.0844,-0.47354,0.51269,stay
0.3365,0.22657,0.81565,-0.10993,0.80503,right
0.22844,0.68919,0.16876,0.46075,0.65859,stay
0.76571,0.22211,0.50742,-0.5436,0.67296,stay
0.6616,0.67901,0.15074,0.01741,0.99869,right
0.05763,0.09387,0.41125,0.03625,0.7294,right
0.84617,0.90464,0.4149,0.05848,0.65598,right
0.85487,0.73693,0.42199,-0.11794,0.82475,right
0.80544,0.55777,0.59377,-0.24767,0.59113,stay
0.10861,0.5,0.0,0.39139,0.0,stay
0.44688,0.4356,0.9797,-0.01128,0.82037,right
0.5068,0.28155,0.65868,-0.22525,0.60522,stay
0.08699,0.51887,0.34327,0.43188,0.77905,stay
0.20138,0.5,0.0,0.29862,0.0,stay
0.20705,0.84896,0.65598,0.64192,0.56262,stay
0.27383,0.04282,0.84548,-0.23101,0.86042,stay
0.62204,0.7862,0.99427,0.16415,0.67013,left
0.35196,0.34161,0.41096,-0.01036,0.80817,left
0.45696,0.16356,0.75055,-0.2934,0.66917,stay
0.70038,0.13638,0.77873,-0.564,0.96457,stay
0.6287,0.5,0.0,-0.1287,0.0,stay
0.70653,0.63871,0.02105,-0.06782,0.52286,right
0.69419,0.18062,0.92897,-0.51357,0.94451,stay
0.60605,0.65675,0.61652,0.0507,0.70543,left
0.21861,0.87588,0.14183,0.65727,0.43726,stay
0.60481,0.93511,0.44138,0.3303,0.49265,stay
0.1997,0.41918,0.88177,0.21947,0.6302,left
0.06862,0.15208,0.74941,0.08346,0.57717,left
0.19808,0.83322,0.44184,0.63513,0.81777,stay
0.2366,0.36982,0.23804,0.13321,0.88462,left
0.57772,0.83091,0.29012,0.25318,0.51638,stay
0.28118,0.3335,0.53999,0.05233,0.97544,left
0.05768,0.63839,0.37693,0.58071,0.68856,stay
0.12405,0.92709,0.91386,0.80303,0.80866,stay
0.11912,0.73713,0.38674,0.61801,0.49929,stay
0.15666,0.76658,0.12264,0.60993,0.54812,stay
0.12646,0.07945,0.15741,-0.04701,0.78217,left
0.64506,0.95791,0.6401,0.31284,0.52305,stay
0.13812,0.64302,0.54059,0.5049,0.43841,stay
0.73693,0.50367,0.07506,-0.23326,0.81094,stay
0.84721,0.38522,0.63667,-0.46199,0.48055,stay
0.70825,0.25423,0.37175,-0.45401,0.89784,stay
0.56895,0.79558,0.5802,0.22663,0.98129,stay
0.64559,0.19241,0.59294,-0.45318,0.53483,stay
0.53137,0.19058,0.10388,-0.34079,0.88611,stay
0.24819,0.21394,0.47012,-0.03425,0.70617,right
0.10938,0.75412,0.75845,0.64474,0.58393,stay
0.4649,0.5,0.0,0.0351,0.0,stay
0.149,0.76045,0.30807,0.61145,0.45338,stay
0.86533,0.8127,0.68376,-0.05263,0.62402,right
0.27491,0.70204,0.64599,0.42714,0.9022,stay
0.89896,0.3627,0.60552,-0.53626,0.83946,stay
0.07328,0.24519,0.6743,0.17191,0.92049,left
0.12341,0.45462,0.09403,0.33121,0.57693,stay
0.63234,0.43505,0.21803,-0.19729,0.86316,right
0.21636,0.92143,0.36358,0.70507,0.60348,stay
0.80698,0.24232,0.40728,-0.56466,0.99143,stay
0.8842,0.13138,0.42589,-0.75281,0.58354,stay
0.78248,0.04335,0.2821,-0.73913,0.83025,stay
0.6265,0.62837,0.12418,0.00187,0.80957,right
0.52032,0.93769,0.68707,0.41737,0.96373,stay
0.09077,0.15881,0.33304,0.06804,0.70003,left
0.91277,0.78425,0.27363,-0.12853,0.89422,right
0.24112,0.20874,0.63749,-0.03239,0.87087,right
0.24104,0.5,0.0,0.25896,0.0,stay
0.43509,0.24846,0.10589,-0.18663,0.61432,right
0.44042,0.50787,0.84922,0.06745,0.71998,left
0.19342,0.15824,0.2584,-0.03518,0.88802,left
0.07407,0.19835,0.60458,0.12428,0.61636,left
0.16365,0.84635,0.49088,0.6827,0.92745,stay
0.91455,0.6057,0.62552,-0.30884,0.55963,stay
0.15486,0.15106,0.78031,-0.0038,0.44024,right
0.16943,0.85831,0.764,0.68888,0.63435,stay
0.13583,0.52647,0.04255,0.39064,0.55051,stay
0.05889,0.59863,0.66288,0.53974,0.72342,stay
0.71093,0.5,0.0,-0.21093,0.0,stay
0.48907,0.03622,0.55164,-0.45285,0.43676,stay
0.26435,0.49251,0.0599,0.22816,0.99827,stay
0.41105,0.09222,0.91314,-0.31883,0.75329,stay
0.24345,0.59087,0.58557,0.34742,0.96511,stay
0.36991,0.58043,0.76865,0.21052,0.43927,left
0.44865,0.20979,0.12914,-0.23886,0.76913,stay
0.14584,0.5,0.0,0.35416,0.0,stay
0.67146,0.84453,0.03167,0.17307,0.44355,left
0.33837,0.59638,0.55783,0.25801,0.60242,stay
0.72784,0.15516,0.99294,-0.57268,0.51143,stay
0.81263,0.6057,0.77766,-0.20694,0.43891,right
0.17627,0.32571,0.451,0.14944,0.46056,left
0.67143,0.82702,0.65841,0.15559,0.60194,left
0.77292,0.6201,0.09508,-0.15282,0.96061,right
0.26779,0.35766,0.38496,0.08987,0.72011,left
0.05904,0.41828,0.75257,0.35924,0.89041,stay
0.67704,0.1512,0.04545,-0.52584,0.75272,stay
0.24144,0.33779,0.22643,0.09636,0.89294,left
0.25207,0.77375,0.15402,0.52168,0.6011,stay
0.1011,0.83588,0.81003,0.73478,0.66034,stay
0.31328,0.51537,0.09866,0.20209,0.98985,left
0.26677,0.48931,0.68798,0.22254,0.9741,stay
0.41893,0.10491,0.56046,-0.31402,0.47357,stay
0.1412,0.49252,0.08474,0.35132,0.72316,stay
0.62201,0.54095,0.1324,-0.08106,0.76712,right
0.08049,0.84446,0.8232,0.76396,0.96608,stay
0.15892,0.5,0.0,0.34108,0.0,stay
0.25312,0.59794,0.08475,0.34482,0.46522,stay
0.11001,0.81508,0.12977,0.70507,0.92789,stay
0.77071,0.5,0.0,-0.27071,0.0,stay
0.25169,0.27235,0.34032,0.02067,0.63249,left
0.105,0.47057,0.15645,0.36558,0.62976,stay
0.59349,0.85462,0.95038,0.26112,0.73238,stay
0.43288,0.59796,0.22671,0.16508,0.75699,left
0.36048,0.87565,0.7154,0.51517,0.93991,stay
0.31785,0.30166,0.20728,-0.01619,0.83184,right
0.58571,0.31237,0.73079,-0.27334,0.75848,stay
0.53899,0.11891,0.97509,-0.42008,0.90314,stay
0.11462,0.81408,0.28668,0.69946,0.99911,stay
0.56092,0.28578,0.5851,-0.27514,0.86401,stay
0.74401,0.62889,0.26196,-0.11512,0.8525,right
0.28278,0.39475,0.63022,0.11197,0.67682,left
0.54369,0.38429,0.79328,-0.1594,0.85395,right
0.22552,0.57073,0.91107,0.34521,0.61735,stay
0.47019,0.07337,0.52058,-0.39682,0.80562,stay
0.59482,0.5,0.0,-0.09482,0.0,stay
0.08197,0.34235,0.15373,0.26038,0.87157,stay
0.2483,0.86424,0.06361,0.61594,0.51236,stay
0.87434,0.91829,0.38588,0.04395,0.73794,right
0.732,0.09217,0.9271,-0.63983,0.99181,stay
0.94998,0.17565,0.29579,-0.77433,0.87923,stay
0.14845,0.79979,0.56727,0.65134,0.99454,stay
0.39997,0.65874,0.79814,0.25877,0.84278,stay
0.28327,0.26241,0.63766,-0.02087,0.86651,right
0.45828,0.66026,0.74314,0.20198,0.96921,left
0.53692,0.31097,0.66074,-0.22594,0.53157,stay
0.13536,0.39781,0.1499,0.26245,0.62227,stay
0.25299,0.62576,0.70955,0.37277,0.63961,stay
0.78516,0.2374,0.26879,-0.54776,0.76155,stay
0.07462,0.13929,0.06755,0.06468,0.79119,left
0.78635,0.2177,0.37382,-0.56865,0.86191,stay
0.67821,0.92186,0.09147,0.24365,0.75739,stay
0.91525,0.11126,0.2532,-0.80399,0.50846,stay
0.18327,0.19449,0.15502,0.01121,0.43751,right
0.61082,0.58829,0.04796,-0.02253,0.49162,left
0.10232,0.05038,0.70873,-0.05194,0.79938,right
0.88193,0.76422,0.91018,-0.11772,0.82434,right
0.87799,0.45649,0.67361,-0.4215,0.49755,stay
0.74392,0.27878,0.21081,-0.46514,0.75612,stay
0.65065,0.18663,0.29952,-0.46402,0.98257,stay
0.73256,0.79074,0.07855,0.05818,0.95599,right
0.07943,0.40725,0.56053,0.32782,0.83913,stay
0.2852,0.45814,0.68107,0.17294,0.57494,left
0.25256,0.10062,0.83941,-0.15195,0.7228,right
0.87891,0.64868,0.90125,-0.23023,0.80281,stay
0.42315,0.34041,0.11334,-0.08274,0.81488,right
0.44786,0.3045,0.85044,-0.14337,0.85208,right
0.21223,0.5,0.0,0.28777,0.0,stay
0.77572,0.3215,0.68496,-0.45422,0.50483,stay
0.09722,0.95146,0.6501,0.85424,0.76823,stay
0.61434,0.77433,0.47452,0.15999,0.93059,left
0.5093,0.07452,0.48259,-0.43478,0.67005,stay
0.51719,0.67695,0.61824,0.15976,0.67672,left
0.53759,0.5,0.0,-0.03759,0.0,stay
0.36435,0.42396,0.4755,0.05961,0.82263,left
0.53656,0.10929,0.84068,-0.42727,0.53286,stay
0.79808,0.06071,0.79147,-0.73737,0.99349,stay
0.3784,0.87466,0.0295,0.49626,0.50898,stay
0.75695,0.95189,0.53171,0.19495,0.64858,left
0.82865,0.40583,0.51477,-0.42282,0.83477,stay
0.29588,0.15682,0.71828,-0.13906,0.88174,right
0.23606,0.632,0.01559,0.39593,0.95559,stay
0.92021,0.40683,0.41757,-0.51337,0.50887,stay
0.47328,0.73408,0.05209,0.26081,0.97259,stay
0.48332,0.34143,0.06086,-0.14189,0.85207,right
0.64358,0.17108,0.86882,-0.47249,0.53195,stay
0.15029,0.64683,0.03235,0.49653,0.99669,stay
0.51115,0.5,0.0,-0.01115,0.0,stay
0.2184,0.36652,0.16275,0.14812,0.74166,left
0.77582,0.20595,0.89849,-0.56987,0.85572,stay
0.70427,0.55988,0.06142,-0.14439,0.6997,right
0.56487,0.76302,0.89413,0.19815,0.98939,left
0.47894,0.50219,0.60471,0.02324,0.83585,left
0.60932,0.5,0.0,-0.10932,0.0,stay
0.70686,0.04105,0.19713,-0.66581,0.78918,stay
0.24567,0.5,0.0,0.25433,0.0,stay
0.05111,0.90486,0.71567,0.85375,0.75426,stay
0.58814,0.57731,0.53437,-0.01083,0.95639,right
0.87453,0.31115,0.08654,-0.56338,0.48147,stay
0.48241,0.5,0.0,0.01759,0.0,stay
0.24853,0.10446,0.62532,-0.14408,0.72447,right
0.82637,0.52605,0.63911,-0.30032,0.77027,stay
0.65643,0.9511,0.5837,0.29468,0.88415,stay
0.0664,0.88905,0.80438,0.82264,0.88219,stay
0.48322,0.84277,0.90244,0.35955,0.52384,stay
0.32496,0.68747,0.23414,0.36252,0.80363,stay
0.93645,0.10811,0.74801,-0.82835,0.73187,stay
0.93832,0.79741,0.00158,-0.14092,0.46981,right
0.46605,0.11789,0.46588,-0.34816,0.79622,stay
0.23283,0.45125,0.62213,0.21841,0.88419,left
0.62502,0.74959,0.22376,0.12458,0.92307,left
0.29402,0.5583,0.27162,0.26428,0.49226,stay
0.27091,0.73801,0.52965,0.46711,0.87871,stay
0.68025,0.5,0.0,-0.18025,0.0,stay
0.69001,0.5,0.0,-0.19001,0.0,stay
0.62861,0.68545,0.47869,0.05684,0.45404,left
0.93443,0.80105,0.84172,-0.13337,0.74163,right
0.52241,0.13312,0.42146,-0.38929,0.97349,stay
0.20357,0.38217,0.70405,0.1786,0.54287,left
0.86815,0.06071,0.02625,-0.80744,0.88059,stay
0.35507,0.47725,0.31299,0.12218,0.46416,left
0.162,0.20757,0.56022,0.04558,0.4307,left
0.69594,0.5735,0.59186,-0.12243,0.58582,right
0.67013,0.43976,0.97244,-0.23037,0.81101,stay
0.4249,0.31214,0.2666,-0.11276,0.87617,right
0.59874,0.50316,0.08051,-0.09558,0.75523,right
0.57938,0.44375,0.8906,-0.13564,0.62368,right
0.57019,0.14076,0.00719,-0.42943,0.80309,stay
0.72031,0.83003,0.57369,0.10972,0.98702,left
0.55621,0.68236,0.81086,0.12615,0.59405,left
0.93877,0.09696,0.885,-0.84181,0.99571,stay
0.82383,0.67191,0.90954,-0.15191,0.51456,right
0.34192,0.62302,0.38857,0.2811,0.957,stay
0.94919,0.20887,0.58723,-0.74032,0.45434,stay
0.83998,0.52954,0.75238,-0.31043,0.48312,stay
0.58038,0.50395,0.96385,-0.07644,0.43247,right
0.43625,0.65863,0.02613,0.22238,0.87733,stay
0.24229,0.15597,0.6882,-0.08632,0.59502,right
0.15908,0.53319,0.9916,0.3741,0.62006,stay
0.54027,0.88169,0.66677,0.34142,0.44401,stay
0.82873,0.5,0.0,-0.32873,0.0,stay
0.07231,0.56122,0.18173,0.48891,0.73306,stay
0.22604,0.5,0.0,0.27396,0.0,stay
0.81745,0.10987,0.13923,-0.70758,0.86301,stay
0.3001,0.79263,0.92172,0.49253,0.50662,stay
0.26847,0.51984,0.68532,0.25137,0.52662,stay
0.46853,0.27087,0.3689,-0.19766,0.77536,right
0.81207,0.79757,0.99296,-0.0145,0.53359,right
0.34962,0.74351,0.78664,0.39389,0.72101,stay
0.53385,0.18812,0.45732,-0.34573,0.85324,stay
0.52135,0.5578,0.60507,0.03645,0.9059,left
0.74009,0.11312,0.14059,-0.62697,0.9469,stay
0.06048,0.90831,0.50557,0.84783,0.69749,stay
0.4344,0.66271,0.65003,0.22831,0.9167,stay
0.79655,0.67582,0.17047,-0.12073,0.97131,right
0.13638,0.54903,0.5087,0.41266,0.52625,stay
0.25744,0.14875,0.96592,-0.1087,0.5836,right
0.53472,0.35442,0.55192,-0.18031,0.73976,right
0.54353,0.092,0.64018,-0.45153,0.63681,stay
0.41372,0.89914,0.90133,0.48542,0.87582,stay
0.19499,0.5443,0.31755,0.34931,0.49348,stay
0.37309,0.56099,0.68244,0.1879,0.70777,left
0.94208,0.19182,0.47026,-0.75026,0.58652,stay
0.71833,0.815,0.29934,0.09667,0.84323,left
0.93341,0.82369,0.10371,-0.10972,0.9494,right
0.73084,0.79233,0.61387,0.06149,0.67744,left
0.07829,0.23164,0.04561,0.15335,0.7786,left
0.14704,0.77547,0.51348,0.62844,0.46378,stay
0.66561,0.77046,0.48918,0.10485,0.61553,left
0.83207,0.25955,0.89298,-0.57252,0.61175,stay
0.73438,0.59019,0.3231,-0.14419,0.96577,right
0.63145,0.33673,0.59336,-0.29472,0.82721,stay
0.82842,0.80543,0.00115,-0.02299,0.92554,right
0.57756,0.12542,0.76298,-0.45214,0.80138,stay
0.31084,0.91737,0.98069,0.60652,0.75702,stay
0.30241,0.0593,0.98362,-0.24311,0.78711,stay
0.85015,0.23265,0.81913,-0.6175,0.70861,stay
0.35366,0.89329,0.42068,0.53964,0.46447,stay
0.51106,0.75078,0.27391,0.23973,0.68899,stay
0.92891,0.82106,0.4302,-0.10785,0.63903,right
0.8986,0.81698,0.49983,-0.08162,0.6898,right
0.65816,0.5,0.0,-0.15816,0.0,stay
0.5523,0.66544,0.83712,0.11314,0.72787,left
0.14984,0.90157,0.12268,0.75173,0.51085,stay
0.69879,0.42936,0.69603,-0.26943,0.58501,stay
0.75565,0.12078,0.67297,-0.63487,0.90583,stay
0.51795,0.49266,0.46602,-0.0253,0.59733,right
0.46459,0.28104,0.68028,-0.18355,0.93747,right
0.40987,0.56258,0.29908,0.15271,0.56822,left
0.08031,0.35585,0.88724,0.27554,0.71322,stay
0.06479,0.10169,0.56516,0.0369,0.50809,left
0.32128,0.22856,0.13723,-0.09272,0.57565,right
0.32399,0.80907,0.31266,0.48508,0.82003,stay
0.52531,0.36401,0.42591,-0.1613,0.67481,right
0.83469,0.32378,0.91574,-0.5109,0.98434,stay
0.29847,0.40939,0.27435,0.11092,0.44533,left
0.53882,0.22232,0.75274,-0.31651,0.67103,stay
0.54837,0.78336,0.49693,0.23499,0.62522,stay
0.69128,0.09334,0.10151,-0.59794,0.89586,stay
0.08332,0.4057,0.51336,0.32238,0.84303,stay
0.82392,0.10033,0.89266,-0.72359,0.6704,stay
0.36854,0.7305,0.44971,0.36196,0.67242,stay
0.73977,0.14079,0.29918,-0.59898,0.59732,stay
0.35845,0.137,0.40025,-0.22145,0.69023,stay
0.22352,0.66757,0.24144,0.44406,0.43211,stay
0.70271,0.52662,0.21387,-0.17608,0.60646,right
0.13546,0.67279,0.59343,0.53734,0.81489,stay
0.78213,0.90773,0.72113,0.1256,0.53821,left
0.62363,0.27091,0.42101,-0.35272,0.84304,stay
0.93195,0.93923,0.80459,0.00729,0.63849,left
0.05333,0.23964,0.23027,0.18632,0.78563,left
0.73199,0.03632,0.36099,-0.69567,0.56396,stay
0.46824,0.60371,0.37899,0.13547,0.44636,left
0.33687,0.13111,0.38305,-0.20577,0.54384,right
0.08061,0.9107,0.90231,0.83009,0.61499,stay
0.52982,0.60026,0.1042,0.07044,0.55351,left
0.69292,0.51849,0.24763,-0.17443,0.61687,right
0.71109,0.49183,0.73123,-0.21927,0.7757,right
0.59024,0.5,0.0,-0.09024,0.0,stay
0.56667,0.191,0.31138,-0.37568,0.93858,stay
0.94724,0.21302,0.81495,-0.73422,0.51988,stay
0.13452,0.31633,0.73619,0.18181,0.68799,left
0.53418,0.03689,0.06547,-0.49729,0.81209,stay
0.20402,0.71538,0.1634,0.51135,0.64629,stay
0.64635,0.10322,0.93086,-0.54313,0.75729,stay
0.93651,0.40148,0.15134,-0.53503,0.99289,stay
0.08504,0.5,0.0,0.41496,0.0,stay
0.27615,0.82108,0.13686,0.54493,0.89175,stay
0.75718,0.60026,0.32225,-0.15692,0.68182,right
0.7241,0.75267,0.66894,0.02857,0.54124,left
0.28697,0.27361,0.27059,-0.01335,0.49615,left
0.82981,0.06044,0.05865,-0.76937,0.43961,stay
0.42681,0.09528,0.17669,-0.33153,0.78998,stay
0.71043,0.42576,0.96058,-0.28468,0.88499,stay
0.56442,0.73678,0.43,0.17237,0.96958,left
0.13512,0.71318,0.63292,0.57806,0.67573,stay
0.47311,0.39509,0.69529,-0.07802,0.58406,right
0.05005,0.5,0.0,0.44995,0.0,stay
0.08931,0.5,0.0,0.41069,0.0,stay
0.66116,0.92189,0.37201,0.26074,0.86496,stay
0.41098,0.78855,0.23513,0.37756,0.99122,stay
0.05835,0.5175,0.14022,0.45916,0.69779,stay
0.33556,0.69475,0.56198,0.3592,0.93707,stay
0.60608,0.66497,0.73915,0.05889,0.72445,left
0.2196,0.0654,0.04447,-0.1542,0.86377,right
0.75548,0.9002,0.68672,0.14472,0.54679,left
0.91412,0.16543,0.67729,-0.74869,0.95108,stay
0.88776,0.95766,0.8571,0.0699,0.94597,left
0.61897,0.40545,0.01395,-0.21352,0.88108,right
0.21322,0.78168,0.85225,0.56846,0.91529,stay
0.11111,0.17248,0.52278,0.06137,0.96587,left
0.42792,0.86633,0.63355,0.43841,0.687,stay
0.63151,0.06679,0.70762,-0.56472,0.99486,stay
0.91485,0.09165,0.15933,-0.82319,0.51563,stay
0.71683,0.71168,0.55903,-0.00515,0.9502,right
0.86904,0.50745,0.63138,-0.36159,0.81274,stay
0.28355,0.07401,0.47431,-0.20954,0.69977,right
0.60779,0.5541,0.82525,-0.05369,0.45788,right
0.19527,0.53204,0.06994,0.33677,0.48114,stay
0.26666,0.57834,0.04866,0.31169,0.59037,stay
0.87093,0.96822,0.01699,0.09729,0.87205,left
0.82681,0.13011,0.14797,-0.69671,0.55747,stay
0.30653,0.63505,0.8561,0.32851,0.99313,stay
0.61125,0.24975,0.13629,-0.3615,0.50663,stay
0.37128,0.76399,0.8658,0.39271,0.6192,stay
0.5557,0.24085,0.64712,-0.31485,0.65167,stay
0.44887,0.73257,0.9618,0.2837,0.55679,stay
0.23593,0.0955,0.34325,-0.14043,0.82738,right
0.89597,0.4396,0.17703,-0.45637,0.51032,stay
0.29862,0.77261,0.41494,0.47398,0.96252,stay
0.85771,0.52549,0.55875,-0.33222,0.83087,stay
0.50039,0.76591,0.14237,0.26552,0.73805,stay
0.683,0.84095,0.57684,0.15795,0.55138,left
0.69374,0.82882,0.59599,0.13508,0.92765,left
0.8247,0.80119,0.23941,-0.02351,0.70779,left
0.16699,0.85954,0.33772,0.69255,0.84919,stay
0.71892,0.47426,0.07557,-0.24466,0.65221,stay
0.4661,0.83125,0.15739,0.36515,0.87236,stay
0.86148,0.95919,0.49806,0.09771,0.50327,left
0.5523,0.78392,0.48085,0.23162,0.65015,stay
0.815,0.21082,0.1953,-0.60418,0.84949,stay
0.17134,0.5,0.0,0.32866,0.0,stay
0.83961,0.5,0.0,-0.33961,0.0,stay
0.33879,0.21099,0.27665,-0.1278,0.61192,right
0.29144,0.22336,0.78573,-0.06808,0.62815,right
0.2622,0.96485,0.37491,0.70265,0.44607,stay
0.25127,0.18916,0.9392,-0.06211,0.57787,right
0.07777,0.74539,0.29209,0.66762,0.58667,stay
0.70477,0.5,0.0,-0.20477,0.0,stay
0.26048,0.43046,0.82633,0.16998,0.9286,left
0.91149,0.3464,0.09275,-0.56509,0.48513,stay
0.57426,0.16921,0.12745,-0.40505,0.60571,stay
0.13989,0.38003,0.72255,0.24015,0.50302,stay
0.59095,0.67599,0.02896,0.08504,0.58272,left
0.59845,0.43742,0.15588,-0.16103,0.97364,right
0.75713,0.52782,0.58648,-0.22931,0.62827,stay
0.59124,0.5,0.0,-0.09124,0.0,stay
0.428,0.16117,0.54176,-0.26683,0.44738,stay
0.1038,0.6359,0.70133,0.5321,0.88114,stay
0.94739,0.47982,0.16854,-0.46757,0.91658,stay
0.11442,0.95631,0.89552,0.84189,0.95403,stay
0.5705,0.2832,0.61638,-0.2873,0.93705,stay
0.16934,0.5,0.0,0.33066,0.0,stay
0.74844,0.5,0.0,-0.24844,0.0,stay
0.59086,0.68699,0.37766,0.09613,0.8792,left
0.63466,0.60928,0.41128,-0.02538,0.71295,left
0.76996,0.60642,0.69392,-0.16354,0.58496,right
0.71979,0.5788,0.72223,-0.14099,0.76675,right
0.20519,0.68549,0.04118,0.4803,0.52616,stay
0.6765,0.37467,0.85747,-0.30183,0.75745,stay
0.58602,0.34987,0.22788,-0.23615,0.43967,stay
0.65054,0.60002,0.47437,-0.05052,0.66267,right
0.71579,0.84768,0.84551,0.13189,0.47372,left
0.66236,0.62681,0.85894,-0.03554,0.55897,right
0.72405,0.465,0.06631,-0.25905,0.76242,stay
0.75563,0.93458,0.8267,0.17894,0.57531,left
0.12245,0.5,0.0,0.37755,0.0,stay
0.57955,0.72414,0.19647,0.1446,0.8432,left
0.10022,0.5,0.0,0.39978,0.0,stay
0.92099,0.76506,0.32589,-0.15593,0.58977,right
0.71907,0.55091,0.49285,-0.16816,0.92838,right
0.80755,0.5,0.0,-0.30755,0.0,stay
0.42022,0.5,0.0,0.07978,0.0,stay
0.34749,0.65558,0.52274,0.30809,0.6572,stay
0.11427,0.18597,0.30761,0.0717,0.85691,left
0.64544,0.5,0.0,-0.14544,0.0,stay
0.91006,0.45334,0.24631,-0.45672,0.80088,stay
0.18823,0.36918,0.42761,0.18095,0.59789,left
0.41257,0.73481,0.6947,0.32225,0.93007,stay
0.71325,0.7548,0.31168,0.04155,0.65529,left
0.89894,0.66006,0.84793,-0.23888,0.80881,stay
0.39219,0.69145,0.50026,0.29926,0.90501,stay
0.32007,0.5,0.0,0.17993,0.0,stay
0.83709,0.5,0.0,-0.33709,0.0,stay
0.77496,0.73942,0.48068,-0.03554,0.9971,right
0.09284,0.2851,0.29563,0.19226,0.97133,left
0.53791,0.19502,0.03796,-0.34289,0.46202,stay
0.41061,0.89045,0.56839,0.47984,0.98676,stay
0.79813,0.20679,0.08919,-0.59134,0.93849,stay
0.35664,0.79508,0.59097,0.43844,0.87706,stay
0.80129,0.5,0.0,-0.30129,0.0,stay
0.41454,0.20338,0.64048,-0.21116,0.67632,right
0.90723,0.90652,0.28742,-0.0007,0.99481,right
0.4674,0.63896,0.22981,0.17156,0.93742,left
0.14453,0.44992,0.82807,0.30539,0.78505,stay
0.5664,0.21775,0.25249,-0.34865,0.67938,stay
0.80817,0.56672,0.38957,-0.24144,0.76926,stay
0.38503,0.5,0.0,0.11497,0.0,stay
0.60855,0.63523,0.74104,0.02668,0.56955,left
0.33232,0.17235,0.6905,-0.15998,0.66392,right
0.33738,0.4284,0.69342,0.09102,0.66595,left
0.2531,0.24887,0.1002,-0.00424,0.61827,right
0.14644,0.63328,0.65091,0.48684,0.9489,stay
0.65304,0.71478,0.21378,0.06175,0.74908,left
0.63991,0.51362,0.33735,-0.12629,0.99811,right
0.93763,0.26208,0.53828,-0.67555,0.5034,stay
0.69837,0.07526,0.43822,-0.62311,0.6692,stay
0.28908,0.511,0.15169,0.22192,0.68305,stay
0.79743,0.27155,0.82469,-0.52587,0.70465,stay
0.66997,0.29797,0.38657,-0.372,0.52286,stay
0.80791,0.91462,0.31116,0.10671,0.74952,left
0.40405,0.66866,0.17636,0.26461,0.82554,stay
0.90431,0.9224,0.03473,0.01809,0.82303,left
0.53733,0.06973,0.48229,-0.4676,0.78378,stay
0.29701,0.61752,0.61443,0.32052,0.48325,stay
0.94517,0.38717,0.96277,-0.55801,0.86266,stay
0.87724,0.90485,0.17323,0.02761,0.52511,right
0.53128,0.18339,0.31785,-0.34789,0.48789,stay
0.32585,0.59646,0.42612,0.27062,0.82317,stay
0.92181,0.3624,0.80537,-0.55942,0.98574,stay
0.32878,0.79882,0.66479,0.47004,0.52051,stay
0.58098,0.5,0.0,-0.08098,0.0,stay
0.94745,0.40317,0.49538,-0.54428,0.96387,stay
0.18205,0.17026,0.53126,-0.01179,0.65229,right
0.57975,0.70603,0.42869,0.12628,0.81802,left
0.22272,0.26085,0.82723,0.03813,0.69457,left
0.6676,0.5,0.0,-0.1676,0.0,stay
0.1224,0.06747,0.43203,-0.05493,0.61372,right
0.50201,0.28927,0.42777,-0.21273,0.96676,right
0.17239,0.35236,0.74258,0.17997,0.73162,left
0.27386,0.66779,0.38624,0.39393,0.65749,stay
0.07847,0.41904,0.49705,0.34057,0.56546,stay
0.57252,0.69019,0.97998,0.11767,0.69189,left
0.321,0.65196,0.66248,0.33096,0.58389,stay
0.41765,0.50472,0.1484,0.08707,0.71169,left
0.7302,0.07184,0.33261,-0.65835,0.66218,stay
0.40009,0.87937,0.20648,0.47928,0.92616,stay
0.5632,0.48541,0.42663,-0.07779,0.77692,right
0.3792,0.40906,0.04524,0.02986,0.45916,left
0.44832,0.75394,0.71763,0.30562,0.72489,stay
0.48546,0.67147,0.72949,0.18601,0.46746,left
0.79548,0.71164,0.03991,-0.08384,0.65767,right
0.89931,0.5,0.0,-0.39931,0.0,stay
0.47371,0.29239,0.16137,-0.18132,0.90794,right
0.28468,0.5,0.0,0.21532,0.0,stay
0.09624,0.9146,0.47773,0.81836,0.89861,stay
0.93303,0.34316,0.82788,-0.58987,0.55005,stay
0.42,0.84271,0.78747,0.42271,0.78568,stay
0.38451,0.58044,0.46376,0.19592,0.49714,left
0.08825,0.62121,0.30947,0.53295,0.44571,stay
0.92275,0.61935,0.40399,-0.3034,0.44938,stay
0.71318,0.4918,0.95005,-0.22138,0.74673,stay
0.5415,0.94785,0.37598,0.40635,0.53852,stay
0.46258,0.10194,0.3728,-0.36063,0.51365,stay
0.32781,0.35233,0.36883,0.02452,0.43461,left
0.93631,0.69146,0.91924,-0.24485,0.59411,stay
0.85754,0.14141,0.27743,-0.71613,0.50185,stay
0.52957,0.30473,0.62095,-0.22484,0.88595,stay
0.40419,0.4221,0.76222,0.01791,0.66033,left
0.81128,0.91533,0.94879,0.10406,0.62827,left
0.90664,0.5955,0.40862,-0.31114,0.49889,stay
0.4619,0.63617,0.93401,0.17427,0.97201,left
0.15204,0.19526,0.42838,0.04322,0.53083,left
0.22471,0.24383,0.17944,0.01913,0.43806,left
0.83316,0.65002,0.14001,-0.18314,0.51141,right
0.3962,0.64954,0.69852,0.25334,0.48445,stay
0.42253,0.61496,0.8324,0.19243,0.96336,left
0.26194,0.45392,0.24832,0.19198,0.76225,left
0.8435,0.85568,0.06538,0.01219,0.51233,left
0.10362,0.35839,0.84875,0.25477,0.92406,stay
0.86795,0.68821,0.56049,-0.17973,0.86136,right
0.90187,0.65088,0.01924,-0.25099,0.51396,stay
0.86433,0.04612,0.23442,-0.81821,0.70696,stay
0.38945,0.59867,0.03955,0.20922,0.47149,left
0.26632,0.17358,0.97054,-0.09274,0.94855,right
0.80507,0.29601,0.33017,-0.50906,0.9888,stay
0.65477,0.07692,0.48873,-0.57785,0.7991,stay
0.70147,0.23965,0.53831,-0.46181,0.91526,stay
0.29769,0.644,0.36732,0.34631,0.4984,stay
0.46033,0.18638,0.92413,-0.27395,0.83573,stay
0.73058,0.32872,0.32012,-0.40186,0.54236,stay
0.10605,0.1598,0.20734,0.05374,0.61528,right
0.70872,0.56941,0.11782,-0.13931,0.98815,right
0.11887,0.50424,0.70349,0.38536,0.8476,stay
0.40846,0.96599,0.70426,0.55753,0.58628,stay
0.52324,0.5,0.0,-0.02324,0.0,stay
0.75335,0.37481,0.167,-0.37854,0.68846,stay
0.53087,0.56342,0.62183,0.03255,0.5208,left
0.41379,0.55626,0.93753,0.14247,0.66246,left
0.83042,0.49055,0.3249,-0.33987,0.6908,stay
0.42927,0.21848,0.88803,-0.21078,0.46385,right
0.81874,0.5,0.0,-0.31874,0.0,stay
0.42899,0.48518,0.07692,0.05619,0.57347,left
0.3894,0.5,0.0,0.1106,0.0,stay
0.84406,0.7505,0.80723,-0.09356,0.60881,right
0.81017,0.80199,0.57586,-0.00818,0.70758,right
0.19761,0.45995,0.43615,0.26233,0.56912,stay
0.17759,0.76143,0.11683,0.58384,0.94879,stay
0.08692,0.88451,0.57166,0.79759,0.5373,stay
0.65903,0.12396,0.17324,-0.53507,0.86354,stay
0.07652,0.55164,0.28019,0.47512,0.51647,stay
0.53094,0.0355,0.11668,-0.49544,0.52789,stay
0.43632,0.60792,0.24056,0.17161,0.66744,left
0.71017,0.5,0.0,-0.21017,0.0,stay
0.94811,0.91304,0.38246,-0.03507,0.53203,left
0.5537,0.24831,0.14739,-0.30539,0.50593,stay
0.23524,0.08083,0.91768,-0.15441,0.99337,right
0.5305,0.80302,0.30796,0.27251,0.57958,stay
0.23381,0.79776,0.32961,0.56395,0.86169,stay
0.24514,0.59342,0.12179,0.34828,0.97594,stay
0.91346,0.5701,0.65185,-0.34336,0.83882,stay
0.12115,0.72241,0.09544,0.60126,0.94026,stay
0.08804,0.08553,0.53112,-0.00251,0.90102,right
0.41064,0.09964,0.62945,-0.311,0.46056,stay
0.82599,0.53526,0.40533,-0.29073,0.82942,stay
0.6882,0.2404,0.53492,-0.44779,0.62274,stay
0.8604,0.74485,0.24513,-0.11555,0.43364,right
0.29981,0.5,0.0,0.20019,0.0,stay
0.06627,0.5417,0.27056,0.47543,0.90513,stay
0.64969,0.54511,0.74894,-0.10458,0.71839,right
0.48506,0.33846,0.50884,-0.14659,0.71436,right
0.67451,0.66304,0.17239,-0.01147,0.48682,left
0.30152,0.68731,0.81505,0.38579,0.64001,stay
0.20643,0.75469,0.74023,0.54826,0.82053,stay
0.12775,0.5984,0.37596,0.47066,0.8654,stay
0.08475,0.28781,0.26875,0.20307,0.57279,left
0.08794,0.21136,0.99026,0.12342,0.72655,left
0.39968,0.41213,0.25327,0.01245,0.6263,left
0.37064,0.18699,0.93192,-0.18365,0.47526,right
0.42496,0.26563,0.01029,-0.15933,0.80204,right
0.47861,0.65593,0.83323,0.17732,0.80437,left
0.42986,0.21368,0.20037,-0.21617,0.94785,right
0.90056,0.57254,0.45983,-0.32802,0.83833,stay
0.65055,0.31347,0.81756,-0.33708,0.62858,stay
0.1574,0.76805,0.26367,0.61065,0.91002,stay
0.10281,0.63904,0.56103,0.53622,0.86605,stay
0.86004,0.5067,0.66689,-0.35335,0.61592,stay
0.69972,0.84732,0.16679,0.1476,0.67248,left
0.07677,0.39731,0.18682,0.32054,0.46488,stay
0.35796,0.94038,0.55161,0.58242,0.85359,stay
0.85024,0.07182,0.11339,-0.77842,0.70045,stay
0.13417,0.22194,0.813,0.08777,0.75283,left
0.89994,0.27543,0.3605,-0.62452,0.60006,stay
0.92663,0.43223,0.42072,-0.4944,0.67397,stay
0.80131,0.5,0.0,-0.30131,0.0,stay
0.25012,0.83541,0.14236,0.58528,0.55915,stay
0.3963,0.45953,0.73617,0.06323,0.82162,left
0.71225,0.5,0.0,-0.21225,0.0,stay
0.17274,0.39753,0.79748,0.22479,0.74106,stay
0.83973,0.42704,0.01277,-0.41269,0.49069,stay
0.35333,0.43369,0.37079,0.08036,0.93739,left
0.30158,0.84084,0.13822,0.53925,0.83248,stay
0.23257,0.61521,0.25311,0.38264,0.69143,stay
0.31408,0.5339,0.74536,0.21982,0.64575,left
0.20676,0.73359,0.95132,0.52682,0.53602,stay
0.16969,0.83867,0.11863,0.66898,0.99592,stay
0.30214,0.5,0.0,0.19786,0.0,stay
0.09406,0.31091,0.82009,0.21685,0.5291,left
0.88859,0.16495,0.48585,-0.72364,0.45124,stay
0.80838,0.77481,0.39109,-0.03357,0.89935,left
0.20763,0.13328,0.24821,-0.07435,0.79488,right
0.44468,0.11993,0.44646,-0.32475,0.50115,stay
0.45519,0.15591,0.26853,-0.29928,0.58931,stay
0.33123,0.57291,0.31214,0.24167,0.93852,stay
0.68698,0.52357,0.30341,-0.16341,0.55559,right
0.69581,0.63627,0.55407,-0.05954,0.99149,right
0.49498,0.5,0.0,0.00502,0.0,stay
0.9008,0.5,0.0,-0.4008,0.0,stay
0.38763,0.37479,0.51258,-0.01284,0.99638,right
0.27643,0.28212,0.27125,0.00569,0.5947,left
0.26841,0.5,0.0,0.23159,0.0,stay
0.44224,0.49443,0.05932,0.05218,0.62128,right
0.82265,0.07485,0.09897,-0.74781,0.5231,stay
0.34389,0.37589,0.80122,0.032,0.7638,left
0.60283,0.48055,0.55753,-0.12227,0.58842,right
0.35659,0.11072,0.8458,-0.24587,0.67441,stay
0.55089,0.30506,0.41089,-0.24583,0.64774,stay
0.20277,0.12411,0.34867,-0.07866,0.55694,right
0.89094,0.77597,0.69738,-0.11496,0.51658,right
0.92689,0.08047,0.43709,-0.84642,0.90804,stay
0.23907,0.26456,0.10279,0.02549,0.87467,right
0.78666,0.20664,0.10453,-0.58002,0.54894,stay
0.77498,0.5,0.0,-0.27498,0.0,stay
0.62753,0.59132,0.02136,-0.03622,0.87847,left
0.37627,0.30129,0.38635,-0.07499,0.6867,right
0.5841,0.83201,0.10066,0.24791,0.47692,stay
0.6553,0.5,0.0,-0.1553,0.0,stay
0.87643,0.30335,0.03214,-0.57308,0.96177,stay
0.60674,0.17664,0.10669,-0.4301,0.95451,stay
0.53889,0.5,0.0,-0.03889,0.0,stay
0.5654,0.31265,0.75503,-0.25275,0.97532,stay
0.71181,0.74296,0.93241,0.03116,0.79322,left
0.10879,0.59128,0.75652,0.4825,0.6062,stay
0.36642,0.57892,0.46525,0.21251,0.78404,left
0.17499,0.77295,0.02628,0.59796,0.74579,stay
0.48797,0.58663,0.46291,0.09867,0.7464,left
0.40141,0.47193,0.63567,0.07052,0.98919,left
0.68358,0.11854,0.55601,-0.56504,0.45534,stay
0.05302,0.51983,0.76812,0.4668,0.75383,stay
0.94277,0.94677,0.01612,0.00399,0.91161,right
0.31551,0.67588,0.36149,0.36036,0.73938,stay
0.36682,0.23469,0.90046,-0.13213,0.58896,right
0.40659,0.95703,0.81941,0.55044,0.85837,stay
0.82386,0.57184,0.32664,-0.25202,0.50674,stay
0.81701,0.56894,0.52277,-0.24807,0.96591,stay
0.85872,0.45697,0.87944,-0.40175,0.55759,stay
0.31984,0.13011,0.23855,-0.18974,0.88816,right
0.82976,0.53035,0.4612,-0.29941,0.6297,stay
0.6287,0.5,0.0,-0.1287,0.0,stay
0.34869,0.45924,0.03832,0.11055,0.81362,left
0.56533,0.80291,0.22221,0.23758,0.80176,stay
0.28162,0.5,0.0,0.21838,0.0,stay
0.35526,0.47,0.08965,0.11474,0.83485,left
0.43145,0.70607,0.76901,0.27462,0.57826,stay
0.62986,0.0697,0.72247,-0.56017,0.87587,stay
0.86635,0.93503,0.46791,0.06868,0.84215,left
0.34463,0.56059,0.28686,0.21597,0.92378,left
0.3392,0.90586,0.79122,0.56666,0.7667,stay
0.53799,0.88904,0.58478,0.35105,0.52881,stay
0.21114,0.87148,0.40165,0.66035,0.65258,stay
0.22952,0.40784,0.84191,0.17832,0.7729,left
0.49885,0.21989,0.37575,-0.27896,0.79596,stay
0.88938,0.7879,0.30331,-0.10148,0.75241,right
0.64864,0.19632,0.18067,-0.45232,0.62955,stay
0.25752,0.5954,0.33092,0.33788,0.55769,stay
0.35162,0.68365,0.67528,0.33203,0.95184,stay
0.8228,0.5,0.0,-0.3228,0.0,stay
0.33249,0.58775,0.07739,0.25526,0.89657,stay
0.54182,0.71587,0.95844,0.17405,0.90407,left
0.76761,0.86166,0.14147,0.09405,0.64093,left
0.23288,0.78958,0.53639,0.5567,0.65272,stay
0.53735,0.08545,0.27194,-0.45189,0.98404,stay
0.55759,0.52205,0.63953,-0.03553,0.60651,right
0.36761,0.46705,0.46164,0.09944,0.95636,left
0.80597,0.17501,0.99746,-0.63096,0.81194,stay
0.05787,0.83408,0.76635,0.77621,0.72255,stay
0.16593,0.3908,0.39816,0.22487,0.9809,stay
0.11547,0.25224,0.64265,0.13676,0.90072,left
0.33904,0.6868,0.37763,0.34776,0.99366,stay
0.2453,0.21005,0.28186,-0.03524,0.94395,left
0.57725,0.05725,0.03693,-0.52,0.45749,stay
0.73725,0.5,0.0,-0.23725,0.0,stay
0.61111,0.68477,0.9589,0.07367,0.6143,left
0.89335,0.67554,0.40493,-0.21781,0.51569,right
0.14237,0.5,0.0,0.35763,0.0,stay
0.3999,0.71353,0.34538,0.31363,0.79035,stay
0.23094,0.80597,0.52117,0.57503,0.7725,stay
0.11337,0.71389,0.77724,0.60052,0.4407,stay
0.69566,0.93416,0.10289,0.2385,0.8821,stay
0.45377,0.7452,0.01078,0.29143,0.63459,stay
0.31246,0.95328,0.38988,0.64081,0.63217,stay
0.69048,0.80873,0.08195,0.11825,0.46545,left
0.71773,0.28184,0.09137,-0.43588,0.84388,stay
0.11375,0.39009,0.73076,0.27634,0.48838,stay
0.44256,0.5,0.0,0.05744,0.0,stay
0.93153,0.67003,0.94688,-0.2615,0.81438,stay
0.21713,0.23827,0.32031,0.02114,0.837,right
0.52228,0.5,0.0,-0.02228,0.0,stay
0.60925,0.70171,0.30957,0.09247,0.97421,left
0.7453,0.5,0.0,-0.2453,0.0,stay
0.89055,0.1749,0.49595,-0.71565,0.99634,stay
0.70827,0.28042,0.13189,-0.42785,0.89929,stay
0.88465,0.62151,0.44005,-0.26314,0.87883,stay
0.58669,0.38304,0.01711,-0.20365,0.89925,right
0.43964,0.27478,0.31327,-0.16486,0.98775,right
0.7192,0.73322,0.69856,0.01402,0.60072,left
0.19539,0.92629,0.92243,0.7309,0.95354,stay
0.672,0.04697,0.82226,-0.62503,0.71922,stay
0.20968,0.45802,0.57897,0.24834,0.96094,stay
0.54199,0.10347,0.27642,-0.43852,0.55981,stay
0.70733,0.3818,0.40456,-0.32553,0.66702,stay
0.63195,0.80198,0.00269,0.17003,0.59248,left
0.25642,0.68914,0.65043,0.43272,0.8918,stay
0.382,0.71162,0.15767,0.32962,0.76774,stay
0.88687,0.5,0.0,-0.38687,0.0,stay
0.90253,0.2336,0.60653,-0.66893,0.69871,stay
0.71825,0.29126,0.78635,-0.42699,0.89268,stay
0.43184,0.5,0.0,0.06816,0.0,stay
0.80231,0.60094,0.40644,-0.20137,0.81294,right
0.78819,0.43645,0.02148,-0.35173,0.7576,stay
0.81879,0.14754,0.23463,-0.67125,0.57344,stay
0.59636,0.36118,0.63662,-0.23518,0.78391,stay
0.30505,0.86714,0.27334,0.56209,0.66052,stay
0.34009,0.20203,0.73697,-0.13805,0.98121,right
0.81589,0.5,0.0,-0.31589,0.0,stay
0.72349,0.52283,0.20384,-0.20067,0.49294,right
0.65493,0.14583,0.89175,-0.5091,0.69071,stay
0.59574,0.76951,0.52,0.17377,0.65597,left
0.601,0.81765,0.41453,0.21666,0.7442,left
0.58464,0.19693,0.87048,-0.38771,0.76452,stay
0.10119,0.50736,0.85134,0.40617,0.46906,stay
0.08401,0.34103,0.03391,0.25702,0.77494,stay
0.29478,0.85455,0.51002,0.55977,0.51372,stay
0.87796,0.17769,0.88156,-0.70027,0.54975,stay
0.92516,0.63522,0.58714,-0.28994,0.71562,stay
0.63033,0.92502,0.98048,0.2947,0.55669,stay
0.92464,0.88818,0.2425,-0.03646,0.90186,left
0.76531,0.50835,0.34431,-0.25696,0.74043,stay
0.4439,0.04084,0.17258,-0.40306,0.89277,stay
0.45077,0.57247,0.37041,0.1217,0.51425,left
0.56289,0.41076,0.81636,-0.15212,0.8314,right
0.4018,0.38844,0.94869,-0.01336,0.46631,right
0.91833,0.8536,0.60222,-0.06473,0.57048,right
0.52359,0.70798,0.78737,0.18439,0.7403,left
0.64149,0.28828,0.46244,-0.35321,0.88045,stay
0.79155,0.93915,0.17349,0.14759,0.79691,left
0.2878,0.5,0.0,0.2122,0.0,stay
0.41548,0.45633,0.68861,0.04085,0.52011,left
0.12778,0.08963,0.14581,-0.03815,0.52139,left
0.24716,0.27863,0.4084,0.03148,0.46066,left
0.87787,0.92312,0.11595,0.04525,0.93093,right
0.70224,0.17151,0.12828,-0.53072,0.68616,stay
0.60866,0.64388,0.16738,0.03522,0.4643,right
0.74927,0.03077,0.07439,-0.7185,0.51838,stay
0.20813,0.38762,0.30585,0.17949,0.59144,left
0.67888,0.04729,0.583,-0.63159,0.80821,stay
0.34588,0.73051,0.09618,0.38463,0.46947,stay
0.12278,0.85731,0.74387,0.73452,0.55963,stay
0.93838,0.80698,0.37178,-0.1314,0.90754,right
0.52802,0.55539,0.3173,0.02737,0.86049,right
0.36568,0.38933,0.13141,0.02365,0.49059,left
0.67178,0.22355,0.49673,-0.44822,0.89253,stay
0.77425,0.11429,0.66266,-0.65996,0.70776,stay
0.64789,0.31543,0.28826,-0.33246,0.88588,stay
0.62051,0.47677,0.43986,-0.14374,0.59808,right
0.06522,0.90734,0.09132,0.84213,0.84091,stay
0.2788,0.44123,0.39362,0.16243,0.89922,left
0.94019,0.5407,0.49391,-0.39949,0.96498,stay
0.80091,0.87152,0.18833,0.07061,0.43034,left
0.17966,0.20022,0.91137,0.02056,0.58383,left
0.1658,0.12088,0.3732,-0.04492,0.99247,right
0.76581,0.5,0.0,-0.26581,0.0,stay
0.93773,0.91263,0.74284,-0.0251,0.84993,right
0.58516,0.82865,0.47686,0.2435,0.50272,stay
0.5269,0.35237,0.02638,-0.17453,0.5094,right
0.36366,0.31797,0.82574,-0.0457,0.72507,right
0.10369,0.15831,0.85165,0.05462,0.69139,left
0.58171,0.51589,0.98764,-0.06582,0.58203,right
0.61044,0.29315,0.45925,-0.31729,0.90803,stay
0.81586,0.20093,0.21212,-0.61493,0.88476,stay
0.49083,0.26497,0.14133,-0.22586,0.7814,stay
0.74827,0.42112,0.95555,-0.32716,0.9225,stay
0.11162,0.15843,0.11036,0.04681,0.68955,right
0.94908,0.5,0.0,-0.44908,0.0,stay
0.42039,0.27808,0.42385,-0.14231,0.80569,right
0.66191,0.85342,0.55416,0.1915,0.90283,left
0.19624,0.46138,0.25726,0.26513,0.53613,stay
0.59289,0.68357,0.47901,0.09068,0.53125,left
0.94232,0.33517,0.37172,-0.60714,0.86559,stay
0.65302,0.3679,0.26189,-0.28513,0.46049,stay
0.39028,0.35511,0.70919,-0.03516,0.72532,right
0.19462,0.68489,0.35469,0.49027,0.82495,stay
0.86308,0.5,0.0,-0.36308,0.0,stay
0.16926,0.20615,0.44884,0.03689,0.7462,right
0.19494,0.93585,0.5163,0.7409,0.84537,stay
0.35782,0.5,0.0,0.14218,0.0,stay
0.35536,0.70227,0.7867,0.34691,0.58865,stay
0.93478,0.10811,0.10113,-0.82667,0.88942,stay
0.90936,0.3818,0.46871,-0.52756,0.87004,stay
0.22467,0.10998,0.85084,-0.1147,0.54578,right
0.77968,0.5,0.0,-0.27968,0.0,stay
0.59412,0.57326,0.8468,-0.02085,0.56495,right
0.21099,0.5849,0.71263,0.37391,0.5451,stay
0.54011,0.63878,0.90841,0.09867,0.90118,left
0.66979,0.90786,0.98628,0.23807,0.5937,stay
0.11078,0.27645,0.03983,0.16567,0.46447,left
0.42644,0.20754,0.02904,-0.2189,0.55779,right
0.30673,0.39102,0.7573,0.08429,0.9735,left
0.18765,0.34774,0.38594,0.16008,0.52109,left
0.47394,0.84435,0.52601,0.37041,0.63401,stay
0.43145,0.87264,0.13957,0.44119,0.76469,stay
0.79794,0.11621,0.9105,-0.68173,0.89552,stay
0.42899,0.5,0.0,0.07101,0.0,stay
0.36336,0.05378,0.36569,-0.30958,0.69566,stay
0.55615,0.34907,0.25148,-0.20708,0.43233,right
0.91793,0.90318,0.75527,-0.01475,0.82322,right
0.90967,0.88506,0.2141,-0.02461,0.66481,left
0.64568,0.48747,0.1899,-0.15821,0.55409,right
0.54921,0.67342,0.2787,0.12421,0.9841,left
0.92294,0.42386,0.85323,-0.49908,0.79665,stay
0.85122,0.20906,0.4074,-0.64216,0.96169,stay
0.15703,0.26783,0.06625,0.1108,0.81052,left
0.19204,0.51538,0.96966,0.32334,0.90345,stay
0.08955,0.86233,0.4111,0.77279,0.8675,stay
0.15389,0.13061,0.55322,-0.02327,0.58524,right
0.44469,0.57439,0.71281,0.12971,0.54512,left
0.31159,0.09332,0.0982,-0.21827,0.84359,right
0.47652,0.54119,0.10765,0.06467,0.68971,left
0.74762,0.49086,0.63511,-0.25676,0.75548,stay
0.18703,0.03691,0.62768,-0.15012,0.78499,right
0.39907,0.10709,0.57267,-0.29198,0.88272,stay
0.5737,0.12876,0.23776,-0.44493,0.90955,stay
0.60722,0.37364,0.17527,-0.23358,0.74851,stay
0.27022,0.75047,0.16832,0.48024,0.93816,stay
0.13892,0.89543,0.8019,0.75651,0.84556,stay
0.13568,0.10989,0.59445,-0.02579,0.80824,right
0.76181,0.5,0.0,-0.26181,0.0,stay
0.56325,0.88841,0.30455,0.32516,0.9677,stay
0.23461,0.67451,0.53348,0.43991,0.48722,stay
0.61356,0.8165,0.01628,0.20294,0.95978,left
0.47941,0.6803,0.86878,0.20089,0.98051,left
0.94466,0.45623,0.59374,-0.48843,0.77895,stay
0.44746,0.70315,0.09549,0.25569,0.74381,stay
0.93041,0.56406,0.70488,-0.36635,0.4945,stay
0.71443,0.3649,0.35692,-0.34953,0.75765,stay
0.65004,0.37279,0.23585,-0.27725,0.56995,stay
0.54937,0.20292,0.68427,-0.34645,0.60867,stay
0.82889,0.57295,0.95308,-0.25594,0.71393,stay
0.13978,0.17823,0.96734,0.03845,0.99869,left
0.29492,0.61539,0.18779,0.32047,0.44106,stay
0.85903,0.08507,0.35771,-0.77396,0.79196,stay
0.11098,0.34157,0.31034,0.23059,0.71883,stay
0.35172,0.21459,0.82391,-0.13713,0.75638,right
0.06311,0.89993,0.44708,0.83682,0.64122,stay
0.85796,0.18906,0.98627,-0.6689,0.84162,stay
0.33777,0.71348,0.80734,0.3757,0.47961,stay
0.35584,0.03574,0.86986,-0.3201,0.7528,stay
0.8494,0.73306,0.1541,-0.11634,0.54545,right
0.40343,0.16364,0.6324,-0.23979,0.78785,stay
0.31853,0.14772,0.32523,-0.1708,0.83685,right
0.12933,0.27731,0.37084,0.14798,0.77715,left
0.74531,0.68082,0.20616,-0.06449,0.7947,right
0.3207,0.07733,0.57128,-0.24337,0.84388,stay
0.31835,0.05035,0.43201,-0.268,0.96445,stay
0.1213,0.27057,0.83496,0.14927,0.74282,left
0.76272,0.5,0.0,-0.26272,0.0,stay
0.66722,0.72999,0.04904,0.06277,0.77565,left
0.88225,0.63674,0.45077,-0.24551,0.73735,stay
0.74832,0.60309,0.34737,-0.14522,0.89388,right
0.35047,0.62862,0.49735,0.27816,0.84568,stay
0.56805,0.6233,0.48464,0.05525,0.57029,left
0.07436,0.65869,0.33964,0.58433,0.54088,stay
0.17447,0.93384,0.49464,0.75937,0.47024,stay
0.39602,0.19057,0.86988,-0.20546,0.75761,right
0.82541,0.5,0.0,-0.32541,0.0,stay
0.42721,0.72773,0.15452,0.30052,0.66648,stay
0.5536,0.72846,0.71067,0.17485,0.50792,left
0.1125,0.54805,0.22114,0.43555,0.44679,stay
0.29228,0.70228,0.72711,0.41001,0.5627,stay
0.35881,0.89298,0.23817,0.53417,0.48243,stay
0.0633,0.09268,0.04847,0.02938,0.61899,right
0.94072,0.5,0.0,-0.44072,0.0,stay
0.70336,0.57114,0.67832,-0.13222,0.99344,right
0.76007,0.67425,0.55791,-0.08582,0.67819,right
0.05194,0.397,0.92652,0.34506,0.87752,stay
0.12456,0.39197,0.62752,0.26741,0.69532,stay
0.06532,0.2853,0.74191,0.21999,0.68426,left
0.67724,0.25695,0.29339,-0.42029,0.62198,stay
0.7404,0.43509,0.27686,-0.30531,0.68723,stay
0.30531,0.77844,0.68295,0.47313,0.44903,stay
0.91992,0.04543,0.33929,-0.87448,0.6225,stay
0.05464,0.86678,0.18616,0.81215,0.63208,stay
0.21142,0.89902,0.78239,0.68759,0.66468,stay
0.24712,0.15333,0.71694,-0.09379,0.71388,right
0.94886,0.47378,0.7752,-0.47508,0.63852,stay
0.81697,0.23265,0.82455,-0.58432,0.53863,stay
0.48378,0.55598,0.06654,0.0722,0.61824,left
0.14326,0.82625,0.75794,0.68299,0.76049,stay
0.74157,0.45439,0.42319,-0.28719,0.8785,stay
0.91647,0.6671,0.63212,-0.24937,0.53424,stay
0.33064,0.45678,0.154,0.12614,0.71757,left
0.16599,0.74533,0.83895,0.57934,0.66173,stay
0.25143,0.87385,0.46109,0.62242,0.77205,stay
0.40739,0.88295,0.55123,0.47557,0.6917,stay
0.70696,0.91817,0.16511,0.21122,0.46272,left
0.84814,0.5,0.0,-0.34814,0.0,stay
0.26866,0.19648,0.06496,-0.07218,0.75599,right
0.1321,0.11024,0.43188,-0.02186,0.85442,right
0.08707,0.84195,0.08122,0.75488,0.97067,stay
0.1092,0.76739,0.0423,0.65819,0.77802,stay
0.60652,0.64934,0.4752,0.04283,0.66548,left
0.82488,0.5,0.0,-0.32488,0.0,stay
0.33706,0.76273,0.12642,0.42567,0.91161,stay
0.79128,0.27987,0.04065,-0.51141,0.47012,stay
0.20309,0.38293,0.73199,0.17984,0.74182,left
0.2479,0.5,0.0,0.2521,0.0,stay
0.17569,0.46817,0.97382,0.29248,0.64339,stay
0.75503,0.95974,0.09134,0.20471,0.88791,left
0.50922,0.30226,0.02351,-0.20696,0.8374,right
0.41604,0.36182,0.69903,-0.05421,0.69805,right
0.88885,0.87504,0.91714,-0.01381,0.99111,right
0.62783,0.09963,0.8992,-0.52821,0.7102,stay
0.2808,0.59516,0.40587,0.31436,0.49473,stay
0.3792,0.27422,0.30357,-0.10499,0.43005,right
0.28919,0.29083,0.74311,0.00164,0.848,left
0.11032,0.45544,0.11895,0.34512,0.96858,stay
0.69612,0.22987,0.49923,-0.46625,0.93427,stay
0.29572,0.05324,0.44169,-0.24248,0.58141,stay
0.22968,0.84249,0.38035,0.61281,0.72923,stay
0.16,0.68002,0.40859,0.52001,0.90409,stay
0.91016,0.8479,0.41212,-0.06226,0.54366,right
0.28478,0.5,0.0,0.21522,0.0,stay
0.72008,0.64464,0.17663,-0.07544,0.64473,right
0.44027,0.5,0.0,0.05973,0.0,stay
0.71923,0.93048,0.30756,0.21125,0.46763,left
0.69074,0.5,0.0,-0.19074,0.0,stay
0.45771,0.89198,0.60142,0.43427,0.83088,stay
0.05994,0.33717,0.90981,0.27722,0.65293,stay
0.7428,0.5,0.0,-0.2428,0.0,stay
0.61321,0.85596,0.8904,0.24274,0.89447,stay
0.69926,0.57851,0.17051,-0.12075,0.78854,right
0.9495,0.79784,0.94099,-0.15166,0.80909,right
0.4314,0.67177,0.96332,0.24037,0.93128,stay
0.21714,0.44576,0.82134,0.22862,0.90911,stay
0.4581,0.96553,0.76936,0.50743,0.82457,stay
0.86261,0.82105,0.52309,-0.04157,0.59842,right
0.87271,0.23566,0.36364,-0.63705,0.98579,stay
0.92827,0.57141,0.13733,-0.35686,0.90676,stay
0.73316,0.81657,0.69961,0.0834,0.52766,left
0.10989,0.79327,0.25481,0.68338,0.71218,stay
0.63924,0.85504,0.55134,0.2158,0.92333,left
0.58194,0.38513,0.67649,-0.19681,0.86689,right
0.70861,0.92294,0.13271,0.21433,0.5986,left
0.13997,0.96654,0.08235,0.82656,0.45252,stay
0.13673,0.33246,0.04641,0.19573,0.89148,left
0.29517,0.44815,0.96954,0.15298,0.82765,left
0.29834,0.40547,0.66966,0.10712,0.66111,left
0.22881,0.72992,0.52557,0.50111,0.87456,stay
0.17632,0.95364,0.00109,0.77732,0.83882,stay
0.84775,0.17795,0.99722,-0.6698,0.73372,stay
0.42935,0.5,0.0,0.07065,0.0,stay
0.0764,0.873,0.28959,0.7966,0.45831,stay
0.60141,0.55943,0.64503,-0.04198,0.79864,right
0.23877,0.39589,0.2703,0.15712,0.43751,left
0.06966,0.5,0.0,0.43034,0.0,stay
0.86877,0.42974,0.99997,-0.43902,0.65145,stay
0.66657,0.80047,0.89774,0.13389,0.63157,left
0.75674,0.35106,0.66786,-0.40568,0.82603,stay
0.27504,0.95132,0.6367,0.67629,0.7031,stay
0.158,0.17468,0.70243,0.01669,0.98049,left
0.48004,0.43192,0.3353,-0.04812,0.50723,left
0.28396,0.82656,0.60303,0.5426,0.45089,stay
0.38253,0.26426,0.849,-0.11827,0.82784,right
0.24773,0.88453,0.33915,0.63679,0.7732,stay
0.50262,0.42354,0.16206,-0.07907,0.54383,right
0.91679,0.67894,0.93665,-0.23785,0.67115,stay
0.92706,0.75244,0.72491,-0.17462,0.45494,right
0.5351,0.10855,0.52508,-0.42655,0.48332,stay
0.44941,0.08971,0.3904,-0.3597,0.47185,stay
0.56875,0.47817,0.49114,-0.09057,0.94884,right
0.49365,0.22578,0.64594,-0.26787,0.5743,stay
0.3808,0.74685,0.5741,0.36604,0.89012,stay
0.55255,0.4011,0.52482,-0.15145,0.9555,right
0.19719,0.36907,0.28926,0.17188,0.51227,left
0.23642,0.32536,0.4051,0.08894,0.5718,left
0.76952,0.96809,0.46368,0.19857,0.88111,left
0.09858,0.54813,0.61504,0.44955,0.73589,stay
0.08312,0.49327,0.70405,0.41015,0.77544,stay
0.69881,0.49605,0.61667,-0.20276,0.69098,right
0.85218,0.56257,0.00986,-0.28961,0.62244,stay
0.52315,0.51049,0.78354,-0.01265,0.68198,right
0.34836,0.11455,0.93156,-0.23381,0.63332,stay
0.06761,0.75238,0.76969,0.68477,0.66924,stay
0.61773,0.06998,0.87984,-0.54775,0.54604,stay
0.93114,0.40434,0.19646,-0.5268,0.86788,stay
0.45126,0.86151,0.18414,0.41025,0.69695,stay
0.41983,0.35095,0.74197,-0.06888,0.51413,right
0.44684,0.5676,0.44733,0.12075,0.44132,left
0.27297,0.17335,0.51124,-0.09963,0.5722,right
0.14829,0.7973,0.08617,0.64902,0.53598,stay
0.78809,0.17628,0.09795,-0.6118,0.74347,stay
0.32575,0.41264,0.98325,0.08688,0.51248,left
0.37466,0.66337,0.69029,0.28872,0.65515,stay
0.72023,0.69291,0.81141,-0.02732,0.65006,right
0.07717,0.37333,0.07899,0.29616,0.47393,stay
0.61981,0.62804,0.5023,0.00823,0.73353,left
0.26633,0.15807,0.41969,-0.10826,0.65201,right
0.78952,0.67044,0.85931,-0.11908,0.78178,right
0.36903,0.07487,0.65096,-0.29416,0.50111,stay
0.25938,0.10989,0.03485,-0.14949,0.80185,right
0.4253,0.22689,0.3262,-0.19841,0.56306,right
0.37155,0.48432,0.23889,0.11277,0.80472,left
0.82841,0.53834,0.68549,-0.29007,0.91051,stay
0.68127,0.96094,0.73828,0.27966,0.77213,stay
0.52687,0.42601,0.87385,-0.10086,0.46913,right
0.34811,0.58504,0.74849,0.23693,0.78837,stay
0.52218,0.68408,0.61205,0.1619,0.4923,left
0.60402,0.28841,0.78025,-0.31562,0.97921,stay
0.18322,0.30112,0.22102,0.1179,0.64139,left
0.4228,0.94966,0.33379,0.52686,0.64112,stay
0.0736,0.59581,0.8447,0.5222,0.87429,stay
0.92259,0.57817,0.48831,-0.34442,0.57108,stay
0.78184,0.62043,0.77763,-0.16141,0.81137,right
0.76443,0.95604,0.78024,0.19161,0.62529,left
0.41775,0.5748,0.07955,0.15705,0.94132,left
0.40498,0.52639,0.98127,0.12141,0.9393,left
0.90611,0.91906,0.51894,0.01294,0.50448,left
0.61042,0.13595,0.95151,-0.47447,0.54001,stay
0.09943,0.17886,0.66536,0.07943,0.44563,left
0.46129,0.59988,0.51551,0.1386,0.61694,left
0.59554,0.33253,0.88139,-0.26301,0.66864,stay
0.39077,0.79808,0.07883,0.4073,0.68319,stay
0.37513,0.47149,0.45464,0.09637,0.45647,left
0.41806,0.5,0.0,0.08194,0.0,stay
0.22168,0.90906,0.54969,0.68738,0.73759,stay
0.35198,0.83832,0.67927,0.48634,0.61996,stay
0.15069,0.49622,0.56948,0.34553,0.74188,stay
0.10728,0.03276,0.01313,-0.07452,0.52209,right
0.84078,0.74568,0.00198,-0.0951,0.44175,right
0.38966,0.5,0.0,0.11034,0.0,stay
0.31931,0.34619,0.82829,0.02688,0.73343,left
0.32771,0.48439,0.05141,0.15668,0.95426,left
0.39182,0.69327,0.47459,0.30145,0.51274,stay
0.866,0.2543,0.31511,-0.6117,0.46959,stay
0.71236,0.94098,0.30251,0.22862,0.73936,stay
0.74602,0.05589,0.40135,-0.69013,0.8395,stay
0.19274,0.62263,0.68406,0.42989,0.67453,stay
0.53813,0.23209,0.48723,-0.30604,0.75452,stay
0.45414,0.92212,0.16716,0.46798,0.55078,stay
0.07958,0.92858,0.10744,0.849,0.62945,stay
0.37292,0.23569,0.48764,-0.13723,0.46583,right
0.17035,0.89692,0.60879,0.72657,0.43244,stay
0.21181,0.85325,0.79894,0.64144,0.56708,stay
0.05269,0.5,0.0,0.44731,0.0,stay
0.74299,0.88563,0.68872,0.14264,0.51676,left
0.27829,0.04527,0.78852,-0.23302,0.62654,stay
0.66531,0.49227,0.10454,-0.17304,0.5647,right
0.42237,0.48733,0.62568,0.06496,0.54987,left
0.30252,0.73807,0.95926,0.43555,0.5172,stay
0.22656,0.60165,0.37939,0.37509,0.81965,stay
0.42973,0.05801,0.21864,-0.37172,0.71805,stay
0.58103,0.88193,0.55159,0.30089,0.73978,stay
0.44467,0.80809,0.05979,0.36342,0.89265,stay
0.14021,0.52517,0.72676,0.38496,0.89056,stay
0.23336,0.55334,0.22638,0.31998,0.68623,stay
0.45949,0.07563,0.28171,-0.38386,0.49928,stay
0.74507,0.8641,0.56948,0.11903,0.88161,left
0.81694,0.65511,0.69491,-0.16183,0.89185,right
0.25302,0.31344,0.85683,0.06042,0.96048,left
0.7371,0.63581,0.04374,-0.10129,0.57156,right
0.92804,0.3414,0.70545,-0.58664,0.70013,stay
0.69408,0.4951,0.26834,-0.19898,0.65854,right
0.90123,0.80255,0.75781,-0.09868,0.43678,right
0.70437,0.10419,0.60245,-0.60018,0.89873,stay
0.29186,0.35157,0.8967,0.05971,0.46282,left
0.58631,0.74416,0.91066,0.15785,0.8397,left
0.67881,0.71616,0.84647,0.03735,0.46301,left
0.67131,0.44735,0.59821,-0.22396,0.45774,stay
0.29311,0.87198,0.44065,0.57887,0.77134,stay
0.66994,0.88054,0.46757,0.2106,0.88011,left
0.34561,0.88638,0.91581,0.54077,0.71659,stay
0.61642,0.5,0.0,-0.11642,0.0,stay
0.8925,0.31677,0.24015,-0.57573,0.89141,stay
0.60629,0.54105,0.9724,-0.06524,0.75592,right
0.22494,0.1495,0.32183,-0.07544,0.79063,right
0.85908,0.77835,0.8607,-0.08073,0.94239,right
0.21549,0.53565,0.24097,0.32016,0.55845,stay
0.75962,0.35464,0.62889,-0.40498,0.82081,stay
0.4831,0.48519,0.04689,0.0021,0.72728,right
0.53076,0.90202,0.90504,0.37126,0.85232,stay
0.37555,0.24182,0.26247,-0.13373,0.46401,right
0.7495,0.40475,0.14895,-0.34475,0.76494,stay
0.13478,0.33425,0.20414,0.19947,0.78154,left
0.559,0.37262,0.31633,-0.18637,0.67414,right
0.10521,0.43145,0.05166,0.32623,0.49273,stay
0.80236,0.63819,0.01876,-0.16416,0.56201,right
0.20135,0.5,0.0,0.29865,0.0,stay
0.44183,0.77329,0.04636,0.33145,0.8254,stay
0.61786,0.66584,0.69747,0.04798,0.79784,left
0.66278,0.55039,0.30432,-0.11239,0.85334,right
0.12875,0.5,0.0,0.37125,0.0,stay
0.31411,0.46906,0.08052,0.15495,0.521,left
0.40788,0.12847,0.43405,-0.27941,0.60368,stay
0.5792,0.29118,0.06557,-0.28801,0.43849,stay
0.70118,0.24004,0.05461,-0.46114,0.44561,stay
0.28275,0.5,0.0,0.21725,0.0,stay
0.86629,0.82386,0.59029,-0.04242,0.5837,right
0.55073,0.54893,0.85662,-0.0018,0.72622,right
0.92518,0.73674,0.12989,-0.18845,0.61989,right
0.06893,0.55069,0.58844,0.48176,0.4341,stay
0.27493,0.38412,0.76105,0.10919,0.43044,left
0.84325,0.79518,0.30519,-0.04807,0.91902,right
0.18975,0.64554,0.88547,0.4558,0.60634,stay
0.734,0.44488,0.21854,-0.28912,0.67234,stay
0.64093,0.1018,0.93837,-0.53914,0.54734,stay
0.7853,0.67198,0.07654,-0.11332,0.93918,right
0.73162,0.78388,0.8256,0.05226,0.86426,left
0.15594,0.74796,0.97234,0.59202,0.4474,stay
0.63555,0.5,0.0,-0.13555,0.0,stay
0.87426,0.11683,0.69531,-0.75743,0.45854,stay
0.70325,0.92406,0.42316,0.22081,0.89111,stay
0.43706,0.86481,0.41381,0.42774,0.90163,stay
0.71956,0.90937,0.21801,0.18981,0.49088,left
0.19218,0.44523,0.34557,0.25305,0.76492,stay
0.12563,0.17836,0.89099,0.05273,0.81437,left
0.31862,0.75606,0.8171,0.43744,0.46391,stay
0.6772,0.85128,0.70304,0.17408,0.4717,left
0.74286,0.5834,0.47231,-0.15945,0.59878,right
0.90506,0.86849,0.75685,-0.03658,0.73269,right
0.37613,0.5,0.0,0.12387,0.0,stay
0.102,0.47527,0.59538,0.37327,0.69412,stay
0.59121,0.77249,0.38934,0.18128,0.72146,left
0.24425,0.94992,0.82987,0.70567,0.72502,stay
0.41547,0.8137,0.30387,0.39823,0.5498,stay
0.39333,0.07724,0.012,-0.31609,0.74131,stay
0.75582,0.077,0.51188,-0.67882,0.92218,stay
0.2926,0.03285,0.24929,-0.25976,0.99857,stay
0.75688,0.95087,0.2786,0.19399,0.58334,left
0.24461,0.31582,0.72137,0.07121,0.54586,left
0.14204,0.5,0.0,0.35796,0.0,stay
0.84466,0.31321,0.08038,-0.53145,0.56462,stay
0.14531,0.3626,0.23027,0.2173,0.61916,left
0.48226,0.5,0.0,0.01774,0.0,stay
0.55979,0.5292,0.42711,-0.03059,0.62797,left
0.38506,0.27748,0.70673,-0.10758,0.54182,right
0.09103,0.55955,0.79714,0.46852,0.58122,stay
0.34135,0.5,0.0,0.15865,0.0,stay
0.90983,0.5,0.0,-0.40983,0.0,stay
0.38202,0.78544,0.55165,0.40342,0.77881,stay
0.16047,0.71142,0.78794,0.55094,0.45044,stay
0.54758,0.88911,0.74067,0.34153,0.66904,stay
0.26762,0.66158,0.7705,0.39396,0.72637,stay
0.1386,0.62572,0.87258,0.48712,0.6829,stay
0.66146,0.43904,0.48405,-0.22242,0.87054,stay
0.93023,0.5,0.0,-0.43023,0.0,stay
0.45066,0.14601,0.97204,-0.30465,0.64453,stay
0.47573,0.79159,0.02474,0.31587,0.86393,stay
0.69133,0.56428,0.94801,-0.12705,0.8457,right
0.44628,0.5,0.0,0.05372,0.0,stay
0.76201,0.71998,0.24795,-0.04204,0.61275,right
0.73189,0.68811,0.73344,-0.04379,0.84251,right
0.51471,0.5,0.0,-0.01471,0.0,stay
0.18349,0.69849,0.9684,0.515,0.65586,stay
0.65095,0.08779,0.19294,-0.56316,0.86394,stay
0.64205,0.04954,0.39112,-0.5925,0.45829,stay
0.62009,0.5,0.0,-0.12009,0.0,stay
0.22322,0.03234,0.40286,-0.19088,0.91075,right
0.77514,0.80561,0.20314,0.03047,0.78129,left
0.93019,0.53074,0.12576,-0.39944,0.80606,stay
0.83948,0.92393,0.00146,0.08445,0.80466,left
0.33207,0.81239,0.73724,0.48032,0.88933,stay
0.88506,0.42884,0.79883,-0.45622,0.98733,stay
0.46289,0.5,0.0,0.03711,0.0,stay
0.13199,0.63752,0.9189,0.50553,0.62767,stay
0.16916,0.07899,0.3733,-0.09017,0.68043,right
0.20967,0.43454,0.25201,0.22487,0.48172,stay
0.79031,0.55945,0.66314,-0.23086,0.55107,stay
0.23663,0.07196,0.02672,-0.16468,0.79415,right
0.68555,0.19491,0.64346,-0.49064,0.70482,stay
0.71937,0.65047,0.53418,-0.0689,0.4371,right
0.30074,0.09526,0.77333,-0.20549,0.63015,right
0.0673,0.56692,0.9429,0.49962,0.94803,stay
0.16315,0.45237,0.96946,0.28922,0.48554,stay
0.64562,0.32124,0.69721,-0.32438,0.60366,stay
0.70249,0.80645,0.92283,0.10396,0.95616,left
0.32328,0.19626,0.8002,-0.12701,0.6481,right
0.72888,0.5,0.0,-0.22888,0.0,stay
0.83677,0.44389,0.52595,-0.39288,0.69045,stay
0.34497,0.85656,0.29934,0.51159,0.83734,stay
0.88614,0.88926,0.60876,0.00312,0.56164,left
0.0652,0.6629,0.53483,0.5977,0.79561,stay
0.29943,0.08957,0.34523,-0.20986,0.70715,right
0.34107,0.89869,0.08959,0.55762,0.8129,stay
0.73577,0.50722,0.10641,-0.22855,0.78642,stay
0.51858,0.5,0.0,-0.01858,0.0,stay
0.34457,0.5747,0.89182,0.23013,0.76731,stay
0.87168,0.77782,0.21008,-0.09386,0.48536,right
0.46433,0.17674,0.26499,-0.28759,0.93709,stay
0.78742,0.23593,0.35113,-0.5515,0.66256,stay
0.72082,0.77668,0.1811,0.05586,0.70599,right
0.54504,0.39485,0.2908,-0.1502,0.83636,right
0.14296,0.11424,0.55422,-0.02872,0.77025,right
0.93595,0.6497,0.84852,-0.28626,0.99491,stay
0.66411,0.81418,0.46492,0.15007,0.47711,left
0.72947,0.53325,0.25785,-0.19622,0.70981,right
0.61455,0.30558,0.96957,-0.30897,0.73862,stay
0.24492,0.20453,0.39973,-0.04039,0.87033,right
0.23748,0.14188,0.58229,-0.0956,0.71399,right
0.9352,0.06596,0.59657,-0.86923,0.62704,stay
0.22474,0.62044,0.11998,0.3957,0.81499,stay
0.25466,0.08312,0.68352,-0.17153,0.44381,right
0.36733,0.05744,0.99376,-0.30989,0.52512,stay
0.39978,0.28503,0.85208,-0.11475,0.80626,right
0.26149,0.23378,0.71674,-0.02771,0.97193,right
0.93444,0.16635,0.34165,-0.7681,0.79064,stay
0.61264,0.38774,0.42815,-0.2249,0.99541,stay
0.58848,0.5,0.0,-0.08848,0.0,stay
0.23768,0.15626,0.85722,-0.08142,0.92725,right
0.80501,0.51785,0.62991,-0.28716,0.54757,stay
0.67552,0.29772,0.28644,-0.3778,0.91764,stay
0.18873,0.42774,0.37699,0.23901,0.68597,stay
0.72082,0.59005,0.72422,-0.13077,0.5541,right
0.23028,0.04444,0.70362,-0.18583,0.95393,right
0.27187,0.5546,0.22487,0.28273,0.98456,stay
0.77726,0.84741,0.65677,0.07014,0.90326,left
0.06326,0.64225,0.66913,0.57899,0.5971,stay
0.19486,0.23754,0.83475,0.04268,0.54077,left
0.6089,0.5,0.0,-0.1089,0.0,stay
0.78384,0.82707,0.34388,0.04323,0.69744,left
0.39794,0.866,0.70523,0.46805,0.57543,stay
0.20987,0.80689,0.60336,0.59701,0.4453,stay
0.70584,0.40272,0.77594,-0.30312,0.79473,stay
0.86425,0.11313,0.58097,-0.75112,0.49412,stay
0.25729,0.37415,0.21482,0.11687,0.87026,left
0.78059,0.55299,0.58647,-0.2276,0.7501,stay
0.19389,0.96522,0.98204,0.77133,0.48974,stay
0.43075,0.91851,9e-05,0.48777,0.60134,stay
0.77326,0.42136,0.01297,-0.3519,0.60556,stay
0.59867,0.72568,0.94759,0.12702,0.54844,left
0.2932,0.18199,0.57979,-0.11121,0.68327,right
0.56231,0.4915,0.4627,-0.07081,0.45228,right
0.8342,0.65839,0.47341,-0.17582,0.52582,right
0.21315,0.23891,0.08257,0.02575,0.79482,left
0.51083,0.21278,0.72289,-0.29804,0.7811,stay
0.12641,0.11984,0.13351,-0.00657,0.89738,left
0.53734,0.9443,0.32064,0.40696,0.67923,stay
0.34259,0.92838,0.7719,0.58579,0.84639,stay
0.37281,0.45544,0.61611,0.08262,0.81505,left
0.70938,0.25242,0.89979,-0.45696,0.52918,stay
0.63055,0.5,0.0,-0.13055,0.0,stay
0.90409,0.58301,0.10683,-0.32108,0.70188,stay
0.11738,0.72308,0.0844,0.6057,0.55518,stay
0.44056,0.36768,0.87051,-0.07288,0.54312,right
0.29727,0.56115,0.80131,0.26388,0.73533,stay
0.28476,0.8966,0.51703,0.61184,0.78973,stay
0.10649,0.64656,0.35187,0.54007,0.83995,stay
0.15966,0.15166,0.2819,-0.008,0.84311,left
0.23977,0.7203,0.34508,0.48053,0.79609,stay
0.84984,0.56709,0.9355,-0.28275,0.64324,stay
0.76599,0.8634,0.68568,0.09741,0.91778,left
0.66424,0.5,0.0,-0.16424,0.0,stay
0.94541,0.5,0.0,-0.44541,0.0,stay
0.19661,0.15082,0.95611,-0.04579,0.50063,right
0.06008,0.10859,0.29547,0.04851,0.64242,left
0.61359,0.5,0.0,-0.11359,0.0,stay
0.21677,0.71618,0.91099,0.4994,0.79607,stay
0.38349,0.55795,0.31912,0.17447,0.69589,left
0.31477,0.4519,0.05179,0.13713,0.86387,left
0.2342,0.89424,0.74426,0.66004,0.81864,stay
0.55021,0.41916,0.25328,-0.13104,0.43795,right
0.54932,0.33133,0.67351,-0.218,0.4878,right
0.47866,0.6279,0.49519,0.14924,0.90016,left
0.1251,0.68011,0.12658,0.55501,0.58599,stay
0.17384,0.29967,0.82976,0.12583,0.82676,left
0.6814,0.5,0.0,-0.1814,0.0,stay
0.53498,0.39284,0.6221,-0.14214,0.76019,right
0.25994,0.5,0.0,0.24006,0.0,stay
0.73937,0.58803,0.7563,-0.15134,0.88656,right
0.42654,0.21204,0.79947,-0.21449,0.9334,right
0.17596,0.95917,0.72416,0.78321,0.71545,stay
0.94073,0.63055,0.64803,-0.31018,0.54324,stay
0.16036,0.63565,0.94258,0.4753,0.74471,stay
0.74758,0.60387,0.41855,-0.14371,0.44527,right
0.5898,0.3849,0.41549,-0.2049,0.67824,right
0.59012,0.61894,0.39547,0.02883,0.82672,right
0.84831,0.43037,0.12069,-0.41794,0.71034,stay
0.59074,0.80185,0.58799,0.21112,0.85023,left
0.64884,0.15513,0.52994,-0.49371,0.57022,stay
0.24133,0.6579,0.01212,0.41656,0.86899,stay
0.28728,0.04943,0.90788,-0.23786,0.943,stay
0.21306,0.73651,0.72983,0.52345,0.85972,stay
0.7347,0.55854,0.58281,-0.17615,0.96732,right
0.35673,0.25251,0.11878,-0.10423,0.88909,right
0.20961,0.47358,0.23205,0.26397,0.66072,stay
0.43011,0.3259,0.91549,-0.10421,0.75294,right
0.50847,0.66875,0.84366,0.16028,0.61876,left
0.20938,0.10727,0.80724,-0.10211,0.57616,right
0.24311,0.60516,0.69398,0.36205,0.99922,stay
0.58129,0.67405,0.81367,0.09276,0.64787,left
0.42195,0.73209,0.12974,0.31013,0.9122,stay
0.41966,0.5272,0.51131,0.10754,0.76555,left
0.07733,0.90518,0.4765,0.82785,0.43818,stay
0.41269,0.43003,0.3106,0.01734,0.61829,left
0.79698,0.64443,0.87726,-0.15255,0.75718,right
0.27954,0.09545,0.37098,-0.18409,0.85103,right
0.54334,0.5,0.0,-0.04334,0.0,stay
0.87869,0.61577,0.66339,-0.26293,0.50104,stay
0.76896,0.29551,0.79071,-0.47345,0.67111,stay
0.15625,0.22306,0.36164,0.06681,0.84516,left
0.28344,0.33762,0.38789,0.05418,0.47825,left
0.08386,0.1992,0.49989,0.11534,0.97167,left
0.40974,0.25769,0.673,-0.15204,0.51066,right
0.43517,0.83537,0.89475,0.4002,0.88739,stay
0.37472,0.23534,0.75266,-0.13938,0.73238,right
0.33763,0.16153,0.02546,-0.17609,0.7135,right
0.41204,0.25028,0.21727,-0.16176,0.92233,right
0.48128,0.5,0.0,0.01872,0.0,stay
0.33059,0.52067,0.53069,0.19008,0.93347,left
0.60133,0.10649,0.42792,-0.49485,0.96095,stay
0.88057,0.62845,0.43999,-0.25211,0.53768,stay
0.72793,0.65016,0.08943,-0.07777,0.67789,right
0.86667,0.46287,0.75314,-0.4038,0.93783,stay
0.76495,0.68218,0.74072,-0.08278,0.65657,right
0.20154,0.95026,0.29263,0.74872,0.75646,stay
0.61542,0.8792,0.64634,0.26378,0.60609,stay
0.37882,0.83214,0.34006,0.45332,0.90947,stay
0.2663,0.05754,0.663,-0.20876,0.69261,right
0.13608,0.21813,0.52788,0.08205,0.53807,left
0.4191,0.5,0.0,0.0809,0.0,stay
0.32836,0.72719,0.74066,0.39883,0.49808,stay
0.45568,0.8771,0.39814,0.42143,0.54758,stay
0.64803,0.58014,0.48364,-0.06788,0.81658,right
0.32364,0.40173,0.3605,0.07808,0.93256,left
0.16647,0.43769,0.42941,0.27122,0.67454,stay
0.89323,0.95584,0.65323,0.0626,0.4484,left
0.62952,0.88865,0.66643,0.25913,0.90266,stay
0.78042,0.546,0.57736,-0.23442,0.82357,stay
0.94297,0.5,0.0,-0.44297,0.0,stay
0.80819,0.22999,0.84068,-0.57821,0.59035,stay
0.5251,0.03394,0.94597,-0.49116,0.7131,stay
0.81392,0.51815,0.12872,-0.29578,0.91614,stay
0.70066,0.71013,0.21853,0.00948,0.7581,right
0.07428,0.17241,0.17126,0.09814,0.69877,left
0.19274,0.80827,0.89446,0.61553,0.44822,stay
0.7721,0.5,0.0,-0.2721,0.0,stay
0.33584,0.85686,0.72708,0.52102,0.8663,stay
0.8821,0.17755,0.87334,-0.70455,0.65803,stay
0.62417,0.80425,0.47563,0.18008,0.70633,left
0.10846,0.5,0.0,0.39154,0.0,stay
0.30599,0.08774,0.59046,-0.21826,0.50307,right
0.94387,0.57599,0.06484,-0.36788,0.59493,stay
0.43206,0.69484,0.13234,0.26278,0.62736,stay
0.0668,0.64876,0.53186,0.58196,0.97855,stay
0.54312,0.81758,0.14279,0.27446,0.67385,stay
0.25151,0.88097,0.51138,0.62946,0.95993,stay
0.67177,0.1736,0.95228,-0.49817,0.9542,stay
0.31604,0.8825,0.4046,0.56645,0.84994,stay
0.22734,0.67125,0.82488,0.44391,0.62633,stay
0.50983,0.77902,0.69613,0.26919,0.82497,stay
0.91497,0.5,0.0,-0.41497,0.0,stay
0.52483,0.57321,0.66127,0.04838,0.98652,left
0.22445,0.82003,0.72631,0.59558,0.89005,stay
0.23127,0.5,0.0,0.26873,0.0,stay
0.20798,0.46431,0.90156,0.25634,0.46216,stay
0.51248,0.75046,0.18325,0.23798,0.48387,stay
0.69197,0.31014,0.09874,-0.38183,0.5112,stay
0.23543,0.67803,0.92431,0.4426,0.4327,stay
0.73029,0.5,0.0,-0.23029,0.0,stay
0.56186,0.06722,0.859,-0.49464,0.65854,stay
0.91759,0.06526,0.63715,-0.85233,0.60195,stay
0.77612,0.59806,0.62493,-0.17806,0.7315,right
0.59296,0.3852,0.02072,-0.20776,0.90114,right
0.80527,0.78865,0.22303,-0.01661,0.8749,right
0.82337,0.76769,0.42515,-0.05569,0.85379,right
0.43085,0.85386,0.0761,0.42301,0.66797,stay
0.94893,0.75506,0.29582,-0.19387,0.75552,right
0.26101,0.76342,0.60341,0.50241,0.90608,stay
0.58114,0.21576,0.81284,-0.36538,0.84475,stay
0.51527,0.16371,0.82989,-0.35157,0.68747,stay
0.31146,0.30024,0.65055,-0.01122,0.65222,right
0.27266,0.26416,0.18763,-0.00851,0.75684,left
0.10174,0.09701,0.38261,-0.00473,0.57555,left
0.59372,0.63702,0.6943,0.0433,0.61794,left
0.87907,0.15471,0.7104,-0.72436,0.98585,stay
0.41903,0.24902,0.34642,-0.17001,0.90856,right
0.76287,0.38233,0.3069,-0.38054,0.65391,stay
0.54685,0.45304,0.35531,-0.0938,0.5359,right
0.33499,0.7047,0.39471,0.36971,0.65811,stay
0.58841,0.5,0.0,-0.08841,0.0,stay
0.47502,0.3984,0.01556,-0.07662,0.44886,right
0.11484,0.26054,0.90913,0.14569,0.98312,left
0.45923,0.48876,0.58196,0.02954,0.92528,left
0.14609,0.67751,0.4865,0.53142,0.93457,stay
0.45377,0.5,0.0,0.04623,0.0,stay
0.62652,0.90285,0.42182,0.27633,0.77902,stay
0.16342,0.13397,0.33099,-0.02944,0.57056,right
0.70912,0.44066,0.63927,-0.26846,0.7077,stay
0.48441,0.56481,0.43816,0.0804,0.77845,left
0.43852,0.16915,0.85568,-0.26937,0.52586,stay
0.72707,0.06829,0.91884,-0.65878,0.6695,stay
0.40598,0.33701,0.83607,-0.06897,0.44968,right
0.16653,0.18881,0.13469,0.02228,0.93278,left
0.55399,0.33841,0.72112,-0.21558,0.8789,right
0.23811,0.53573,0.2038,0.29762,0.72826,stay
0.40842,0.32999,0.73487,-0.07843,0.79075,right
0.91972,0.93016,0.10634,0.01044,0.84959,right
0.71503,0.3857,0.15236,-0.32933,0.49296,stay
0.80407,0.05751,0.18179,-0.74656,0.51846,stay
0.23126,0.84068,0.48117,0.60942,0.97208,stay
0.45352,0.344,0.61293,-0.10952,0.62775,right
0.86971,0.12627,0.15455,-0.74344,0.55603,stay
0.18508,0.60212,0.72876,0.41704,0.49817,stay
0.25289,0.36155,0.26736,0.10866,0.81773,left
0.92507,0.29716,0.07201,-0.62791,0.60094,stay
0.7002,0.41538,0.65478,-0.28482,0.51799,stay
0.2962,0.28939,0.7063,-0.0068,0.6884,right
0.46343,0.70086,0.52234,0.23743,0.43234,stay
0.39866,0.12127,0.26106,-0.2774,0.75224,stay
0.24437,0.04167,0.24368,-0.2027,0.44184,right
0.84215,0.31162,0.68676,-0.53053,0.51774,stay
0.65406,0.5,0.0,-0.15406,0.0,stay
0.87913,0.12741,0.95607,-0.75172,0.89431,stay
0.07709,0.16061,0.87375,0.08352,0.60418,left
0.47047,0.90154,0.46426,0.43106,0.5468,stay
0.38964,0.5,0.0,0.11036,0.0,stay
0.85955,0.20867,0.04439,-0.65088,0.67855,stay
0.69221,0.20911,0.86194,-0.4831,0.87581,stay
0.8697,0.73968,0.38826,-0.13003,0.95655,right
0.23707,0.07767,0.9371,-0.15941,0.82665,right
0.7223,0.1402,0.69578,-0.58209,0.51155,stay
0.22657,0.24622,0.56979,0.01964,0.57007,left
0.9416,0.37739,0.049,-0.56421,0.60677,stay
0.8633,0.26774,0.39924,-0.59555,0.83635,stay
0.89525,0.81901,0.61507,-0.07624,0.69096,right
0.51465,0.54171,0.51685,0.02706,0.89303,left
0.12818,0.15861,0.27845,0.03043,0.81117,right
0.60443,0.20776,0.53547,-0.39667,0.88007,stay
0.64491,0.56955,0.46933,-0.07536,0.48186,right
0.87848,0.5,0.0,-0.37848,0.0,stay
0.1183,0.87739,0.29452,0.75909,0.71601,stay
0.28605,0.81118,0.34269,0.52513,0.90831,stay
0.37607,0.48511,0.23035,0.10904,0.87819,left
0.11859,0.74163,0.07129,0.62304,0.69859,stay
0.43821,0.41583,0.32687,-0.02237,0.67841,left
0.49793,0.64369,0.00087,0.14576,0.45157,left
0.25679,0.80815,0.98674,0.55136,0.95766,stay
0.62008,0.43014,0.73816,-0.18993,0.81874,right
0.14578,0.10051,0.46479,-0.04526,0.64147,right
0.12759,0.32073,0.9996,0.19314,0.83976,left
0.63638,0.31374,0.80413,-0.32265,0.67676,stay
0.30009,0.05962,0.31952,-0.24047,0.92536,stay
0.7749,0.56587,0.53228,-0.20903,0.77021,right
0.56271,0.57418,0.03974,0.01148,0.47673,right
0.49337,0.43554,0.63405,-0.05784,0.90282,right
0.47398,0.41818,0.84116,-0.0558,0.83891,right
0.41829,0.26903,0.19592,-0.14926,0.49883,right
0.92692,0.47228,0.16313,-0.45464,0.46737,stay
0.79212,0.59856,0.24684,-0.19357,0.61747,right
0.91156,0.52045,0.75056,-0.39111,0.7165,stay
0.81255,0.79035,0.12253,-0.02219,0.9671,left
0.81195,0.05637,0.28221,-0.75558,0.73869,stay
0.13192,0.951,0.54178,0.81908,0.59265,stay
0.46641,0.66396,0.42657,0.19755,0.56382,left
0.65111,0.05619,0.84972,-0.59492,0.85079,stay
0.71386,0.0615,0.46083,-0.65236,0.86947,stay
0.58031,0.55591,0.33792,-0.0244,0.54883,left
0.09312,0.09225,0.52781,-0.00088,0.77888,right
0.65549,0.31968,0.02177,-0.33581,0.57504,stay
0.27376,0.89325,0.32122,0.61949,0.72129,stay
0.75318,0.06271,0.06723,-0.69047,0.87375,stay
0.08693,0.09606,0.10746,0.00913,0.73508,left
0.60516,0.73618,0.05093,0.13103,0.71918,left
0.45752,0.41789,0.65779,-0.03963,0.691,right
0.62117,0.81526,0.23783,0.19409,0.65616,left
0.47697,0.82643,0.18299,0.34946,0.60738,stay
0.72386,0.90422,0.39797,0.18036,0.60562,left
0.48876,0.66374,0.80848,0.17498,0.74533,left
0.13377,0.15918,0.52495,0.02541,0.77174,left
0.43708,0.87863,0.26322,0.44155,0.90287,stay
0.83835,0.0449,0.96423,-0.79345,0.84589,stay
0.63738,0.11255,0.25676,-0.52482,0.85925,stay
0.11354,0.5,0.0,0.38646,0.0,stay
0.90459,0.5,0.0,-0.40459,0.0,stay
0.76517,0.63162,0.3062,-0.13355,0.77214,right
0.85129,0.70963,0.24432,-0.14165,0.68403,right
0.53846,0.16325,0.60459,-0.37521,0.44583,stay
0.77131,0.6845,0.22244,-0.08681,0.92744,right
0.45379,0.64363,0.05609,0.18984,0.96008,left
0.61453,0.86529,0.97913,0.25076,0.85567,stay
0.32387,0.18386,0.82165,-0.14001,0.55918,right
0.11383,0.31399,0.46097,0.20016,0.76661,left
0.80282,0.38092,0.93693,-0.4219,0.72818,stay
0.69203,0.67514,0.63831,-0.01689,0.70117,right
0.77328,0.72962,0.22244,-0.04366,0.47238,left
0.36261,0.18566,0.28784,-0.17695,0.70738,right
0.53331,0.05311,0.93605,-0.4802,0.61553,stay
0.12864,0.51108,0.19445,0.38244,0.61112,stay
0.24583,0.37214,0.97923,0.12631,0.97434,left
0.30849,0.29644,0.17706,-0.01205,0.86836,right
0.85034,0.09055,0.2635,-0.7598,0.99632,stay
0.78867,0.2223,0.40738,-0.56638,0.56261,stay
0.72526,0.84601,0.72106,0.12075,0.98199,left
0.73718,0.29153,0.61367,-0.44565,0.68898,stay
0.7849,0.47033,0.31319,-0.31457,0.79588,stay
0.26607,0.18403,0.39478,-0.08203,0.88822,right
0.07536,0.1789,0.5945,0.10355,0.99816,left
0.29167,0.43416,0.60896,0.1425,0.59462,left
0.69643,0.11609,0.43297,-0.58034,0.82079,stay
0.69866,0.59013,0.53201,-0.10853,0.65851,right
0.7453,0.46698,0.09102,-0.27833,0.7614,stay
0.73001,0.5,0.0,-0.23001,0.0,stay
0.9024,0.96733,0.91245,0.06494,0.48327,left
0.14893,0.84446,0.1318,0.69553,0.6342,stay
0.05929,0.5681,0.22827,0.50881,0.52887,stay
0.29844,0.37728,0.92361,0.07884,0.49329,left
0.54205,0.0452,0.15834,-0.49686,0.93854,stay
0.6126,0.5,0.0,-0.1126,0.0,stay
0.29688,0.94584,0.55336,0.64896,0.82753,stay
0.06721,0.24086,0.98488,0.17365,0.55038,left
0.12318,0.49148,0.6026,0.36831,0.93782,stay
0.81978,0.57604,0.81316,-0.24374,0.89087,stay
0.55384,0.43996,0.64692,-0.11388,0.45109,right
0.63485,0.83066,0.85234,0.19581,0.91983,left
0.10713,0.62015,0.97336,0.51302,0.71209,stay
0.30782,0.93572,0.05746,0.6279,0.87096,stay
0.55736,0.5747,0.68113,0.01734,0.93277,left
0.51287,0.91131,0.10602,0.39843,0.66956,stay
0.93064,0.32738,0.27273,-0.60327,0.88569,stay
0.21732,0.2606,0.21518,0.04328,0.64185,left
0.48312,0.69089,0.83751,0.20778,0.48965,left
0.84045,0.2282,0.50482,-0.61225,0.88717,stay
0.38429,0.54722,0.08155,0.16294,0.76547,left
0.27222,0.92474,0.98739,0.65252,0.75975,stay
0.75474,0.93012,0.88336,0.17538,0.73628,left
0.4892,0.5,0.0,0.0108,0.0,stay
0.92824,0.11967,0.16926,-0.80857,0.92295,stay
0.38199,0.5,0.0,0.11801,0.0,stay
0.05743,0.5,0.0,0.44257,0.0,stay
0.94478,0.6663,0.22993,-0.27848,0.60997,stay
0.58617,0.136,0.68578,-0.45017,0.84508,stay
0.76459,0.5,0.0,-0.26459,0.0,stay
0.41055,0.76297,0.70033,0.35243,0.94871,stay
0.66145,0.80649,0.66818,0.14504,0.53447,left
0.37777,0.74089,0.33992,0.36312,0.9387,stay
0.72133,0.70131,0.70259,-0.02002,0.85731,right
0.15507,0.2318,0.24326,0.07673,0.77069,left
0.83006,0.5,0.0,-0.33006,0.0,stay
0.29789,0.71196,0.13425,0.41408,0.77775,stay
0.48997,0.86514,0.96431,0.37517,0.62882,stay
0.07541,0.50592,0.0691,0.4305,0.5333,stay
0.18814,0.9629,0.43363,0.77476,0.44477,stay
0.62076,0.5,0.0,-0.12076,0.0,stay
0.23917,0.31913,0.32525,0.07996,0.6886,left
0.48972,0.74267,0.69061,0.25295,0.79816,stay
0.8352,0.17839,0.28807,-0.65681,0.73462,stay
0.94057,0.6316,0.55695,-0.30897,0.82023,stay
0.66487,0.3062,0.95922,-0.35866,0.94952,stay
0.36523,0.47894,0.78154,0.11371,0.92958,left
0.91846,0.55489,0.9924,-0.36357,0.45426,stay
0.34951,0.0756,0.61146,-0.27391,0.73476,stay
0.07232,0.6223,0.7716,0.54998,0.60604,stay
0.40518,0.72766,0.38404,0.32248,0.60545,stay
0.74765,0.5,0.0,-0.24765,0.0,stay
0.2918,0.58308,0.03962,0.29128,0.9428,stay
0.93019,0.2702,0.09025,-0.65999,0.89894,stay
0.79668,0.81478,0.26332,0.0181,0.74028,left
0.72414,0.09925,0.53462,-0.62488,0.43937,stay
0.87646,0.30603,0.37543,-0.57044,0.50579,stay
0.26038,0.5,0.0,0.23962,0.0,stay
0.4309,0.11188,0.35001,-0.31902,0.44981,stay
0.47349,0.9206,0.14372,0.44711,0.94055,stay
0.16203,0.37594,0.88949,0.21391,0.85369,left
0.45149,0.96673,0.37332,0.51524,0.57991,stay
0.94677,0.22696,0.19748,-0.71981,0.67252,stay
0.345,0.74313,0.88847,0.39813,0.63068,stay
0.77129,0.53232,0.4414,-0.23897,0.79952,stay
0.72597,0.83484,0.64151,0.10887,0.54114,left
0.07308,0.56291,0.02414,0.48984,0.96919,stay
0.0739,0.80787,0.00704,0.73397,0.65902,stay
0.86108,0.5,0.0,-0.36108,0.0,stay
0.26035,0.5,0.0,0.23965,0.0,stay
0.41688,0.21064,0.72012,-0.20624,0.49938,right
0.25483,0.58054,0.58127,0.32571,0.69463,stay
0.10291,0.03909,0.52552,-0.06382,0.60782,right
0.79766,0.11146,0.88163,-0.68619,0.569,stay
0.67116,0.07274,0.1631,-0.59842,0.57417,stay
0.76112,0.49249,0.57482,-0.26863,0.79159,stay
0.80311,0.5,0.0,-0.30311,0.0,stay
0.43775,0.7485,0.13336,0.31076,0.65586,stay
0.34593,0.20707,0.95381,-0.13886,0.8131,right
0.59032,0.33797,0.33804,-0.25235,0.69137,stay
0.86581,0.31222,0.5372,-0.55359,0.74513,stay
0.53327,0.345,0.78399,-0.18827,0.66595,right
0.74934,0.6944,0.31481,-0.05494,0.9571,right
0.81417,0.15349,0.87684,-0.66068,0.86036,stay
0.5716,0.10957,0.53354,-0.46203,0.61265,stay
0.32616,0.63082,0.58633,0.30466,0.93069,stay
0.5164,0.06355,0.47882,-0.45285,0.4935,stay
0.17174,0.3004,0.72793,0.12866,0.45143,left
0.34013,0.12834,0.35888,-0.2118,0.94358,right
0.79535,0.47511,0.36538,-0.32024,0.46606,stay
0.79663,0.83874,0.20635,0.04211,0.96967,right
0.80328,0.26452,0.45645,-0.53876,0.95328,stay
0.53507,0.14397,0.87848,-0.3911,0.88498,stay
0.2977,0.54391,0.00034,0.24621,0.98157,stay
0.81538,0.12112,0.05183,-0.69426,0.70941,stay
0.47018,0.22153,0.07543,-0.24865,0.93542,stay
0.54652,0.63009,0.03237,0.08356,0.58343,left
0.65187,0.09087,0.22483,-0.561,0.54766,stay
0.45887,0.77184,0.04219,0.31297,0.55506,stay
0.75125,0.60468,0.86258,-0.14657,0.93157,right
0.2698,0.72464,0.95087,0.45484,0.89932,stay
0.32205,0.24002,0.86557,-0.08203,0.76263,right
0.32363,0.73581,0.4515,0.41218,0.69641,stay
0.55134,0.22937,0.14571,-0.32198,0.45553,stay
0.39724,0.61276,0.71674,0.21552,0.51212,left
0.68607,0.953,0.80343,0.26693,0.58023,stay
0.23929,0.11534,0.50691,-0.12395,0.70245,right
0.76087,0.3782,0.4643,-0.38268,0.79104,stay
0.15164,0.62493,0.32451,0.4733,0.5254,stay
0.86996,0.18523,0.43079,-0.68473,0.99319,stay
0.10511,0.33074,0.87479,0.22563,0.64125,stay
0.68492,0.54632,0.72208,-0.1386,0.66276,right
0.88507,0.25143,0.46017,-0.63363,0.51231,stay
0.21826,0.33643,0.45755,0.11816,0.57954,left
0.86456,0.36603,0.64371,-0.49853,0.72913,stay
0.67669,0.52346,0.65452,-0.15322,0.84783,right
0.75246,0.13006,0.74577,-0.62241,0.64773,stay
0.91659,0.36963,0.19421,-0.54696,0.46805,stay
0.63354,0.16845,0.8762,-0.46509,0.85466,stay
0.67147,0.31166,0.58696,-0.35981,0.75352,stay
0.61428,0.07728,0.36836,-0.537,0.79338,stay
0.83101,0.74023,0.39015,-0.09078,0.84478,right
0.1445,0.9001,0.17573,0.7556,0.84515,stay
0.94487,0.37401,0.36517,-0.57086,0.47047,stay
0.65725,0.17136,0.33712,-0.48588,0.96248,stay
0.37377,0.64572,0.97565,0.27195,0.4795,stay
0.23278,0.84672,0.86044,0.61394,0.68255,stay
0.13047,0.08472,0.72238,-0.04575,0.76592,right
0.81575,0.21654,0.53575,-0.5992,0.68306,stay
0.72947,0.21711,0.50912,-0.51235,0.71504,stay
0.85488,0.28293,0.94712,-0.57195,0.81937,stay
0.57521,0.42058,0.75429,-0.15463,0.73718,right
0.90146,0.23835,0.6946,-0.66311,0.6257,stay
0.89452,0.22727,0.91898,-0.66726,0.70066,stay
0.35724,0.28578,0.98796,-0.07146,0.64746,right
0.61497,0.53129,0.59555,-0.08368,0.62969,right
0.73657,0.23042,0.50178,-0.50614,0.61241,stay
0.63191,0.91337,0.74689,0.28146,0.51764,stay
0.47877,0.74431,0.98133,0.26554,0.89088,stay
0.61198,0.84626,0.16613,0.23428,0.59708,stay
0.90365,0.51075,0.38609,-0.39289,0.92656,stay
0.60804,0.5,0.0,-0.10804,0.0,stay
0.64037,0.7325,0.21399,0.09212,0.90193,left
0.35626,0.70343,0.66551,0.34716,0.97722,stay
0.87789,0.87185,0.60451,-0.00603,0.5315,right
0.28294,0.5105,0.23072,0.22757,0.89789,stay
0.26813,0.5,0.0,0.23187,0.0,stay
0.07179,0.31653,0.98765,0.24474,0.78125,stay
0.43591,0.5,0.0,0.06409,0.0,stay
0.53246,0.54284,0.24638,0.01038,0.62751,right
0.63051,0.59316,0.81014,-0.03735,0.91216,right
0.79037,0.17267,0.85436,-0.61769,0.71442,stay
0.22878,0.21776,0.26299,-0.01102,0.72819,left
0.06292,0.77307,0.31074,0.71015,0.67145,stay
0.30713,0.44058,0.36257,0.13345,0.63822,left
0.24554,0.56062,0.58255,0.31507,0.5361,stay
0.05107,0.42561,0.56126,0.37454,0.65552,stay
0.36786,0.84775,0.85811,0.47989,0.80751,stay
0.10159,0.50668,0.83517,0.4051,0.91946,stay
0.86694,0.29386,0.6826,-0.57308,0.5864,stay
0.66267,0.88584,0.81076,0.22317,0.64579,stay
0.31817,0.72265,0.45315,0.40448,0.99028,stay
0.35155,0.3244,0.6239,-0.02715,0.8838,right
0.35917,0.5,0.0,0.14083,0.0,stay
0.75595,0.72113,0.5304,-0.03482,0.90284,right
0.18047,0.5,0.0,0.31953,0.0,stay
0.37963,0.04332,0.6645,-0.33631,0.66734,stay
0.58845,0.74687,0.89676,0.15842,0.89274,left
0.68257,0.28466,0.2514,-0.39791,0.49877,stay
0.12104,0.58004,0.52462,0.459,0.9035,stay
0.9124,0.63672,0.14769,-0.27568,0.4886,stay
0.55174,0.11326,0.56456,-0.43848,0.75598,stay
0.55684,0.63425,0.33244,0.07741,0.89152,left
0.61091,0.32657,0.90452,-0.28434,0.68457,stay
0.05572,0.80853,0.01887,0.75281,0.55838,stay
0.55762,0.12032,0.47185,-0.4373,0.54187,stay
0.94381,0.30389,0.20464,-0.63992,0.5532,stay
0.71798,0.62882,0.08106,-0.08916,0.82214,right
0.49777,0.78644,0.14262,0.28867,0.92616,stay
0.24268,0.306,0.19244,0.06332,0.64676,left
0.50413,0.73581,0.75454,0.23167,0.69487,stay
0.44803,0.72535,0.76594,0.27732,0.90872,stay
0.52902,0.18981,0.39006,-0.3392,0.65967,stay
0.58166,0.31914,0.56717,-0.26252,0.46227,stay
0.0722,0.59009,0.0011,0.51789,0.6836,stay
0.32077,0.5,0.0,0.17923,0.0,stay
0.57037,0.21605,0.9245,-0.35432,0.84125,stay
0.54729,0.93035,0.91497,0.38306,0.87702,stay
0.57672,0.5,0.0,-0.07672,0.0,stay
0.77244,0.7929,0.5315,0.02046,0.81493,left
0.26787,0.5,0.0,0.23213,0.0,stay
0.40022,0.03934,0.78307,-0.36089,0.77036,stay
0.4723,0.36946,0.54196,-0.10284,0.58064,right
0.3255,0.09137,0.04572,-0.23413,0.97062,stay
0.37221,0.5,0.0,0.12779,0.0,stay
0.62059,0.04474,0.16815,-0.57585,0.45385,stay
0.22373,0.88841,0.45777,0.66469,0.84214,stay
0.05333,0.69515,0.77099,0.64182,0.70254,stay
0.56941,0.24873,0.3748,-0.32068,0.9658,stay
0.4071,0.5,0.0,0.0929,0.0,stay
0.56503,0.93702,0.85711,0.37199,0.79901,stay
0.46344,0.62408,0.31711,0.16064,0.94792,left
0.53849,0.38867,0.84509,-0.14982,0.82247,right
0.27149,0.92913,0.61344,0.65764,0.80621,stay
0.10288,0.33449,0.48055,0.23161,0.91747,stay
0.75728,0.37311,0.93207,-0.38417,0.54389,stay
0.93411,0.4816,0.8436,-0.45251,0.80601,stay
0.5954,0.58977,0.03195,-0.00563,0.58556,left
0.4819,0.2802,0.2333,-0.2017,0.52929,right
0.88755,0.22046,0.91582,-0.66709,0.65875,stay
0.1005,0.03888,0.17138,-0.06162,0.71492,right
0.68546,0.66071,0.13797,-0.02475,0.59917,left
0.49565,0.37158,0.41278,-0.12406,0.92649,right
0.06612,0.03388,0.7336,-0.03225,0.55897,right
0.43618,0.09277,0.85305,-0.34341,0.92317,stay
0.48236,0.39547,0.54118,-0.08689,0.8203,right
0.3199,0.77703,0.84656,0.45712,0.83414,stay
0.55743,0.31567,0.62272,-0.24175,0.69444,stay
0.54904,0.5,0.0,-0.04904,0.0,stay
0.32021,0.78297,0.17498,0.46275,0.83132,stay
0.33895,0.12832,0.16082,-0.21063,0.66464,right
0.92028,0.4074,0.07525,-0.51288,0.69208,stay
0.1958,0.8555,0.80365,0.6597,0.4478,stay
0.12548,0.73504,0.76135,0.60956,0.7131,stay
0.53508,0.73219,0.42843,0.19711,0.76261,left
0.92562,0.57216,0.04403,-0.35346,0.46592,stay
0.41242,0.58841,0.52956,0.17598,0.71136,left
0.27132,0.42354,0.4971,0.15222,0.73425,left
0.86009,0.3659,0.96198,-0.49418,0.43603,stay
0.42628,0.14752,0.78375,-0.27876,0.52127,stay
0.17676,0.48294,0.05382,0.30618,0.50017,stay
0.27925,0.54742,0.94229,0.26818,0.85164,stay
0.9323,0.5,0.0,-0.4323,0.0,stay
0.55854,0.82186,0.17176,0.26332,0.45648,stay
0.63614,0.53633,0.89257,-0.09981,0.89515,right
0.39564,0.86396,0.13049,0.46832,0.85327,stay
0.15011,0.23913,0.98683,0.08902,0.6455,left
0.16281,0.15241,0.0786,-0.0104,0.82377,left
0.06951,0.3987,0.30352,0.32919,0.97446,stay
0.48803,0.44053,0.99022,-0.0475,0.47826,right
0.49657,0.3413,0.07781,-0.15527,0.62768,right
0.71084,0.71017,0.7929,-0.00067,0.52855,right
0.90945,0.5,0.0,-0.40945,0.0,stay
0.05501,0.67897,0.75504,0.62396,0.88298,stay
0.69422,0.60056,0.98921,-0.09366,0.83742,right
0.84671,0.08885,0.05515,-0.75786,0.90521,stay
0.06135,0.54033,0.8012,0.47897,0.46834,stay
0.17429,0.30101,0.09558,0.12671,0.59489,left
0.56666,0.47123,0.44047,-0.09542,0.53509,right
0.24826,0.9639,0.86316,0.71564,0.48032,stay
0.40171,0.37652,0.95334,-0.02519,0.65757,right
0.49008,0.39922,0.08115,-0.09086,0.92973,right
0.9353,0.56865,0.49827,-0.36665,0.79432,stay
0.49645,0.04739,0.648,-0.44906,0.67757,stay
0.3148,0.89665,0.67668,0.58185,0.72781,stay
0.85221,0.70684,0.51799,-0.14537,0.71693,right
0.20119,0.56945,0.82169,0.36826,0.65515,stay
0.85144,0.16624,0.92789,-0.6852,0.68934,stay
0.06479,0.51445,0.24194,0.44966,0.51184,stay
0.9495,0.44598,0.04077,-0.50351,0.74235,stay
0.8857,0.64088,0.64115,-0.24482,0.47848,stay
0.8891,0.67583,0.59429,-0.21327,0.47963,right
0.58986,0.87069,0.85858,0.28083,0.52775,stay
0.87465,0.05114,0.22587,-0.8235,0.49211,stay
0.14665,0.25444,0.30849,0.1078,0.76039,left
0.27982,0.73279,0.02314,0.45297,0.49794,stay
0.3086,0.83169,0.69119,0.5231,0.90213,stay
0.74798,0.1647,0.8718,-0.58328,0.89862,stay
0.49341,0.78875,0.13399,0.29534,0.7676,stay
0.71259,0.55003,0.43281,-0.16256,0.76352,right
0.7095,0.36105,0.13996,-0.34845,0.74153,stay
0.85248,0.34468,0.87219,-0.5078,0.79184,stay
0.44527,0.03187,0.25846,-0.4134,0.77614,stay
0.73702,0.60014,0.84068,-0.13688,0.95642,right
0.5517,0.28386,0.70288,-0.26784,0.70344,stay
0.1073,0.43478,0.61756,0.32748,0.49879,stay
0.59327,0.78427,0.45027,0.191,0.64251,left
0.94916,0.93309,0.23082,-0.01607,0.45191,right
0.30564,0.10413,0.1963,-0.20152,0.97512,right
0.28034,0.37437,0.60595,0.09403,0.4704,left
0.64597,0.5,0.0,-0.14597,0.0,stay
0.24254,0.74977,0.92615,0.50723,0.57483,stay
0.93896,0.37782,0.53395,-0.56114,0.93123,stay
0.15148,0.65596,0.58557,0.50448,0.43505,stay
0.21118,0.5,0.0,0.28882,0.0,stay
0.20826,0.5,0.0,0.29174,0.0,stay
0.1476,0.2455,0.8126,0.09791,0.5817,left
0.31809,0.46586,0.08684,0.14777,0.76738,left
0.5942,0.85062,0.05218,0.25642,0.70394,stay
0.23502,0.74417,0.7357,0.50915,0.60021,stay
0.78295,0.90329,0.42776,0.12034,0.70638,left
0.17737,0.56893,0.80486,0.39156,0.51555,stay
0.73352,0.5,0.0,-0.23352,0.0,stay
0.90629,0.31166,0.86726,-0.59463,0.57194,stay
0.67794,0.5,0.0,-0.17794,0.0,stay
0.91087,0.57242,0.54793,-0.33845,0.94376,stay
0.30211,0.37153,0.08923,0.06942,0.53214,left
0.71319,0.5,0.0,-0.21319,0.0,stay
0.18276,0.28064,0.17259,0.09788,0.45537,left
0.52736,0.12674,0.30006,-0.40062,0.77743,stay
0.7014,0.24055,0.95576,-0.46085,0.92769,stay
0.58139,0.77398,0.5999,0.19259,0.67138,left
0.54736,0.6918,0.4512,0.14443,0.77982,left
0.08688,0.59741,0.90886,0.51053,0.47607,stay
0.3209,0.32773,0.30895,0.00683,0.83948,left
0.06279,0.17355,0.85949,0.11076,0.57296,left
0.64118,0.5,0.0,-0.14118,0.0,stay
0.63469,0.6997,0.8167,0.06501,0.46011,left
0.8129,0.05173,0.96981,-0.76117,0.81631,stay
0.53847,0.198,0.35689,-0.34047,0.43999,stay
0.4161,0.09973,0.72136,-0.31637,0.46413,stay
0.34739,0.51331,0.27848,0.16592,0.70669,left
0.43879,0.41523,0.7375,-0.02356,0.85472,right
0.3669,0.61137,0.5587,0.24447,0.50859,stay
0.70619,0.5,0.0,-0.20619,0.0,stay
0.31535,0.80968,0.39173,0.49434,0.62029,stay
0.93851,0.64474,0.00782,-0.29377,0.89575,stay
0.57588,0.23258,0.68481,-0.3433,0.5835,stay
0.64106,0.24079,0.10822,-0.40027,0.91186,stay
0.40937,0.89982,0.89848,0.49045,0.6637,stay
0.19703,0.24201,0.07254,0.04498,0.54068,right
0.81411,0.71358,0.10395,-0.10052,0.73199,right
0.71078,0.83913,0.97537,0.12835,0.50454,left
0.45737,0.93083,0.40821,0.47346,0.45598,stay
0.10257,0.19619,0.47093,0.09362,0.94091,left
0.29675,0.07805,0.80886,-0.2187,0.53122,right
0.37391,0.5963,0.19628,0.22239,0.43582,stay
0.82762,0.30383,0.65544,-0.52379,0.6916,stay
0.74783,0.5,0.0,-0.24783,0.0,stay
0.62843,0.5,0.0,-0.12843,0.0,stay
0.56783,0.52524,0.65169,-0.0426,0.7228,right
0.39287,0.4915,0.72418,0.09863,0.94824,left
0.34963,0.05949,0.87204,-0.29014,0.95813,stay
0.77549,0.72248,0.41257,-0.053,0.56102,right
0.8642,0.80149,0.09729,-0.0627,0.7784,right
0.23322,0.8073,0.46385,0.57408,0.63614,stay
0.22191,0.36305,0.44609,0.14115,0.88621,left
0.70321,0.61424,0.86574,-0.08897,0.87609,right
0.6609,0.25566,0.15577,-0.40524,0.92966,stay
0.43722,0.78779,0.9227,0.35057,0.77741,stay
0.81126,0.57986,0.02879,-0.2314,0.52925,stay
0.30356,0.46328,0.958,0.15972,0.93671,left
0.46406,0.67786,0.01182,0.21379,0.55013,left
0.89039,0.87048,0.93325,-0.01991,0.58606,right
0.87145,0.22549,0.10067,-0.64595,0.8834,stay
0.63288,0.11529,0.47978,-0.51759,0.60376,stay
0.13754,0.32177,0.64442,0.18423,0.8669,left
0.90678,0.37156,0.27852,-0.53522,0.70374,stay
0.64154,0.94418,0.29012,0.30264,0.65112,stay
0.65609,0.13898,0.38258,-0.51712,0.48957,stay
0.52045,0.09111,0.49342,-0.42934,0.74257,stay
0.24587,0.5,0.0,0.25413,0.0,stay
0.60726,0.26104,0.29511,-0.34622,0.66484,stay
0.6302,0.94873,0.0903,0.31853,0.76863,stay
0.26244,0.56671,0.50025,0.30428,0.49877,stay
0.76277,0.70264,0.74253,-0.06013,0.59331,right
0.91623,0.72097,0.11935,-0.19525,0.45316,right
0.2795,0.34045,0.07907,0.06095,0.68638,left
0.92622,0.12276,0.21402,-0.80346,0.71739,stay
0.21809,0.04381,0.97778,-0.17428,0.74538,right
0.18734,0.75661,0.20614,0.56927,0.5335,stay
0.83633,0.59803,0.10414,-0.23829,0.45874,stay
0.20668,0.54071,0.1963,0.33403,0.59259,stay
0.19341,0.96621,0.46682,0.7728,0.93107,stay
0.19197,0.81372,0.70354,0.62175,0.77866,stay
0.78115,0.76837,0.9047,-0.01278,0.80119,right
0.64132,0.88811,0.49438,0.24679,0.86938,stay
0.28362,0.96401,0.49058,0.68039,0.89755,stay
0.21768,0.46533,0.84668,0.24765,0.54107,stay
0.28472,0.10994,0.81277,-0.17479,0.7722,right
0.13914,0.39459,0.6334,0.25544,0.7386,stay
0.51568,0.44512,0.91733,-0.07056,0.69277,right
0.60902,0.93136,0.68255,0.32234,0.61293,stay
0.07154,0.18692,0.07301,0.11538,0.72349,left
0.67628,0.03598,0.84205,-0.64031,0.89573,stay
0.37835,0.05191,0.26229,-0.32645,0.52011,stay
0.43161,0.22006,0.04891,-0.21155,0.98241,right
0.49145,0.5,0.0,0.00855,0.0,stay
0.83082,0.5,0.0,-0.33082,0.0,stay
0.85958,0.33827,0.37477,-0.52131,0.51278,stay
0.86291,0.5,0.0,-0.36291,0.0,stay
0.50712,0.40402,0.12533,-0.1031,0.76317,right
0.64647,0.09934,0.83744,-0.54713,0.92617,stay
0.69695,0.34943,0.5545,-0.34752,0.53177,stay
0.90385,0.90996,0.60496,0.00611,0.6522,left
0.6084,0.81249,0.33061,0.20409,0.47484,left
0.09608,0.95954,0.21341,0.86346,0.80693,stay
0.24866,0.76438,0.80526,0.51572,0.44647,stay
0.13989,0.5,0.0,0.36011,0.0,stay
0.82251,0.12408,0.55048,-0.69843,0.44127,stay
0.12005,0.26649,0.97267,0.14644,0.55705,left
0.51205,0.50112,0.14134,-0.01094,0.98016,left
0.89396,0.66785,0.4315,-0.22612,0.66979,stay
0.18184,0.18493,0.87461,0.00309,0.6143,left
0.72526,0.7422,0.86627,0.01693,0.45412,left
0.14011,0.13657,0.97464,-0.00354,0.86776,right
0.44182,0.77009,0.54453,0.32827,0.56461,stay
0.8905,0.10058,0.92944,-0.78992,0.55148,stay
0.07203,0.16107,0.31672,0.08903,0.99416,left
0.17304,0.37587,0.7174,0.20283,0.99276,left
0.17747,0.49796,0.24437,0.32049,0.85238,stay
0.7644,0.17246,0.82171,-0.59194,0.90938,stay
0.66564,0.827,0.65374,0.16136,0.91918,left
0.87531,0.22571,0.36406,-0.6496,0.71777,stay
0.78466,0.89222,0.05591,0.10757,0.99794,left
0.24676,0.95029,0.42018,0.70353,0.74127,stay
0.45656,0.67113,0.832,0.21456,0.65706,left
0.13012,0.79724,0.38566,0.66712,0.62811,stay
0.37534,0.4343,0.47341,0.05896,0.46082,left
0.15165,0.8723,0.99422,0.72064,0.57152,stay
0.47319,0.5,0.0,0.02681,0.0,stay
0.72562,0.85327,0.71096,0.12764,0.53221,left
0.52051,0.04414,0.77301,-0.47637,0.86332,stay
0.17085,0.09744,0.01571,-0.07341,0.84116,right
0.52951,0.44324,0.36722,-0.08627,0.96673,right
0.78089,0.46415,0.22708,-0.31674,0.64851,stay
0.56974,0.58749,0.16403,0.01775,0.52484,right
0.63968,0.30197,0.11923,-0.33772,0.90902,stay
0.74966,0.21311,0.80577,-0.53655,0.78022,stay
0.32518,0.61703,0.40327,0.29186,0.57521,stay
0.28342,0.10045,0.74265,-0.18297,0.51902,right
0.56652,0.70941,0.2284,0.14289,0.72003,left
0.63866,0.14337,0.49085,-0.49529,0.67644,stay
0.37917,0.59614,0.11697,0.21697,0.65707,left
0.68289,0.5,0.0,-0.18289,0.0,stay
0.42355,0.1988,0.61774,-0.22474,0.67628,stay
0.76036,0.50621,0.62857,-0.25415,0.7156,stay
0.31206,0.40416,0.30455,0.0921,0.90174,left
0.43028,0.05104,0.95036,-0.37924,0.57641,stay
0.49988,0.60218,0.11517,0.1023,0.65676,left
0.68622,0.81129,0.76692,0.12507,0.73645,left
0.57904,0.5,0.0,-0.07904,0.0,stay
0.67285,0.03338,0.1737,-0.63947,0.71822,stay
0.32804,0.5,0.0,0.17196,0.0,stay
0.30809,0.17653,0.88116,-0.13156,0.44831,right
0.40877,0.74764,0.08998,0.33886,0.52227,stay
0.71493,0.66185,0.60297,-0.05309,0.53005,right
0.32837,0.31726,0.13357,-0.01111,0.90699,left
0.69021,0.81948,0.56049,0.12927,0.70935,left
0.86241,0.88478,0.6733,0.02237,0.43237,left
0.6217,0.58774,0.67912,-0.03396,0.9869,right
0.58378,0.65025,0.87936,0.06647,0.94436,left
0.67261,0.31783,0.58156,-0.35477,0.69976,stay
0.72441,0.5,0.0,-0.22441,0.0,stay
0.14982,0.18475,0.20389,0.03493,0.5732,right
0.76885,0.6619,0.15893,-0.10695,0.44031,right
0.8044,0.60016,0.37296,-0.20424,0.83097,right
0.5074,0.7964,0.8514,0.289,0.98319,stay
0.81514,0.5,0.0,-0.31514,0.0,stay
0.70553,0.92771,0.86498,0.22218,0.71137,stay
0.57983,0.5,0.0,-0.07983,0.0,stay
0.70607,0.11442,0.30748,-0.59165,0.96626,stay
0.45762,0.0335,0.35542,-0.42412,0.99297,stay
0.22725,0.49886,0.56941,0.27161,0.79402,stay
0.4168,0.48768,0.94057,0.07088,0.43744,left
0.27623,0.3116,0.54194,0.03537,0.54128,left
0.15609,0.88751,0.20416,0.73142,0.78746,stay
0.44072,0.66511,0.90611,0.22439,0.88949,stay
0.13354,0.54868,0.52134,0.41514,0.86152,stay
0.19303,0.77372,0.0665,0.58069,0.73606,stay
0.76691,0.51857,0.60162,-0.24834,0.55662,stay
0.36529,0.32938,0.14156,-0.03591,0.83148,right
0.77757,0.23788,0.98012,-0.53969,0.98136,stay
0.27303,0.87342,0.94096,0.60039,0.89545,stay
0.6457,0.49112,0.57268,-0.15458,0.63411,right
0.29028,0.91046,0.64804,0.62018,0.7772,stay
0.75707,0.62872,0.18169,-0.12836,0.50107,right
0.14562,0.44509,0.259,0.29946,0.44987,stay
0.40372,0.90532,0.59465,0.5016,0.71659,stay
0.62802,0.4209,0.45603,-0.20711,0.87969,right
0.8989,0.36473,0.66668,-0.53417,0.97158,stay
0.87939,0.21651,0.78023,-0.66287,0.46504,stay
0.37198,0.20377,0.47716,-0.16821,0.4303,right
0.44299,0.31556,0.90212,-0.12743,0.95515,right
0.68982,0.29335,0.04471,-0.39647,0.63956,stay
0.94063,0.8156,0.02949,-0.12504,0.95943,right
0.69891,0.41118,0.21168,-0.28773,0.80269,stay
0.15662,0.40736,0.31096,0.25074,0.85407,stay
0.59998,0.68002,0.59497,0.08004,0.87877,left
0.41449,0.54693,0.50553,0.13244,0.74378,left
0.11551,0.87126,0.10233,0.75575,0.59399,stay
0.08544,0.85742,0.47281,0.77198,0.70182,stay
0.24011,0.43928,0.33959,0.19917,0.80281,left
0.76438,0.40258,0.14232,-0.36181,0.94329,stay
0.30079,0.08823,0.82741,-0.21256,0.95725,right
0.17012,0.04574,0.6249,-0.12438,0.69009,right
0.65449,0.90493,0.39078,0.25044,0.77567,stay
0.90793,0.25585,0.67104,-0.65207,0.93291,stay
0.45409,0.34543,0.08006,-0.10866,0.97772,right
0.37017,0.6086,0.32855,0.23843,0.63172,stay
0.41878,0.46301,0.50317,0.04423,0.49308,left
0.88993,0.85801,0.87927,-0.03192,0.64063,right
0.3506,0.60175,0.2289,0.25114,0.46061,stay
0.65032,0.91156,0.07767,0.26123,0.49114,stay
0.71403,0.96382,0.68674,0.24979,0.84133,stay
0.48049,0.53832,0.50248,0.05783,0.65442,left
0.75438,0.08828,0.80239,-0.6661,0.46123,stay
0.24952,0.60201,0.76784,0.35249,0.64041,stay
0.58936,0.27283,0.45411,-0.31653,0.58347,stay
0.70059,0.04075,0.65368,-0.65984,0.82488,stay
0.66102,0.15933,0.64057,-0.50169,0.54211,stay
0.29045,0.5,0.0,0.20955,0.0,stay
0.90868,0.84969,0.57052,-0.059,0.95927,right
0.58974,0.3935,0.21339,-0.19624,0.48721,right
0.34231,0.5,0.0,0.15769,0.0,stay
0.47889,0.33261,0.72155,-0.14629,0.601,right
0.13061,0.0576,0.90445,-0.07301,0.96951,right
0.59193,0.92467,0.84152,0.33274,0.43703,stay
0.79292,0.95002,0.66497,0.1571,0.94141,left
0.53459,0.95061,0.28461,0.41602,0.6153,stay
0.15364,0.8894,0.64561,0.73576,0.85894,stay
0.25745,0.5,0.0,0.24255,0.0,stay
0.38966,0.21963,0.2497,-0.17002,0.94799,right
0.72905,0.5,0.0,-0.22905,0.0,stay
0.68271,0.5,0.0,-0.18271,0.0,stay
0.69542,0.47396,0.92314,-0.22145,0.79485,stay
0.07369,0.5,0.0,0.42631,0.0,stay
0.45479,0.5,0.0,0.04521,0.0,stay
0.24301,0.40653,0.33844,0.16351,0.74383,left
0.59011,0.13133,0.57046,-0.45878,0.69904,stay
0.46837,0.4378,0.97453,-0.03056,0.90649,right
0.73933,0.54674,0.11321,-0.19258,0.4951,right
0.37426,0.94659,0.89739,0.57233,0.64359,stay
0.11928,0.66845,0.85309,0.54917,0.76858,stay
0.27119,0.95691,0.49168,0.68572,0.7371,stay
0.48827,0.03597,0.17941,-0.4523,0.48081,stay
0.94536,0.55013,0.41599,-0.39523,0.92333,stay
0.68267,0.59295,0.30889,-0.08972,0.99449,right
0.7672,0.58208,0.76605,-0.18512,0.61819,right
0.31009,0.03106,0.96097,-0.27903,0.65292,stay
0.37027,0.87891,0.09595,0.50863,0.73624,stay
0.43551,0.20125,0.81154,-0.23426,0.49196,stay
0.63642,0.26841,0.85498,-0.368,0.67143,stay
0.32069,0.84899,0.7288,0.5283,0.99819,stay
0.18887,0.37191,0.81916,0.18305,0.5001,left
0.23712,0.5,0.0,0.26288,0.0,stay
0.53458,0.23042,0.77051,-0.30415,0.87086,stay
0.21246,0.05261,0.5279,-0.15984,0.64775,right
0.34462,0.45742,0.3375,0.1128,0.93139,left
0.40998,0.40622,0.92347,-0.00376,0.85657,right
0.07535,0.71638,0.55802,0.64103,0.51608,stay
0.60444,0.29082,0.30991,-0.31362,0.72144,stay
0.56753,0.13232,0.29224,-0.4352,0.56187,stay
0.18257,0.44283,0.10446,0.26026,0.6543,stay
0.36699,0.53992,0.52317,0.17293,0.8661,left
0.42707,0.23564,0.63401,-0.19143,0.64821,right
0.57701,0.54125,0.94148,-0.03576,0.46873,right
0.56924,0.39849,0.76217,-0.17075,0.9525,right
0.8448,0.87969,0.54559,0.0349,0.90572,left
0.28543,0.21133,0.28164,-0.0741,0.47748,right
0.71265,0.6883,0.40606,-0.02436,0.94052,right
0.44527,0.5,0.0,0.05473,0.0,stay
0.57472,0.96507,0.81601,0.39035,0.62561,stay
0.73439,0.5,0.0,-0.23439,0.0,stay
0.27168,0.15456,0.36181,-0.11712,0.64152,right
0.58995,0.5,0.0,-0.08995,0.0,stay
0.93466,0.59002,0.51761,-0.34464,0.99624,stay
0.66163,0.59924,0.57685,-0.06239,0.80042,right
0.58189,0.17039,0.60811,-0.4115,0.88583,stay
0.35846,0.71425,0.37212,0.35578,0.69729,stay
0.74748,0.89529,0.87282,0.14781,0.84943,left
0.84772,0.80393,0.8217,-0.04379,0.75098,right
0.07002,0.5,0.0,0.42998,0.0,stay
0.09234,0.04704,0.88091,-0.0453,0.63352,right
0.82876,0.14034,0.81189,-0.68842,0.54963,stay
0.4838,0.74621,0.4274,0.26241,0.47744,stay
0.58222,0.67575,0.66487,0.09352,0.98431,left
0.83741,0.72289,0.08015,-0.11452,0.76379,right
0.63241,0.37558,0.22067,-0.25683,0.71385,stay
0.21107,0.74901,0.33753,0.53793,0.71526,stay
0.47288,0.94287,0.046,0.46998,0.80587,stay
0.06436,0.86758,0.41774,0.80322,0.52636,stay
0.22447,0.70509,0.18768,0.48062,0.79921,stay
0.78467,0.90139,0.70469,0.11672,0.65428,left
0.58566,0.29229,0.47222,-0.29337,0.49587,stay
0.75354,0.23874,0.35404,-0.51481,0.50365,stay
0.77629,0.31079,0.97127,-0.4655,0.57262,stay
0.69966,0.5,0.0,-0.19966,0.0,stay
0.24602,0.21221,0.84828,-0.03381,0.60485,right
0.47622,0.93127,0.83252,0.45506,0.89833,stay
0.44375,0.30703,0.69704,-0.13672,0.53817,right
0.79697,0.04293,0.10695,-0.75404,0.54761,stay
0.42789,0.09235,0.96873,-0.33555,0.69473,stay
0.65527,0.85942,0.28061,0.20416,0.55445,left
0.67505,0.7171,0.47357,0.04205,0.56885,left
0.79172,0.63709,0.95773,-0.15463,0.77062,right
0.8401,0.27829,0.65479,-0.56182,0.75605,stay
0.09088,0.40155,0.59932,0.31067,0.43438,stay
0.49613,0.57394,0.73108,0.07781,0.99945,left
0.34809,0.72681,0.36138,0.37872,0.87392,stay
0.70366,0.55099,0.45237,-0.15267,0.88744,right
0.84348,0.5086,0.82904,-0.33488,0.65639,stay
0.76199,0.53468,0.62911,-0.22731,0.86372,stay
0.23299,0.11476,0.24473,-0.11823,0.82029,right
0.54628,0.29351,0.60855,-0.25277,0.76757,stay
0.71724,0.17313,0.2351,-0.54411,0.82074,stay
0.80665,0.96353,0.2248,0.15688,0.59085,left
0.70859,0.79174,0.85178,0.08316,0.60699,left
0.58271,0.08855,0.66244,-0.49416,0.5045,stay
0.76984,0.70146,0.32489,-0.06838,0.8657,right
0.92583,0.60234,0.2393,-0.32349,0.52028,stay
0.17828,0.14275,0.80426,-0.03553,0.57471,right
0.80736,0.31987,0.42853,-0.48749,0.46197,stay
0.88774,0.81883,0.64996,-0.06892,0.88109,right
0.27026,0.2744,0.29529,0.00414,0.68346,right
0.82325,0.43876,0.81606,-0.38449,0.66866,stay
0.49909,0.79045,0.01495,0.29136,0.5882,stay
0.64757,0.5,0.0,-0.14757,0.0,stay
0.72433,0.5,0.0,-0.22433,0.0,stay
0.21653,0.84061,0.18886,0.62409,0.7096,stay
0.36071,0.76247,0.58346,0.40175,0.89939,stay
0.89656,0.89694,0.25138,0.00038,0.83087,left
0.11738,0.69584,0.66812,0.57846,0.54899,stay
0.40671,0.23119,0.43011,-0.17552,0.56401,right
0.84752,0.57113,0.71835,-0.27639,0.64887,stay
0.27411,0.80401,0.53459,0.5299,0.4308,stay
0.88107,0.48075,0.31157,-0.40032,0.63666,stay
0.65719,0.8647,0.11097,0.20751,0.63839,left
0.17668,0.93851,0.86014,0.76183,0.8428,stay
0.64265,0.13509,0.14091,-0.50757,0.96019,stay
0.6457,0.45548,0.26558,-0.19021,0.95835,right
0.08772,0.90737,0.51538,0.81965,0.9938,stay
0.74042,0.581,0.98777,-0.15942,0.63656,right
0.07793,0.26245,0.83923,0.18452,0.78416,left
0.76805,0.73774,0.76979,-0.03031,0.67094,right
0.09176,0.25963,0.63721,0.16787,0.97667,left
0.23371,0.79284,0.49571,0.55912,0.51681,stay
0.76684,0.70527,0.12354,-0.06157,0.49507,right
0.41016,0.1635,0.46812,-0.24666,0.87276,stay
0.61287,0.74439,0.20356,0.13152,0.74306,left
0.40036,0.6215,0.52939,0.22113,0.59153,stay
0.89645,0.67163,0.99821,-0.22481,0.93899,stay
0.35426,0.55752,0.69874,0.20326,0.82883,left
0.43213,0.40022,0.07166,-0.03191,0.70834,left
0.54093,0.33194,0.08007,-0.20899,0.80672,right
0.38242,0.72753,0.02464,0.34511,0.44672,stay
0.32248,0.61584,0.76017,0.29336,0.80682,stay
0.93224,0.10404,0.92744,-0.8282,0.85708,stay
0.33757,0.5,0.0,0.16243,0.0,stay
0.58273,0.5,0.0,-0.08273,0.0,stay
0.71099,0.56139,0.97423,-0.1496,0.87494,right
0.57736,0.19996,0.44634,-0.3774,0.8307,stay
0.7512,0.13037,0.18475,-0.62083,0.8646,stay
0.67735,0.69438,0.16074,0.01703,0.97981,left
0.66517,0.725,0.84674,0.05983,0.88004,left
0.74329,0.6139,0.46709,-0.12939,0.68342,right
0.09979,0.87272,0.3139,0.77292,0.59985,stay
0.91595,0.42854,0.50868,-0.48741,0.84655,stay
0.40591,0.86443,0.78097,0.45852,0.9651,stay
0.42686,0.68856,0.05419,0.2617,0.656,stay
0.40183,0.23529,0.52572,-0.16654,0.96545,right
0.80409,0.84976,0.90888,0.04567,0.56957,left
0.31367,0.57922,0.02795,0.26555,0.59531,stay
0.42966,0.5732,0.6935,0.14355,0.85652,left
0.64662,0.5,0.0,-0.14662,0.0,stay
0.44896,0.22304,0.02285,-0.22592,0.51867,stay
0.77116,0.11338,0.26536,-0.65778,0.91766,stay
0.6184,0.5,0.0,-0.1184,0.0,stay
0.77979,0.5,0.0,-0.27979,0.0,stay
0.27211,0.41057,0.04183,0.13847,0.84914,left
0.31477,0.37707,0.54889,0.0623,0.46028,left
0.43342,0.06801,0.34174,-0.3654,0.69421,stay
0.86729,0.9047,0.3742,0.03741,0.90018,left
0.42406,0.46658,0.34019,0.04252,0.51189,right
0.28652,0.94208,0.19844,0.65556,0.6887,stay
0.35061,0.52061,0.82132,0.17,0.7062,left
0.72426,0.51068,0.9117,-0.21358,0.49421,right
0.80739,0.79822,0.82825,-0.00917,0.49952,right
0.40731,0.7491,0.08325,0.34179,0.5796,stay
0.09226,0.89528,0.99864,0.80302,0.81897,stay
0.07288,0.84548,0.85419,0.7726,0.54889,stay
0.27312,0.91301,0.49075,0.6399,0.49869,stay
0.93035,0.17376,0.76448,-0.75659,0.95175,stay
0.1059,0.4239,0.75757,0.318,0.86422,stay
0.09237,0.58097,0.21945,0.4886,0.87422,stay
0.12063,0.08257,0.7709,-0.03806,0.62832,right
0.46306,0.2196,0.99109,-0.24346,0.68407,stay
0.21878,0.60193,0.85988,0.38315,0.94227,stay
0.92951,0.91896,0.48758,-0.01055,0.61195,right
0.51793,0.78812,0.68686,0.27019,0.96595,stay
0.58905,0.48929,0.11187,-0.09976,0.6369,right
0.3732,0.54185,0.48468,0.16865,0.95023,left
0.44833,0.10797,0.07318,-0.34036,0.90155,stay
0.63514,0.41527,0.34312,-0.21987,0.57214,right
0.49213,0.91368,0.73344,0.42155,0.99047,stay
0.13764,0.41285,0.74145,0.27521,0.48757,stay
0.60525,0.73217,0.06734,0.12693,0.88167,left
0.26191,0.22776,0.89025,-0.03415,0.95206,right
0.51723,0.95504,0.03637,0.43781,0.95484,stay
0.15994,0.82715,0.45472,0.66721,0.80778,stay
0.58443,0.52372,0.87578,-0.06071,0.87854,right
0.29555,0.96539,0.65669,0.66984,0.80586,stay
0.46648,0.53648,0.66033,0.07,0.80767,left
0.47085,0.21599,0.43387,-0.25486,0.83248,stay
0.81613,0.2105,0.28025,-0.60563,0.72665,stay
0.50548,0.06232,0.74009,-0.44316,0.93658,stay
0.34352,0.12218,0.73775,-0.22134,0.92584,stay
0.41119,0.89412,0.90662,0.48292,0.92905,stay
0.73588,0.82001,0.48738,0.08413,0.71819,left
0.61869,0.77654,0.97953,0.15785,0.43816,left
0.7379,0.59292,0.30608,-0.14498,0.99161,right
0.74911,0.89594,0.979,0.14683,0.44935,left
0.79871,0.33668,0.45276,-0.46203,0.56316,stay
0.73373,0.48671,0.5363,-0.24702,0.43439,stay
0.33395,0.53373,0.20826,0.19978,0.82073,left
0.24988,0.57207,0.05415,0.32218,0.88558,stay
0.55223,0.51884,0.63528,-0.03339,0.49744,right
0.70185,0.41043,0.9521,-0.29142,0.6012,stay
0.92926,0.5,0.0,-0.42926,0.0,stay
0.55976,0.52183,0.21562,-0.03793,0.52404,right
0.43947,0.05906,0.06633,-0.38041,0.47836,stay
0.54463,0.71257,0.55911,0.16794,0.76227,left
0.60678,0.905,0.99697,0.29822,0.78633,stay
0.12615,0.14723,0.29858,0.02108,0.98078,left
0.34187,0.73505,0.81914,0.39318,0.87257,stay
0.76829,0.32375,0.05277,-0.44454,0.62582,stay
0.34722,0.82293,0.95164,0.47571,0.46194,stay
0.57905,0.86873,0.80116,0.28968,0.83859,stay
0.8181,0.25516,0.4532,-0.56295,0.98908,stay
0.52753,0.06617,0.50208,-0.46136,0.91462,stay
0.29158,0.39444,0.25313,0.10286,0.97987,left
0.32994,0.5,0.0,0.17006,0.0,stay
0.68658,0.43936,0.7338,-0.24722,0.98032,stay
0.87545,0.04162,0.70041,-0.83382,0.76492,stay
0.29424,0.11472,0.82616,-0.17952,0.80565,right
0.69685,0.26555,0.91771,-0.43131,0.56654,stay
0.65964,0.89176,0.11097,0.23212,0.96297,stay
0.09665,0.25231,0.39623,0.15566,0.56606,left
0.82533,0.87207,0.02301,0.04674,0.50326,left
0.43726,0.38418,0.18421,-0.05308,0.62409,right
0.18379,0.80685,0.89206,0.62306,0.77936,stay
0.64945,0.11227,0.16522,-0.53718,0.60657,stay
0.42192,0.20633,0.36178,-0.2156,0.86117,right
0.17455,0.63837,0.32866,0.46381,0.93988,stay
0.40054,0.5,0.0,0.09946,0.0,stay
0.73496,0.42294,0.56782,-0.31202,0.5901,stay
0.14566,0.5,0.0,0.35434,0.0,stay
0.92356,0.64816,0.37895,-0.2754,0.876,stay
0.5463,0.9261,0.44044,0.37979,0.57706,stay
0.7179,0.62363,0.32653,-0.09427,0.51869,right
0.91592,0.90048,0.87674,-0.01544,0.43528,right
0.45672,0.92368,0.21614,0.46697,0.60232,stay
0.67961,0.56414,0.59443,-0.11547,0.86395,right
0.76415,0.34346,0.80214,-0.42069,0.80275,stay
0.71473,0.59465,0.80949,-0.12009,0.89401,right
0.54722,0.20738,0.76048,-0.33984,0.93206,stay
0.3875,0.39813,0.71704,0.01063,0.96152,left
0.67442,0.1346,0.45006,-0.53981,0.44297,stay
0.90223,0.87562,0.65443,-0.02662,0.55668,right
0.94408,0.94514,0.12555,0.00106,0.60853,right
0.81368,0.69065,0.69484,-0.12303,0.7834,right
0.68698,0.37448,0.58938,-0.31251,0.68061,stay
0.48473,0.5,0.0,0.01527,0.0,stay
0.29822,0.92639,0.19354,0.62817,0.77671,stay
0.11196,0.38552,0.13221,0.27356,0.43944,stay
0.9353,0.5,0.0,-0.4353,0.0,stay
0.20922,0.82989,0.08282,0.62067,0.90542,stay
0.88571,0.73726,0.8074,-0.14845,0.74538,right
0.37362,0.38505,0.47071,0.01143,0.67094,left
0.43996,0.17909,0.78139,-0.26088,0.9052,stay
0.81015,0.92312,0.79336,0.11297,0.69741,left
0.39947,0.5,0.0,0.10053,0.0,stay
0.16199,0.38397,0.55068,0.22198,0.65406,stay
0.79265,0.95077,0.31776,0.15812,0.6966,left
0.74067,0.2669,0.31145,-0.47377,0.62259,stay
0.59555,0.12975,0.23167,-0.4658,0.58882,stay
0.50819,0.22668,0.97186,-0.28151,0.60748,stay
0.27493,0.08347,0.05665,-0.19146,0.67998,right
0.45338,0.27194,0.70199,-0.18144,0.53355,right
0.63151,0.1152,0.94576,-0.51631,0.88196,stay
0.80304,0.93545,0.42167,0.13241,0.79369,left
0.4906,0.13159,0.43717,-0.35901,0.60849,stay
0.38107,0.5,0.0,0.11893,0.0,stay
0.64264,0.39506,0.36201,-0.24758,0.97208,stay
0.92514,0.6338,0.44997,-0.29134,0.81766,stay
0.47966,0.03439,0.53378,-0.44527,0.84648,stay
0.05235,0.79219,0.68921,0.73984,0.84874,stay
0.57485,0.29829,0.44081,-0.27656,0.80086,stay
0.77218,0.84612,0.05956,0.07394,0.5142,left
0.82421,0.19792,0.95835,-0.62629,0.66087,stay
0.75948,0.32527,0.46887,-0.43421,0.71907,stay
0.52575,0.41301,0.21196,-0.11274,0.79773,right
0.83419,0.23955,0.66003,-0.59464,0.65713,stay
0.46137,0.56036,0.01102,0.09898,0.60257,left
0.3356,0.5502,0.22795,0.2146,0.97247,left
0.73056,0.94978,0.463,0.21922,0.83988,left
0.45791,0.74764,0.1806,0.28973,0.4406,stay
0.87507,0.32162,0.65605,-0.55345,0.80742,stay
0.26512,0.72051,0.95259,0.45539,0.61896,stay
0.20365,0.78496,0.48719,0.58131,0.85693,stay
0.48976,0.71014,0.73959,0.22039,0.69267,stay
0.7168,0.25493,0.05077,-0.46188,0.94595,stay
0.90252,0.14031,0.71858,-0.76221,0.67804,stay
0.92622,0.26378,0.44601,-0.66244,0.45725,stay
0.45787,0.27704,0.43986,-0.18084,0.85463,right
0.19842,0.78716,0.23726,0.58875,0.44642,stay
0.061,0.32988,0.57468,0.26888,0.64887,stay
0.8992,0.15795,0.77015,-0.74125,0.49211,stay
0.10754,0.81692,0.53898,0.70938,0.89673,stay
0.63251,0.11059,0.46888,-0.52192,0.92672,stay
0.68423,0.16315,0.11092,-0.52107,0.72999,stay
0.15448,0.18457,0.132,0.03009,0.98791,left
0.6994,0.88131,0.11168,0.18191,0.56623,left
0.13718,0.22204,0.47374,0.08486,0.90465,left
0.24747,0.82571,0.79739,0.57824,0.63224,stay
0.48446,0.05913,0.94244,-0.42533,0.52405,stay
0.17974,0.726,0.4953,0.54626,0.55742,stay
0.37657,0.79352,0.12205,0.41695,0.92416,stay
0.81315,0.57733,0.00269,-0.23582,0.75549,stay
0.68421,0.8678,0.62947,0.18359,0.82337,left
0.4395,0.5,0.0,0.0605,0.0,stay
0.679,0.95736,0.86189,0.27836,0.44169,stay
0.09366,0.036,0.13749,-0.05766,0.7895,left
0.84276,0.72162,0.05481,-0.12115,0.96883,right
0.59507,0.15893,0.83065,-0.43614,0.4898,stay
0.1459,0.5,0.0,0.3541,0.0,stay
0.85247,0.5,0.0,-0.35247,0.0,stay
0.60776,0.8207,0.14778,0.21293,0.81801,left
0.06954,0.5,0.0,0.43046,0.0,stay
0.64519,0.5,0.0,-0.14519,0.0,stay
0.86137,0.56824,0.1031,-0.29313,0.66079,stay
0.52269,0.5,0.0,-0.02269,0.0,stay
0.79859,0.76702,0.94401,-0.03157,0.81116,right
0.10344,0.6111,0.72939,0.50766,0.99391,stay
0.86575,0.90404,0.26264,0.03829,0.69763,right
0.15431,0.83017,0.89029,0.67586,0.43551,stay
0.49487,0.65055,0.09053,0.15569,0.89571,left
0.05701,0.58747,0.67391,0.53046,0.68851,stay
0.56895,0.5,0.0,-0.06895,0.0,stay
0.37031,0.22308,0.48925,-0.14722,0.78535,right
0.1197,0.87499,0.29177,0.75529,0.49254,stay
0.77003,0.72423,0.47299,-0.0458,0.43555,right
0.8556,0.20085,0.00054,-0.65475,0.80645,stay
0.8153,0.23124,0.26516,-0.58407,0.59947,stay
0.4824,0.49971,0.76341,0.01731,0.60868,left
0.68103,0.50219,0.18119,-0.17884,0.99575,right
0.83131,0.8643,0.4755,0.033,0.45654,left
0.38932,0.80179,0.61793,0.41247,0.99604,stay
0.30917,0.49452,0.1302,0.18535,0.91811,left
0.81595,0.46994,0.19281,-0.34601,0.49421,stay
0.05578,0.37904,0.76475,0.32326,0.93283,stay
0.38409,0.90824,0.7114,0.52415,0.72407,stay
0.56289,0.67652,0.44755,0.11363,0.65634,left
0.39903,0.26926,0.22031,-0.12977,0.68901,right
0.21792,0.07194,0.43974,-0.14598,0.58014,right
0.68388,0.61903,0.54455,-0.06485,0.98599,right
0.94742,0.35534,0.99039,-0.59208,0.9191,stay
0.79224,0.34644,0.60876,-0.4458,0.49143,stay
0.58328,0.61872,0.3343,0.03544,0.57273,left
0.17554,0.68915,0.10718,0.51361,0.49623,stay
0.34262,0.29027,0.65612,-0.05235,0.97275,right
0.71113,0.77821,0.79976,0.06709,0.91138,left
0.72476,0.5,0.0,-0.22476,0.0,stay
0.50776,0.50416,0.94936,-0.0036,0.58349,right
0.57509,0.23882,0.93567,-0.33627,0.58842,stay
0.48474,0.44363,0.21099,-0.04111,0.89593,right
0.29776,0.55759,0.3088,0.25983,0.68082,stay
0.51099,0.62175,0.64727,0.11076,0.59163,left
0.31987,0.07,0.41037,-0.24987,0.93149,stay
0.34037,0.0778,0.93238,-0.26256,0.7809,stay
0.54274,0.38291,0.9426,-0.15983,0.71986,right
0.26847,0.49528,0.59108,0.22681,0.80941,stay
0.46284,0.18542,0.00084,-0.27742,0.51407,stay
0.61449,0.34574,0.72118,-0.26876,0.44443,stay
0.29314,0.86312,0.89914,0.56998,0.7434,stay
0.3986,0.15822,0.71982,-0.24038,0.79025,stay
0.08387,0.5,0.0,0.41613,0.0,stay
0.18566,0.12706,0.47482,-0.0586,0.51929,right
0.33876,0.0564,0.96965,-0.28236,0.7357,stay
0.68473,0.79462,0.89764,0.10989,0.91949,left
0.51093,0.40009,0.36167,-0.11084,0.60282,right
0.88124,0.16555,0.27705,-0.71569,0.97271,stay
0.05271,0.23483,0.07303,0.18211,0.67151,left
0.78483,0.73175,0.57125,-0.05308,0.96488,right
0.85668,0.04394,0.19166,-0.81274,0.89146,stay
0.25551,0.70434,0.17743,0.44883,0.98825,stay
0.36964,0.3718,0.77237,0.00216,0.72813,left
0.66857,0.91697,0.60398,0.2484,0.51253,stay
0.61018,0.30886,0.76395,-0.30132,0.53253,stay
0.4776,0.41317,0.00042,-0.06442,0.53635,right
0.8802,0.51564,0.40546,-0.36456,0.98247,stay
0.3942,0.22732,0.85844,-0.16688,0.9055,right
0.78037,0.95326,0.6784,0.17289,0.61481,left
0.23008,0.90659,0.6049,0.67651,0.697,stay
0.93494,0.26063,0.22583,-0.67431,0.7993,stay
0.62149,0.64107,0.13735,0.01958,0.82669,left
0.14382,0.88301,0.90367,0.73919,0.44709,stay
0.30504,0.5,0.0,0.19496,0.0,stay
0.1494,0.08635,0.37298,-0.06305,0.78738,right
0.52556,0.8882,0.51226,0.36265,0.43923,stay
0.51597,0.50895,0.74784,-0.00702,0.59846,right
0.5596,0.89321,0.34222,0.33361,0.67411,stay
0.58427,0.5,0.0,-0.08427,0.0,stay
0.32721,0.48733,0.9978,0.16012,0.95887,left
0.06544,0.55487,0.95762,0.48943,0.95492,stay
0.43601,0.27455,0.08906,-0.16146,0.63971,right
0.28535,0.74533,0.39491,0.45998,0.93479,stay
0.35642,0.07296,0.38792,-0.28346,0.44896,stay
0.30407,0.60811,0.24978,0.30404,0.57288,stay
0.88406,0.84663,0.82013,-0.03743,0.43783,right
0.28759,0.48922,0.90534,0.20163,0.91228,left
0.09745,0.5,0.0,0.40255,0.0,stay
0.68515,0.5,0.0,-0.18515,0.0,stay
0.78005,0.85874,0.91341,0.0787,0.58067,left
0.19219,0.45913,0.99184,0.26694,0.67385,stay
0.1074,0.36315,0.95473,0.25575,0.58737,stay
0.63376,0.64076,0.43579,0.00699,0.78685,left
0.73242,0.24205,0.45129,-0.49037,0.88554,stay
0.15481,0.87827,0.73878,0.72346,0.6838,stay
0.62187,0.14644,0.03056,-0.47543,0.64231,stay
0.77088,0.5,0.0,-0.27088,0.0,stay
0.36323,0.29794,0.84351,-0.06529,0.96909,right
0.20275,0.21013,0.8326,0.00738,0.73717,left
0.59499,0.7781,0.34157,0.18311,0.49724,left
0.72528,0.23264,0.77507,-0.49264,0.8577,stay
0.70213,0.85358,0.6386,0.15144,0.54727,left
0.40277,0.5,0.0,0.09723,0.0,stay
0.33341,0.93106,0.57859,0.59765,0.9833,stay
0.3304,0.87502,0.16155,0.54463,0.94976,stay
0.65943,0.5,0.0,-0.15943,0.0,stay
0.56516,0.5875,0.92336,0.02234,0.93434,left
0.34457,0.54991,0.00797,0.20534,0.54438,left
0.17214,0.5,0.0,0.32786,0.0,stay
0.49873,0.46641,0.32182,-0.03232,0.64311,right
0.49541,0.61957,0.55957,0.12416,0.65571,left
0.27838,0.0579,0.1205,-0.22048,0.43312,stay
0.17528,0.09847,0.46099,-0.07681,0.6213,right
0.87907,0.57894,0.0366,-0.30012,0.55513,stay
0.70165,0.31727,0.79971,-0.38439,0.63587,stay
0.94675,0.25418,0.38877,-0.69257,0.88186,stay
0.34212,0.91202,0.25017,0.5699,0.67689,stay
0.51221,0.5,0.0,-0.01221,0.0,stay
0.58289,0.81074,0.24285,0.22785,0.8274,stay
0.90958,0.28221,0.73307,-0.62737,0.64239,stay
0.22931,0.11645,0.70808,-0.11286,0.8016,right
0.60033,0.33516,0.05726,-0.26518,0.89508,stay
0.91211,0.06056,0.3977,-0.85155,0.95989,stay
0.89839,0.84271,0.74741,-0.05568,0.85072,right
0.42074,0.08306,0.24423,-0.33767,0.56373,stay
0.3758,0.96749,0.13833,0.59169,0.7113,stay
0.5094,0.75826,0.44693,0.24886,0.47469,stay
0.16271,0.68926,0.54954,0.52654,0.49588,stay
0.30748,0.21912,0.16209,-0.08836,0.89389,right
0.70342,0.74719,0.41165,0.04377,0.50412,left
0.66622,0.84804,0.97154,0.18182,0.52435,left
0.58548,0.60869,0.06311,0.02321,0.54551,right
0.20919,0.46372,0.64138,0.25453,0.8881,stay
0.20516,0.84492,0.92415,0.63976,0.83566,stay
0.52868,0.5,0.0,-0.02868,0.0,stay
0.42828,0.5,0.0,0.07172,0.0,stay
0.81917,0.81258,0.16425,-0.0066,0.85883,left
0.24421,0.5,0.0,0.25579,0.0,stay
0.08007,0.04887,0.26113,-0.0312,0.48969,right
0.10408,0.22523,0.01504,0.12115,0.66529,left
0.08832,0.39497,0.57002,0.30665,0.71641,stay
0.86022,0.34866,0.04582,-0.51156,0.81215,stay
0.54387,0.8523,0.16805,0.30843,0.68438,stay
0.56189,0.16812,0.56534,-0.39377,0.59781,stay
0.5364,0.07205,0.2347,-0.46435,0.49222,stay
0.84646,0.76324,0.44858,-0.08322,0.51357,right
0.31179,0.17106,0.59123,-0.14073,0.49055,right
0.776,0.5,0.0,-0.276,0.0,stay
0.8659,0.5,0.0,-0.3659,0.0,stay
0.76215,0.28964,0.14308,-0.47252,0.91323,stay
0.44127,0.695,0.26214,0.25374,0.91993,stay
0.3784,0.09818,0.70454,-0.28022,0.80742,stay
0.73318,0.5,0.0,-0.23318,0.0,stay
0.75125,0.71135,0.55954,-0.0399,0.99586,right
0.42357,0.87425,0.44042,0.45069,0.91844,stay
0.53164,0.70973,0.93667,0.17809,0.95054,left
0.68611,0.20212,0.98625,-0.48399,0.88513,stay
0.75599,0.8419,0.01234,0.0859,0.66587,left
0.3473,0.83914,0.32476,0.49185,0.70788,stay
0.85271,0.4604,0.08017,-0.39231,0.94183,stay
0.86658,0.70754,0.41787,-0.15904,0.86939,right
0.17338,0.2684,0.4346,0.09502,0.52023,left
0.74252,0.75626,0.23338,0.01374,0.48155,left
0.39059,0.08381,0.35603,-0.30679,0.61825,stay
0.60838,0.45441,0.67223,-0.15397,0.66467,right
0.41232,0.80323,0.91946,0.39091,0.6805,stay
0.75617,0.40206,0.93962,-0.35411,0.87585,stay
0.31588,0.23579,0.96292,-0.08008,0.94119,right
0.29307,0.78971,0.53817,0.49663,0.70559,stay
0.28372,0.76785,0.1108,0.48413,0.96987,stay
0.50448,0.52902,0.88959,0.02453,0.99637,left
0.30692,0.53503,0.76535,0.22811,0.84665,stay
0.07675,0.72353,0.83031,0.64678,0.71394,stay
0.63908,0.28797,0.64573,-0.3511,0.70207,stay
0.56762,0.07221,0.4953,-0.49541,0.57827,stay
0.10266,0.3305,0.87832,0.22784,0.50723,stay
0.09277,0.038,0.78087,-0.05477,0.87955,right
0.8075,0.5072,0.19891,-0.3003,0.64313,stay
0.70388,0.8781,0.90874,0.17422,0.66443,left
0.46385,0.81712,0.85968,0.35327,0.5328,stay
0.20161,0.66111,0.01121,0.4595,0.58575,stay
0.17962,0.25843,0.44471,0.07882,0.84675,left
0.65082,0.75391,0.25734,0.10309,0.87502,left
0.45249,0.81515,0.49128,0.36267,0.79449,stay
0.51862,0.03346,0.45056,-0.48517,0.90453,stay
0.17194,0.03636,0.39569,-0.13558,0.90972,right
0.07925,0.76415,0.47696,0.6849,0.47426,stay
0.87551,0.92067,0.93444,0.04516,0.8071,left
0.94793,0.92644,0.65067,-0.02149,0.76261,right
0.32142,0.6732,0.80553,0.35178,0.88385,stay
0.39203,0.92001,0.50559,0.52798,0.55838,stay
0.42,0.44969,0.37506,0.02968,0.75761,right
0.72737,0.48229,0.72266,-0.24509,0.55341,stay
0.85832,0.7269,0.36356,-0.13143,0.44872,right
0.83024,0.73369,0.12733,-0.09655,0.78049,right
0.38735,0.09523,0.17239,-0.29213,0.79279,stay
0.3309,0.33368,0.62916,0.00278,0.45405,left
0.32934,0.5364,0.26387,0.20706,0.93671,left
0.61357,0.22258,0.87868,-0.39099,0.84988,stay
0.15143,0.5,0.0,0.34857,0.0,stay
0.2518,0.0945,0.95729,-0.1573,0.45295,right
0.27112,0.28712,0.28747,0.016,0.75684,left
0.17619,0.15058,0.73249,-0.02561,0.80191,right
0.45921,0.26508,0.69172,-0.19414,0.94708,right
0.21038,0.32924,0.88575,0.11886,0.86566,left
0.2392,0.70396,0.3869,0.46476,0.78651,stay
0.54325,0.69166,0.88052,0.14841,0.88918,left
0.67618,0.38136,0.4822,-0.29482,0.76075,stay
0.12815,0.26703,0.09205,0.13888,0.56987,left
0.91136,0.5,0.0,-0.41136,0.0,stay
0.71829,0.84425,0.35928,0.12596,0.61745,left
0.89127,0.5,0.0,-0.39127,0.0,stay
0.48603,0.5,0.0,0.01397,0.0,stay
0.63978,0.87254,0.97518,0.23276,0.80772,stay
0.2858,0.19979,0.07738,-0.08601,0.91144,right
0.62548,0.05351,0.27503,-0.57197,0.55723,stay
0.23788,0.44146,0.42338,0.20357,0.5558,left
0.25172,0.70949,0.35404,0.45778,0.87405,stay
0.9471,0.46494,0.50751,-0.48217,0.6511,stay
0.13206,0.72603,0.97867,0.59397,0.58375,stay
0.65609,0.20325,0.75837,-0.45284,0.99595,stay
0.1379,0.5,0.0,0.3621,0.0,stay
0.16101,0.60954,0.05233,0.44853,0.82866,stay
0.19351,0.5607,0.72919,0.36719,0.43555,stay
0.23173,0.80321,0.14788,0.57148,0.76918,stay
0.70625,0.36974,0.76509,-0.3365,0.5946,stay
0.83411,0.05563,0.15399,-0.77848,0.68971,stay
0.26698,0.12611,0.0531,-0.14087,0.92535,right
0.6447,0.81584,0.84759,0.17114,0.68297,left
0.29583,0.67375,0.45924,0.37793,0.62835,stay
0.74571,0.24833,0.49329,-0.49738,0.45752,stay
0.94612,0.88484,0.88215,-0.06128,0.60206,right
0.48082,0.89923,0.63157,0.41841,0.44698,stay
0.52266,0.68218,0.63483,0.15953,0.49061,left
0.92457,0.57223,0.01437,-0.35234,0.89385,stay
0.67588,0.83584,0.29395,0.15997,0.72622,left
0.45392,0.5,0.0,0.04608,0.0,stay
0.09669,0.25525,0.597,0.15856,0.5648,left
0.79634,0.5,0.0,-0.29634,0.0,stay
0.136,0.5829,0.39112,0.4469,0.90394,stay
0.67582,0.56155,0.6713,-0.11428,0.70683,right
0.69689,0.14067,0.11401,-0.55622,0.49057,stay
0.49459,0.1923,0.1421,-0.30229,0.71057,stay
0.94238,0.52767,0.76684,-0.41471,0.99978,stay
0.68711,0.68941,0.16383,0.0023,0.97322,right
0.61456,0.26116,0.58634,-0.3534,0.92711,stay
0.38742,0.31556,0.61926,-0.07186,0.95415,right
0.16413,0.5,0.0,0.33587,0.0,stay
0.20486,0.9417,0.65992,0.73684,0.58755,stay
0.71251,0.51372,0.5167,-0.19879,0.78297,right
0.06521,0.81518,0.40428,0.74997,0.53396,stay
0.50305,0.23717,0.01022,-0.26588,0.95034,stay
0.58803,0.5,0.0,-0.08803,0.0,stay
0.08277,0.1099,0.50994,0.02713,0.74662,left
0.17721,0.36662,0.44154,0.18941,0.44557,left
0.31465,0.5,0.0,0.18535,0.0,stay
0.70019,0.6204,0.15137,-0.07979,0.66467,right
0.07824,0.83188,0.25218,0.75364,0.53634,stay
0.37463,0.66225,0.90379,0.28762,0.67044,stay
0.79688,0.34154,0.36829,-0.45534,0.83198,stay
0.41947,0.5,0.0,0.08053,0.0,stay
0.53899,0.82209,0.0822,0.28309,0.9171,stay
0.50624,0.13639,0.07745,-0.36985,0.5463,stay
0.40578,0.536,0.4606,0.13021,0.51248,left
0.71797,0.5,0.0,-0.21797,0.0,stay
0.70837,0.32977,0.59792,-0.3786,0.81334,stay
0.6689,0.23777,0.37412,-0.43113,0.69395,stay
0.09911,0.87404,0.95467,0.77493,0.71209,stay
0.81146,0.5,0.0,-0.31146,0.0,stay
0.656,0.04878,0.74441,-0.60722,0.49946,stay
0.76161,0.04308,0.53657,-0.71853,0.68923,stay
0.85117,0.90906,0.55741,0.0579,0.95035,left
0.54192,0.35232,0.72535,-0.1896,0.9941,right
0.28037,0.19309,0.15287,-0.08728,0.86272,right
0.60139,0.70612,0.50478,0.10473,0.90342,left
0.85823,0.5,0.0,-0.35823,0.0,stay
0.10949,0.89964,0.27599,0.79015,0.84679,stay
0.83069,0.18188,0.93285,-0.64881,0.74672,stay
0.931,0.68649,0.92995,-0.24451,0.51367,stay
0.94873,0.82646,0.42627,-0.12227,0.49154,right
0.61775,0.04583,0.21842,-0.57192,0.83365,stay
0.85543,0.25207,0.80773,-0.60336,0.54137,stay
0.20933,0.59173,0.63105,0.3824,0.79244,stay
0.88142,0.40018,0.71968,-0.48125,0.81015,stay
0.54244,0.59615,0.09255,0.05371,0.57544,left
0.6152,0.47748,0.69425,-0.13772,0.49816,right
0.18353,0.04134,0.36416,-0.14218,0.7199,right
0.16112,0.96704,0.70652,0.80592,0.70262,stay
0.38321,0.87605,0.93692,0.49284,0.61249,stay
0.23996,0.34257,0.65867,0.10261,0.84983,left
0.25462,0.55971,0.44002,0.30509,0.69211,stay
0.80285,0.80135,0.86726,-0.0015,0.84621,right
0.27709,0.34721,0.29614,0.07012,0.89693,left
0.86134,0.62758,0.94699,-0.23375,0.63548,stay
0.85776,0.14571,0.13576,-0.71205,0.73469,stay
0.76813,0.44983,0.52295,-0.31829,0.56947,stay
0.38178,0.87804,0.09369,0.49626,0.53346,stay
0.20499,0.95666,0.60351,0.75167,0.54181,stay
0.71133,0.96041,0.25734,0.24907,0.7073,stay
0.89154,0.5,0.0,-0.39154,0.0,stay
0.14016,0.4595,0.69831,0.31934,0.84338,stay
0.70676,0.62124,0.98719,-0.08552,0.70569,right
0.90558,0.4618,0.21127,-0.44378,0.50753,stay
0.80967,0.89757,0.59771,0.0879,0.9714,left
0.15825,0.69993,0.1263,0.54168,0.62815,stay
0.76423,0.50424,0.1078,-0.25999,0.51228,stay
0.09028,0.16317,0.24617,0.07289,0.81106,left
0.1238,0.69968,0.44253,0.57588,0.85132,stay
0.59037,0.36055,0.57792,-0.22982,0.55126,stay
0.75871,0.5,0.0,-0.25871,0.0,stay
0.62017,0.50316,0.80587,-0.11701,0.81059,right
0.63169,0.32624,0.12126,-0.30545,0.8424,stay
0.93792,0.65777,0.70954,-0.28015,0.7435,stay
0.54629,0.20716,0.06997,-0.33913,0.89909,stay
0.86162,0.41174,0.13108,-0.44988,0.63139,stay
0.69094,0.38805,0.59739,-0.30289,0.59809,stay
0.93752,0.47375,0.28709,-0.46378,0.53259,stay
0.70107,0.7309,0.17578,0.02983,0.99066,left
0.32241,0.15977,0.82844,-0.16265,0.82585,right
0.06408,0.22372,0.1009,0.15964,0.44914,left
0.17419,0.43309,0.91802,0.2589,0.9419,stay
0.62266,0.5,0.0,-0.12266,0.0,stay
0.69362,0.73173,0.69608,0.03811,0.4666,left
0.28941,0.70229,0.41501,0.41287,0.78878,stay
0.75943,0.5,0.0,-0.25943,0.0,stay
0.90981,0.71884,0.7994,-0.19097,0.80463,right
0.67077,0.5,0.0,-0.17077,0.0,stay
0.10712,0.07626,0.21046,-0.03086,0.73522,left
0.30523,0.54447,0.13059,0.23924,0.91588,stay
0.57741,0.34637,0.3226,-0.23105,0.98624,stay
0.16648,0.33463,0.95519,0.16815,0.62841,left
0.61552,0.28316,0.65801,-0.33236,0.61777,stay
0.34396,0.46029,0.6654,0.11633,0.86886,left
0.57841,0.86047,0.12218,0.28206,0.84522,stay
0.77076,0.67131,0.35651,-0.09946,0.67905,right
0.89823,0.30642,0.03116,-0.59181,0.63993,stay
0.20027,0.14931,0.78112,-0.05095,0.5832,right
0.77848,0.03068,0.47624,-0.7478,0.94274,stay
0.50183,0.31627,0.61438,-0.18556,0.49763,right
0.5789,0.91119,0.20977,0.33229,0.69974,stay
0.69781,0.94575,0.7043,0.24794,0.69417,stay
0.49592,0.65283,0.40045,0.15691,0.86348,left
0.36847,0.15193,0.56263,-0.21654,0.72623,right
0.43442,0.16853,0.65536,-0.26589,0.55875,stay
0.08332,0.50215,0.59018,0.41884,0.92573,stay
0.36211,0.96522,0.59999,0.60312,0.43286,stay
0.72739,0.16126,0.11517,-0.56614,0.86968,stay
0.59211,0.66089,0.62827,0.06878,0.43515,left
0.80316,0.09738,0.61274,-0.70578,0.50901,stay
0.74278,0.11191,0.77633,-0.63087,0.53108,stay
0.78673,0.04026,0.26099,-0.74647,0.51211,stay
0.7565,0.19557,0.0901,-0.56093,0.44294,stay
0.62256,0.76009,0.34439,0.13753,0.51135,left
0.14227,0.5,0.0,0.35773,0.0,stay
0.4267,0.5,0.0,0.0733,0.0,stay
0.49705,0.87991,0.28619,0.38285,0.88535,stay
0.12612,0.5,0.0,0.37388,0.0,stay
0.52076,0.5,0.0,-0.02076,0.0,stay
0.11558,0.64222,0.93707,0.52665,0.47147,stay
0.35218,0.5,0.0,0.14782,0.0,stay
0.75102,0.70707,0.52447,-0.04395,0.43478,right
0.5595,0.61915,0.52227,0.05965,0.63764,left
0.41689,0.53711,0.7625,0.12022,0.84184,left
0.12847,0.61257,0.99249,0.4841,0.74921,stay
0.51014,0.56643,0.57161,0.05628,0.48374,left
0.79301,0.81482,0.73269,0.02181,0.72843,left
0.10132,0.63627,0.72549,0.53495,0.99336,stay
0.42987,0.11651,0.01304,-0.31337,0.79896,stay
0.81381,0.93912,0.12141,0.12532,0.64313,left
0.74387,0.63573,0.91688,-0.10814,0.65667,right
0.48596,0.56986,0.54168,0.08389,0.58834,left
0.64353,0.72115,0.20589,0.07762,0.47447,left
0.82417,0.20627,0.07175,-0.6179,0.74584,stay
0.74475,0.27247,0.47326,-0.47228,0.57593,stay
0.20145,0.31683,0.21671,0.11538,0.87468,left
0.11066,0.43979,0.3709,0.32913,0.85086,stay
0.18977,0.5,0.0,0.31023,0.0,stay
0.2593,0.33484,0.25322,0.07554,0.88424,left
0.59406,0.5,0.0,-0.09406,0.0,stay
0.79243,0.12665,0.29674,-0.66579,0.72158,stay
0.93195,0.28225,0.03144,-0.6497,0.96841,stay
0.52449,0.59583,0.06815,0.07134,0.44257,left
0.81753,0.84124,0.44057,0.02371,0.75102,right
0.80821,0.60899,0.65998,-0.19922,0.7518,right
0.75925,0.59916,0.65512,-0.1601,0.65482,right
0.37395,0.27067,0.76394,-0.10328,0.8996,right
0.16221,0.10884,0.16031,-0.05337,0.68611,left
0.16884,0.09509,0.11388,-0.07375,0.70272,right
0.22562,0.48906,0.8224,0.26344,0.64064,stay
0.33899,0.07657,0.37096,-0.26241,0.69559,stay
0.2673,0.68556,0.51875,0.41826,0.90334,stay
0.28908,0.38184,0.38842,0.09276,0.90585,left
0.38096,0.83213,0.95407,0.45117,0.75884,stay
0.50986,0.11985,0.75019,-0.39002,0.78546,stay
0.80267,0.64845,0.52582,-0.15422,0.82975,right
0.42117,0.38339,0.37362,-0.03778,0.60929,left
0.59847,0.4325,0.00498,-0.16597,0.58031,right
0.82434,0.09646,0.89343,-0.72789,0.61976,stay
0.78412,0.96932,0.28067,0.1852,0.91435,left
0.52898,0.39141,0.14992,-0.13757,0.78548,right
0.87163,0.68356,0.44141,-0.18806,0.63345,right
0.92451,0.20166,0.82003,-0.72286,0.93481,stay
0.07276,0.72012,0.98341,0.64736,0.79164,stay
0.55747,0.6034,0.835,0.04593,0.89027,left
0.80384,0.52244,0.01312,-0.2814,0.82239,stay
0.91945,0.55938,0.76997,-0.36007,0.86176,stay
0.6991,0.07415,0.91839,-0.62495,0.73347,stay
0.23286,0.39715,0.88454,0.16429,0.48038,left
0.09987,0.14671,0.15302,0.04684,0.52385,right
0.30047,0.5,0.0,0.19953,0.0,stay
0.24856,0.44687,0.4247,0.19831,0.56819,left
0.22429,0.82606,0.99457,0.60177,0.62949,stay
0.39055,0.71996,0.29452,0.32941,0.53129,stay
0.34122,0.15493,0.32691,-0.18629,0.98102,right
0.39974,0.69038,0.34447,0.29064,0.66111,stay
0.0798,0.04084,0.02732,-0.03896,0.80898,left
0.17193,0.74771,0.29296,0.57578,0.78701,stay
0.33007,0.86211,0.7755,0.53204,0.51402,stay
0.59007,0.9655,0.28297,0.37542,0.816,stay
0.68773,0.9505,0.00158,0.26277,0.44367,stay
0.5784,0.20314,0.1761,-0.37526,0.64229,stay
0.60018,0.58178,0.34792,-0.01839,0.91195,left
0.32827,0.65546,0.43526,0.32719,0.65852,stay
0.49625,0.18548,0.75143,-0.31077,0.61276,stay
0.59629,0.1966,0.12415,-0.39969,0.85262,stay
0.38931,0.7044,0.736,0.31509,0.64754,stay
0.35591,0.0424,0.64375,-0.3135,0.65311,stay
0.20832,0.5,0.0,0.29168,0.0,stay
0.9014,0.5,0.0,-0.4014,0.0,stay
0.75571,0.37161,0.46338,-0.3841,0.92159,stay
0.82913,0.57321,0.28856,-0.25592,0.91751,stay
0.27504,0.5,0.0,0.22496,0.0,stay
0.8027,0.11281,0.62441,-0.68989,0.84094,stay
0.84235,0.15884,0.92073,-0.68351,0.92053,stay
0.78855,0.21651,0.70646,-0.57204,0.89167,stay
0.69355,0.46987,0.94549,-0.22368,0.4903,stay
0.36705,0.70384,0.45177,0.33679,0.7141,stay
0.52363,0.58295,0.51894,0.05932,0.65503,left
0.61809,0.83352,0.11721,0.21543,0.6254,left
0.06021,0.40169,0.57266,0.34147,0.71821,stay
0.90551,0.48704,0.07845,-0.41847,0.94987,stay
0.41586,0.32397,0.09014,-0.09189,0.4753,right
0.16301,0.56415,0.44598,0.40114,0.91238,stay
0.61838,0.69868,0.80021,0.0803,0.64262,left
0.6368,0.5,0.0,-0.1368,0.0,stay
0.71401,0.45607,0.02735,-0.25794,0.4597,stay
0.68787,0.3118,0.81575,-0.37606,0.63996,stay
0.46521,0.42711,0.61313,-0.0381,0.46109,right
0.1039,0.50894,0.63067,0.40504,0.64162,stay
0.42258,0.81516,0.2728,0.39257,0.54356,stay
0.38261,0.9422,0.06312,0.55959,0.68483,stay
0.29597,0.26584,0.68,-0.03014,0.99957,right
0.6063,0.05847,0.889,-0.54783,0.74098,stay
0.56889,0.96265,0.08265,0.39375,0.82146,stay
0.35757,0.5,0.0,0.14243,0.0,stay
0.47879,0.5672,0.38605,0.08842,0.8208,left
0.7745,0.86412,0.72017,0.08962,0.97857,left
0.63306,0.34942,0.52771,-0.28363,0.82477,stay
